{"timestamp": "2026-09-15T06:46:28.224986+00:00", "level": "INFO", "logger": "collector", "message": "configuration loaded", "context": {"explicit_credentials": true, "log_format": "json"}}
{"timestamp": "2026-09-15T06:46:28.726709+00:00", "level": "INFO", "logger": "collector.runner", "message": "collector starting", "context": {"poll_interval_seconds": 10, "trade_sync_interval_seconds": 60, "explicit_credentials": true, "account_id": "753b3a50-205b-45a3-b770-885357539d54", "api_base_url": "http://localhost:8420", "candle_symbols": ["EURUSD", "XAUUSD"], "candle_timeframes": ["M5", "M15", "H1", "M30", "H4", "D1", "W1", "MN1"], "autonomous_execution_enabled": false}}
{"timestamp": "2026-09-15T06:46:28.746340+00:00", "level": "INFO", "logger": "collector.runner", "message": "connected to MT5 terminal"}
{"timestamp": "2026-09-15T06:46:30.930100+00:00", "level": "INFO", "logger": "collector.runner", "message": "symbol metadata pushed", "context": {"symbol": "EURUSD"}}
{"timestamp": "2026-09-15T06:46:31.052386+00:00", "level": "INFO", "logger": "collector.runner", "message": "symbol metadata pushed", "context": {"symbol": "XAUUSD"}}
========================================================================
CONNECTION STATUS: UP | broker link: UP | server: MetaQuotes-Demo
ACCOUNT INFO
  login:    5055783885
  server:   MetaQuotes-Demo
  currency: EUR
  balance:  50000.0
  equity:   50000.0
  margin:   0.0  free: 50000.0  level: 0.0
  profit (floating): 0.0
  leverage: 1:100
  trade_allowed: True
OPEN POSITIONS: none
BACKEND PUSH: ok
========================================================================
{"timestamp": "2026-09-15T06:46:31.201367+00:00", "level": "INFO", "logger": "collector.runner", "message": "snapshot cycle complete", "context": {"mt5_connected": true, "open_positions": 0, "push_ok": true}}
{"timestamp": "2026-09-15T06:46:31.469271+00:00", "level": "INFO", "logger": "collector.runner", "message": "trade sync pushed", "context": {"date_from": "2026-09-15T06:40:45.704000+00:00", "deals_sent": 0, "trades_created": 0, "trades_updated": 0}}
RECENT DEALS (last 90d): none
{"timestamp": "2026-09-15T06:46:31.622803+00:00", "level": "INFO", "logger": "collector.runner", "message": "candle sync (incremental)", "context": {"symbol": "EURUSD", "timeframe": "M5", "date_from": "2026-09-15T06:20:00+00:00"}}
{"timestamp": "2026-09-15T06:46:31.755819+00:00", "level": "INFO", "logger": "collector.runner", "message": "candle batch pushed", "context": {"symbol": "EURUSD", "timeframe": "M5", "batch_size": 5, "upserted": 5}}
{"timestamp": "2026-09-15T06:46:31.871803+00:00", "level": "INFO", "logger": "collector.runner", "message": "candle sync (incremental)", "context": {"symbol": "EURUSD", "timeframe": "M15", "date_from": "2026-09-15T05:30:00+00:00"}}
{"timestamp": "2026-09-15T06:46:31.996132+00:00", "level": "INFO", "logger": "collector.runner", "message": "candle batch pushed", "context": {"symbol": "EURUSD", "timeframe": "M15", "batch_size": 5, "upserted": 5}}
{"timestamp": "2026-09-15T06:46:32.131170+00:00", "level": "INFO", "logger": "collector.runner", "message": "candle sync (incremental)", "context": {"symbol": "EURUSD", "timeframe": "H1", "date_from": "2026-09-15T02:00:00+00:00"}}
{"timestamp": "2026-09-15T06:46:32.271688+00:00", "level": "INFO", "logger": "collector.runner", "message": "candle batch pushed", "context": {"symbol": "EURUSD", "timeframe": "H1", "batch_size": 4, "upserted": 4}}
{"timestamp": "2026-09-15T06:46:32.397491+00:00", "level": "INFO", "logger": "collector.runner", "message": "candle sync (incremental)", "context": {"symbol": "EURUSD", "timeframe": "M30", "date_from": "2026-09-15T04:30:00+00:00"}}
{"timestamp": "2026-09-15T06:46:32.529228+00:00", "level": "INFO", "logger": "collector.runner", "message": "candle batch pushed", "context": {"symbol": "EURUSD", "timeframe": "M30", "batch_size": 4, "upserted": 4}}
{"timestamp": "2026-09-15T06:46:32.673791+00:00", "level": "INFO", "logger": "collector.runner", "message": "candle sync (incremental)", "context": {"symbol": "EURUSD", "timeframe": "H4", "date_from": "2026-09-14T12:00:00+00:00"}}
{"timestamp": "2026-09-15T06:46:32.819575+00:00", "level": "INFO", "logger": "collector.runner", "message": "candle batch pushed", "context": {"symbol": "EURUSD", "timeframe": "H4", "batch_size": 4, "upserted": 4}}
{"timestamp": "2026-09-15T06:46:32.967116+00:00", "level": "INFO", "logger": "collector.runner", "message": "candle sync (incremental)", "context": {"symbol": "EURUSD", "timeframe": "D1", "date_from": "2026-09-11T00:00:00+00:00"}}
{"timestamp": "2026-09-15T06:46:33.098286+00:00", "level": "INFO", "logger": "collector.runner", "message": "candle batch pushed", "context": {"symbol": "EURUSD", "timeframe": "D1", "batch_size": 1, "upserted": 1}}
{"timestamp": "2026-09-15T06:46:33.237852+00:00", "level": "INFO", "logger": "collector.runner", "message": "candle sync (incremental)", "context": {"symbol": "EURUSD", "timeframe": "W1", "date_from": "2026-08-16T00:00:00+00:00"}}
{"timestamp": "2026-09-15T06:46:33.369863+00:00", "level": "INFO", "logger": "collector.runner", "message": "candle batch pushed", "context": {"symbol": "EURUSD", "timeframe": "W1", "batch_size": 3, "upserted": 3}}
{"timestamp": "2026-09-15T06:46:33.491372+00:00", "level": "INFO", "logger": "collector.runner", "message": "candle sync (incremental)", "context": {"symbol": "EURUSD", "timeframe": "MN1", "date_from": "2026-04-30T00:00:00+00:00"}}
{"timestamp": "2026-09-15T06:46:33.637840+00:00", "level": "INFO", "logger": "collector.runner", "message": "candle batch pushed", "context": {"symbol": "EURUSD", "timeframe": "MN1", "batch_size": 4, "upserted": 4}}
{"timestamp": "2026-09-15T06:46:33.791825+00:00", "level": "INFO", "logger": "collector.runner", "message": "candle sync (incremental)", "context": {"symbol": "XAUUSD", "timeframe": "M1", "date_from": "2026-09-15T06:38:00+00:00"}}
{"timestamp": "2026-09-15T06:46:33.945399+00:00", "level": "INFO", "logger": "collector.runner", "message": "candle batch pushed", "context": {"symbol": "XAUUSD", "timeframe": "M1", "batch_size": 8, "upserted": 8}}
{"timestamp": "2026-09-15T06:46:34.075844+00:00", "level": "INFO", "logger": "collector.runner", "message": "candle sync (incremental)", "context": {"symbol": "XAUUSD", "timeframe": "M5", "date_from": "2026-09-15T06:20:00+00:00"}}
{"timestamp": "2026-09-15T06:46:34.219301+00:00", "level": "INFO", "logger": "collector.runner", "message": "candle batch pushed", "context": {"symbol": "XAUUSD", "timeframe": "M5", "batch_size": 5, "upserted": 5}}
{"timestamp": "2026-09-15T06:46:34.351143+00:00", "level": "INFO", "logger": "collector.runner", "message": "candle sync (incremental)", "context": {"symbol": "XAUUSD", "timeframe": "M15", "date_from": "2026-09-15T05:30:00+00:00"}}
{"timestamp": "2026-09-15T06:46:34.492751+00:00", "level": "INFO", "logger": "collector.runner", "message": "candle batch pushed", "context": {"symbol": "XAUUSD", "timeframe": "M15", "batch_size": 5, "upserted": 5}}
{"timestamp": "2026-09-15T06:46:34.617405+00:00", "level": "INFO", "logger": "collector.runner", "message": "candle sync (incremental)", "context": {"symbol": "XAUUSD", "timeframe": "M30", "date_from": "2026-09-15T04:30:00+00:00"}}
{"timestamp": "2026-09-15T06:46:34.756304+00:00", "level": "INFO", "logger": "collector.runner", "message": "candle batch pushed", "context": {"symbol": "XAUUSD", "timeframe": "M30", "batch_size": 4, "upserted": 4}}
{"timestamp": "2026-09-15T06:46:34.950520+00:00", "level": "INFO", "logger": "collector.runner", "message": "candle sync (incremental)", "context": {"symbol": "XAUUSD", "timeframe": "H1", "date_from": "2026-09-15T02:00:00+00:00"}}
{"timestamp": "2026-09-15T06:46:35.162267+00:00", "level": "INFO", "logger": "collector.runner", "message": "candle batch pushed", "context": {"symbol": "XAUUSD", "timeframe": "H1", "batch_size": 4, "upserted": 4}}
{"timestamp": "2026-09-15T06:46:35.359427+00:00", "level": "INFO", "logger": "collector.runner", "message": "candle sync (incremental)", "context": {"symbol": "XAUUSD", "timeframe": "H4", "date_from": "2026-09-14T12:00:00+00:00"}}
{"timestamp": "2026-09-15T06:46:35.572278+00:00", "level": "INFO", "logger": "collector.runner", "message": "candle batch pushed", "context": {"symbol": "XAUUSD", "timeframe": "H4", "batch_size": 4, "upserted": 4}}
{"timestamp": "2026-09-15T06:46:35.735339+00:00", "level": "INFO", "logger": "collector.runner", "message": "candle sync (incremental)", "context": {"symbol": "XAUUSD", "timeframe": "D1", "date_from": "2026-09-11T00:00:00+00:00"}}
{"timestamp": "2026-09-15T06:46:35.925650+00:00", "level": "INFO", "logger": "collector.runner", "message": "candle batch pushed", "context": {"symbol": "XAUUSD", "timeframe": "D1", "batch_size": 1, "upserted": 1}}
{"timestamp": "2026-09-15T06:46:36.457694+00:00", "level": "INFO", "logger": "collector.runner", "message": "ongoing tick sync pushed", "context": {"symbol": "EURUSD", "row_count": 418, "inserted": 418}}
{"timestamp": "2026-09-15T06:46:37.147723+00:00", "level": "INFO", "logger": "collector.runner", "message": "ongoing tick sync pushed", "context": {"symbol": "XAUUSD", "row_count": 1211, "inserted": 1211}}
========================================================================
CONNECTION STATUS: UP | broker link: UP | server: MetaQuotes-Demo
ACCOUNT INFO
  login:    5055783885
  server:   MetaQuotes-Demo
  currency: EUR
  balance:  50000.0
  equity:   50000.0
  margin:   0.0  free: 50000.0  level: 0.0
  profit (floating): 0.0
  leverage: 1:100
  trade_allowed: True
OPEN POSITIONS: none
BACKEND PUSH: ok
========================================================================
{"timestamp": "2026-09-15T06:46:46.158411+00:00", "level": "INFO", "logger": "collector.runner", "message": "snapshot cycle complete", "context": {"mt5_connected": true, "open_positions": 0, "push_ok": true}}
========================================================================
CONNECTION STATUS: UP | broker link: UP | server: MetaQuotes-Demo
ACCOUNT INFO
  login:    5055783885
  server:   MetaQuotes-Demo
  currency: EUR
  balance:  50000.0
  equity:   50000.0
  margin:   0.0  free: 50000.0  level: 0.0
  profit (floating): 0.0
  leverage: 1:100
  trade_allowed: True
OPEN POSITIONS: none
BACKEND PUSH: ok
========================================================================
{"timestamp": "2026-09-15T06:46:56.457935+00:00", "level": "INFO", "logger": "collector.runner", "message": "snapshot cycle complete", "context": {"mt5_connected": true, "open_positions": 0, "push_ok": true}}
========================================================================
CONNECTION STATUS: UP | broker link: UP | server: MetaQuotes-Demo
ACCOUNT INFO
  login:    5055783885
  server:   MetaQuotes-Demo
  currency: EUR
  balance:  50000.0
  equity:   50000.0
  margin:   0.0  free: 50000.0  level: 0.0
  profit (floating): 0.0
  leverage: 1:100
  trade_allowed: True
OPEN POSITIONS: none
BACKEND PUSH: ok
========================================================================
{"timestamp": "2026-09-15T06:47:06.845555+00:00", "level": "INFO", "logger": "collector.runner", "message": "snapshot cycle complete", "context": {"mt5_connected": true, "open_positions": 0, "push_ok": true}}
========================================================================
CONNECTION STATUS: UP | broker link: UP | server: MetaQuotes-Demo
ACCOUNT INFO
  login:    5055783885
  server:   MetaQuotes-Demo
  currency: EUR
  balance:  50000.0
  equity:   50000.0
  margin:   0.0  free: 50000.0  level: 0.0
  profit (floating): 0.0
  leverage: 1:100
  trade_allowed: True
OPEN POSITIONS: none
BACKEND PUSH: ok
========================================================================
{"timestamp": "2026-09-15T06:47:17.051706+00:00", "level": "INFO", "logger": "collector.runner", "message": "snapshot cycle complete", "context": {"mt5_connected": true, "open_positions": 0, "push_ok": true}}
========================================================================
CONNECTION STATUS: UP | broker link: UP | server: MetaQuotes-Demo
ACCOUNT INFO
  login:    5055783885
  server:   MetaQuotes-Demo
  currency: EUR
  balance:  50000.0
  equity:   50000.0
  margin:   0.0  free: 50000.0  level: 0.0
  profit (floating): 0.0
  leverage: 1:100
  trade_allowed: True
OPEN POSITIONS: none
BACKEND PUSH: ok
========================================================================
{"timestamp": "2026-09-15T06:47:27.337852+00:00", "level": "INFO", "logger": "collector.runner", "message": "snapshot cycle complete", "context": {"mt5_connected": true, "open_positions": 0, "push_ok": true}}
========================================================================
CONNECTION STATUS: UP | broker link: UP | server: MetaQuotes-Demo
ACCOUNT INFO
  login:    5055783885
  server:   MetaQuotes-Demo
  currency: EUR
  balance:  50000.0
  equity:   50000.0
  margin:   0.0  free: 50000.0  level: 0.0
  profit (floating): 0.0
  leverage: 1:100
  trade_allowed: True
OPEN POSITIONS: none
BACKEND PUSH: ok
========================================================================
{"timestamp": "2026-09-15T06:47:37.540300+00:00", "level": "INFO", "logger": "collector.runner", "message": "snapshot cycle complete", "context": {"mt5_connected": true, "open_positions": 0, "push_ok": true}}
{"timestamp": "2026-09-15T06:47:37.841877+00:00", "level": "INFO", "logger": "collector.runner", "message": "trade sync pushed", "context": {"date_from": "2026-09-15T06:41:31.458000+00:00", "deals_sent": 0, "trades_created": 0, "trades_updated": 0}}
RECENT DEALS (last 90d): none
========================================================================
CONNECTION STATUS: UP | broker link: UP | server: MetaQuotes-Demo
ACCOUNT INFO
  login:    5055783885
  server:   MetaQuotes-Demo
  currency: EUR
  balance:  50000.0
  equity:   50000.0
  margin:   0.0  free: 50000.0  level: 0.0
  profit (floating): 0.0
  leverage: 1:100
  trade_allowed: True
OPEN POSITIONS: none
BACKEND PUSH: ok
========================================================================
{"timestamp": "2026-09-15T06:47:48.077031+00:00", "level": "INFO", "logger": "collector.runner", "message": "snapshot cycle complete", "context": {"mt5_connected": true, "open_positions": 0, "push_ok": true}}
========================================================================
CONNECTION STATUS: UP | broker link: UP | server: MetaQuotes-Demo
ACCOUNT INFO
  login:    5055783885
  server:   MetaQuotes-Demo
  currency: EUR
  balance:  50000.0
  equity:   50000.0
  margin:   0.0  free: 50000.0  level: 0.0
  profit (floating): 0.0
  leverage: 1:100
  trade_allowed: True
OPEN POSITIONS: none
BACKEND PUSH: ok
========================================================================
{"timestamp": "2026-09-15T06:47:58.256956+00:00", "level": "INFO", "logger": "collector.runner", "message": "snapshot cycle complete", "context": {"mt5_connected": true, "open_positions": 0, "push_ok": true}}
========================================================================
CONNECTION STATUS: UP | broker link: UP | server: MetaQuotes-Demo
ACCOUNT INFO
  login:    5055783885
  server:   MetaQuotes-Demo
  currency: EUR
  balance:  50000.0
  equity:   50000.0
  margin:   0.0  free: 50000.0  level: 0.0
  profit (floating): 0.0
  leverage: 1:100
  trade_allowed: True
OPEN POSITIONS: none
BACKEND PUSH: ok
========================================================================
{"timestamp": "2026-09-15T06:48:08.447881+00:00", "level": "INFO", "logger": "collector.runner", "message": "snapshot cycle complete", "context": {"mt5_connected": true, "open_positions": 0, "push_ok": true}}
========================================================================
CONNECTION STATUS: UP | broker link: UP | server: MetaQuotes-Demo
ACCOUNT INFO
  login:    5055783885
  server:   MetaQuotes-Demo
  currency: EUR
  balance:  50000.0
  equity:   50000.0
  margin:   0.0  free: 50000.0  level: 0.0
  profit (floating): 0.0
  leverage: 1:100
  trade_allowed: True
OPEN POSITIONS: none
BACKEND PUSH: ok
========================================================================
{"timestamp": "2026-09-15T06:48:18.634424+00:00", "level": "INFO", "logger": "collector.runner", "message": "snapshot cycle complete", "context": {"mt5_connected": true, "open_positions": 0, "push_ok": true}}
========================================================================
CONNECTION STATUS: UP | broker link: UP | server: MetaQuotes-Demo
ACCOUNT INFO
  login:    5055783885
  server:   MetaQuotes-Demo
  currency: EUR
  balance:  50000.0
  equity:   50000.0
  margin:   0.0  free: 50000.0  level: 0.0
  profit (floating): 0.0
  leverage: 1:100
  trade_allowed: True
OPEN POSITIONS: none
BACKEND PUSH: ok
========================================================================
{"timestamp": "2026-09-15T06:48:28.810768+00:00", "level": "INFO", "logger": "collector.runner", "message": "snapshot cycle complete", "context": {"mt5_connected": true, "open_positions": 0, "push_ok": true}}
========================================================================
CONNECTION STATUS: UP | broker link: UP | server: MetaQuotes-Demo
ACCOUNT INFO
  login:    5055783885
  server:   MetaQuotes-Demo
  currency: EUR
  balance:  50000.0
  equity:   50000.0
  margin:   0.0  free: 50000.0  level: 0.0
  profit (floating): 0.0
  leverage: 1:100
  trade_allowed: True
OPEN POSITIONS: none
BACKEND PUSH: ok
========================================================================
{"timestamp": "2026-09-15T06:48:39.047844+00:00", "level": "INFO", "logger": "collector.runner", "message": "snapshot cycle complete", "context": {"mt5_connected": true, "open_positions": 0, "push_ok": true}}
{"timestamp": "2026-09-15T06:48:39.428769+00:00", "level": "INFO", "logger": "collector.runner", "message": "trade sync pushed", "context": {"date_from": "2026-09-15T06:42:37.831000+00:00", "deals_sent": 0, "trades_created": 0, "trades_updated": 0}}
RECENT DEALS (last 90d): none
========================================================================
CONNECTION STATUS: UP | broker link: UP | server: MetaQuotes-Demo
ACCOUNT INFO
  login:    5055783885
  server:   MetaQuotes-Demo
  currency: EUR
  balance:  50000.0
  equity:   50000.0
  margin:   0.0  free: 50000.0  level: 0.0
  profit (floating): 0.0
  leverage: 1:100
  trade_allowed: True
OPEN POSITIONS: none
BACKEND PUSH: ok
========================================================================
{"timestamp": "2026-09-15T06:48:49.639159+00:00", "level": "INFO", "logger": "collector.runner", "message": "snapshot cycle complete", "context": {"mt5_connected": true, "open_positions": 0, "push_ok": true}}
========================================================================
CONNECTION STATUS: UP | broker link: UP | server: MetaQuotes-Demo
ACCOUNT INFO
  login:    5055783885
  server:   MetaQuotes-Demo
  currency: EUR
  balance:  50000.0
  equity:   50000.0
  margin:   0.0  free: 50000.0  level: 0.0
  profit (floating): 0.0
  leverage: 1:100
  trade_allowed: True
OPEN POSITIONS: none
BACKEND PUSH: ok
========================================================================
{"timestamp": "2026-09-15T06:48:59.854824+00:00", "level": "INFO", "logger": "collector.runner", "message": "snapshot cycle complete", "context": {"mt5_connected": true, "open_positions": 0, "push_ok": true}}
========================================================================
CONNECTION STATUS: UP | broker link: UP | server: MetaQuotes-Demo
ACCOUNT INFO
  login:    5055783885
  server:   MetaQuotes-Demo
  currency: EUR
  balance:  50000.0
  equity:   50000.0
  margin:   0.0  free: 50000.0  level: 0.0
  profit (floating): 0.0
  leverage: 1:100
  trade_allowed: True
OPEN POSITIONS: none
BACKEND PUSH: ok
========================================================================
{"timestamp": "2026-09-15T06:49:10.049339+00:00", "level": "INFO", "logger": "collector.runner", "message": "snapshot cycle complete", "context": {"mt5_connected": true, "open_positions": 0, "push_ok": true}}
========================================================================
CONNECTION STATUS: UP | broker link: UP | server: MetaQuotes-Demo
ACCOUNT INFO
  login:    5055783885
  server:   MetaQuotes-Demo
  currency: EUR
  balance:  50000.0
  equity:   50000.0
  margin:   0.0  free: 50000.0  level: 0.0
  profit (floating): 0.0
  leverage: 1:100
  trade_allowed: True
OPEN POSITIONS: none
BACKEND PUSH: ok
========================================================================
{"timestamp": "2026-09-15T06:49:20.221045+00:00", "level": "INFO", "logger": "collector.runner", "message": "snapshot cycle complete", "context": {"mt5_connected": true, "open_positions": 0, "push_ok": true}}
========================================================================
CONNECTION STATUS: UP | broker link: UP | server: MetaQuotes-Demo
ACCOUNT INFO
  login:    5055783885
  server:   MetaQuotes-Demo
  currency: EUR
  balance:  50000.0
  equity:   50000.0
  margin:   0.0  free: 50000.0  level: 0.0
  profit (floating): 0.0
  leverage: 1:100
  trade_allowed: True
OPEN POSITIONS: none
BACKEND PUSH: ok
========================================================================
{"timestamp": "2026-09-15T06:49:30.395541+00:00", "level": "INFO", "logger": "collector.runner", "message": "snapshot cycle complete", "context": {"mt5_connected": true, "open_positions": 0, "push_ok": true}}
========================================================================
CONNECTION STATUS: UP | broker link: UP | server: MetaQuotes-Demo
ACCOUNT INFO
  login:    5055783885
  server:   MetaQuotes-Demo
  currency: EUR
  balance:  50000.0
  equity:   50000.0
  margin:   0.0  free: 50000.0  level: 0.0
  profit (floating): 0.0
  leverage: 1:100
  trade_allowed: True
OPEN POSITIONS: none
BACKEND PUSH: ok
========================================================================
{"timestamp": "2026-09-15T06:49:40.664774+00:00", "level": "INFO", "logger": "collector.runner", "message": "snapshot cycle complete", "context": {"mt5_connected": true, "open_positions": 0, "push_ok": true}}
{"timestamp": "2026-09-15T06:49:40.945170+00:00", "level": "INFO", "logger": "collector.runner", "message": "trade sync pushed", "context": {"date_from": "2026-09-15T06:43:39.417000+00:00", "deals_sent": 0, "trades_created": 0, "trades_updated": 0}}
RECENT DEALS (last 90d): none
========================================================================
CONNECTION STATUS: UP | broker link: UP | server: MetaQuotes-Demo
ACCOUNT INFO
  login:    5055783885
  server:   MetaQuotes-Demo
  currency: EUR
  balance:  50000.0
  equity:   50000.0
  margin:   0.0  free: 50000.0  level: 0.0
  profit (floating): 0.0
  leverage: 1:100
  trade_allowed: True
OPEN POSITIONS: none
BACKEND PUSH: ok
========================================================================
{"timestamp": "2026-09-15T06:49:51.269814+00:00", "level": "INFO", "logger": "collector.runner", "message": "snapshot cycle complete", "context": {"mt5_connected": true, "open_positions": 0, "push_ok": true}}
========================================================================
CONNECTION STATUS: UP | broker link: UP | server: MetaQuotes-Demo
ACCOUNT INFO
  login:    5055783885
  server:   MetaQuotes-Demo
  currency: EUR
  balance:  50000.0
  equity:   50000.0
  margin:   0.0  free: 50000.0  level: 0.0
  profit (floating): 0.0
  leverage: 1:100
  trade_allowed: True
OPEN POSITIONS: none
BACKEND PUSH: ok
========================================================================
{"timestamp": "2026-09-15T06:50:01.533507+00:00", "level": "INFO", "logger": "collector.runner", "message": "snapshot cycle complete", "context": {"mt5_connected": true, "open_positions": 0, "push_ok": true}}
========================================================================
CONNECTION STATUS: UP | broker link: UP | server: MetaQuotes-Demo
ACCOUNT INFO
  login:    5055783885
  server:   MetaQuotes-Demo
  currency: EUR
  balance:  50000.0
  equity:   50000.0
  margin:   0.0  free: 50000.0  level: 0.0
  profit (floating): 0.0
  leverage: 1:100
  trade_allowed: True
OPEN POSITIONS: none
BACKEND PUSH: ok
========================================================================
{"timestamp": "2026-09-15T06:50:11.714247+00:00", "level": "INFO", "logger": "collector.runner", "message": "snapshot cycle complete", "context": {"mt5_connected": true, "open_positions": 0, "push_ok": true}}
========================================================================
CONNECTION STATUS: UP | broker link: UP | server: MetaQuotes-Demo
ACCOUNT INFO
  login:    5055783885
  server:   MetaQuotes-Demo
  currency: EUR
  balance:  50000.0
  equity:   50000.0
  margin:   0.0  free: 50000.0  level: 0.0
  profit (floating): 0.0
  leverage: 1:100
  trade_allowed: True
OPEN POSITIONS: none
BACKEND PUSH: ok
========================================================================
{"timestamp": "2026-09-15T06:50:21.953900+00:00", "level": "INFO", "logger": "collector.runner", "message": "snapshot cycle complete", "context": {"mt5_connected": true, "open_positions": 0, "push_ok": true}}
========================================================================
CONNECTION STATUS: UP | broker link: UP | server: MetaQuotes-Demo
ACCOUNT INFO
  login:    5055783885
  server:   MetaQuotes-Demo
  currency: EUR
  balance:  50000.0
  equity:   50000.0
  margin:   0.0  free: 50000.0  level: 0.0
  profit (floating): 0.0
  leverage: 1:100
  trade_allowed: True
OPEN POSITIONS: none
BACKEND PUSH: ok
========================================================================
{"timestamp": "2026-09-15T06:50:32.180193+00:00", "level": "INFO", "logger": "collector.runner", "message": "snapshot cycle complete", "context": {"mt5_connected": true, "open_positions": 0, "push_ok": true}}
========================================================================
CONNECTION STATUS: UP | broker link: UP | server: MetaQuotes-Demo
ACCOUNT INFO
  login:    5055783885
  server:   MetaQuotes-Demo
  currency: EUR
  balance:  50000.0
  equity:   50000.0
  margin:   0.0  free: 50000.0  level: 0.0
  profit (floating): 0.0
  leverage: 1:100
  trade_allowed: True
OPEN POSITIONS: none
BACKEND PUSH: ok
========================================================================
{"timestamp": "2026-09-15T06:50:42.399512+00:00", "level": "INFO", "logger": "collector.runner", "message": "snapshot cycle complete", "context": {"mt5_connected": true, "open_positions": 0, "push_ok": true}}
{"timestamp": "2026-09-15T06:50:42.690010+00:00", "level": "INFO", "logger": "collector.runner", "message": "trade sync pushed", "context": {"date_from": "2026-09-15T06:44:40.932000+00:00", "deals_sent": 0, "trades_created": 0, "trades_updated": 0}}
RECENT DEALS (last 90d): none
========================================================================
CONNECTION STATUS: UP | broker link: UP | server: MetaQuotes-Demo
ACCOUNT INFO
  login:    5055783885
  server:   MetaQuotes-Demo
  currency: EUR
  balance:  50000.0
  equity:   50000.0
  margin:   0.0  free: 50000.0  level: 0.0
  profit (floating): 0.0
  leverage: 1:100
  trade_allowed: True
OPEN POSITIONS: none
BACKEND PUSH: ok
========================================================================
{"timestamp": "2026-09-15T06:50:52.886716+00:00", "level": "INFO", "logger": "collector.runner", "message": "snapshot cycle complete", "context": {"mt5_connected": true, "open_positions": 0, "push_ok": true}}
========================================================================
CONNECTION STATUS: UP | broker link: UP | server: MetaQuotes-Demo
ACCOUNT INFO
  login:    5055783885
  server:   MetaQuotes-Demo
  currency: EUR
  balance:  50000.0
  equity:   50000.0
  margin:   0.0  free: 50000.0  level: 0.0
  profit (floating): 0.0
  leverage: 1:100
  trade_allowed: True
OPEN POSITIONS: none
BACKEND PUSH: ok
========================================================================
{"timestamp": "2026-09-15T06:51:03.073170+00:00", "level": "INFO", "logger": "collector.runner", "message": "snapshot cycle complete", "context": {"mt5_connected": true, "open_positions": 0, "push_ok": true}}
========================================================================
CONNECTION STATUS: UP | broker link: UP | server: MetaQuotes-Demo
ACCOUNT INFO
  login:    5055783885
  server:   MetaQuotes-Demo
  currency: EUR
  balance:  50000.0
  equity:   50000.0
  margin:   0.0  free: 50000.0  level: 0.0
  profit (floating): 0.0
  leverage: 1:100
  trade_allowed: True
OPEN POSITIONS: none
BACKEND PUSH: ok
========================================================================
{"timestamp": "2026-09-15T06:51:13.294177+00:00", "level": "INFO", "logger": "collector.runner", "message": "snapshot cycle complete", "context": {"mt5_connected": true, "open_positions": 0, "push_ok": true}}
========================================================================
CONNECTION STATUS: UP | broker link: UP | server: MetaQuotes-Demo
ACCOUNT INFO
  login:    5055783885
  server:   MetaQuotes-Demo
  currency: EUR
  balance:  50000.0
  equity:   50000.0
  margin:   0.0  free: 50000.0  level: 0.0
  profit (floating): 0.0
  leverage: 1:100
  trade_allowed: True
OPEN POSITIONS: none
BACKEND PUSH: ok
========================================================================
{"timestamp": "2026-09-15T06:51:23.511464+00:00", "level": "INFO", "logger": "collector.runner", "message": "snapshot cycle complete", "context": {"mt5_connected": true, "open_positions": 0, "push_ok": true}}
========================================================================
CONNECTION STATUS: UP | broker link: UP | server: MetaQuotes-Demo
ACCOUNT INFO
  login:    5055783885
  server:   MetaQuotes-Demo
  currency: EUR
  balance:  50000.0
  equity:   50000.0
  margin:   0.0  free: 50000.0  level: 0.0
  profit (floating): 0.0
  leverage: 1:100
  trade_allowed: True
OPEN POSITIONS: none
BACKEND PUSH: ok
========================================================================
{"timestamp": "2026-09-15T06:51:33.744597+00:00", "level": "INFO", "logger": "collector.runner", "message": "snapshot cycle complete", "context": {"mt5_connected": true, "open_positions": 0, "push_ok": true}}
========================================================================
CONNECTION STATUS: UP | broker link: UP | server: MetaQuotes-Demo
ACCOUNT INFO
  login:    5055783885
  server:   MetaQuotes-Demo
  currency: EUR
  balance:  50000.0
  equity:   50000.0
  margin:   0.0  free: 50000.0  level: 0.0
  profit (floating): 0.0
  leverage: 1:100
  trade_allowed: True
OPEN POSITIONS: none
BACKEND PUSH: ok
========================================================================
{"timestamp": "2026-09-15T06:51:43.954037+00:00", "level": "INFO", "logger": "collector.runner", "message": "snapshot cycle complete", "context": {"mt5_connected": true, "open_positions": 0, "push_ok": true}}
{"timestamp": "2026-09-15T06:51:44.307484+00:00", "level": "INFO", "logger": "collector.runner", "message": "trade sync pushed", "context": {"date_from": "2026-09-15T06:45:42.679000+00:00", "deals_sent": 0, "trades_created": 0, "trades_updated": 0}}
RECENT DEALS (last 90d): none
{"timestamp": "2026-09-15T06:51:44.453814+00:00", "level": "INFO", "logger": "collector.runner", "message": "candle sync (incremental)", "context": {"symbol": "EURUSD", "timeframe": "M5", "date_from": "2026-09-15T09:25:00+00:00"}}
{"timestamp": "2026-09-15T06:51:44.592112+00:00", "level": "INFO", "logger": "collector.runner", "message": "candle sync (incremental)", "context": {"symbol": "EURUSD", "timeframe": "M15", "date_from": "2026-09-15T08:45:00+00:00"}}
{"timestamp": "2026-09-15T06:51:44.741699+00:00", "level": "INFO", "logger": "collector.runner", "message": "candle sync (incremental)", "context": {"symbol": "EURUSD", "timeframe": "H1", "date_from": "2026-09-15T05:00:00+00:00"}}
{"timestamp": "2026-09-15T06:51:44.874054+00:00", "level": "INFO", "logger": "collector.runner", "message": "candle batch pushed", "context": {"symbol": "EURUSD", "timeframe": "H1", "batch_size": 1, "upserted": 1}}
{"timestamp": "2026-09-15T06:51:44.990358+00:00", "level": "INFO", "logger": "collector.runner", "message": "candle sync (incremental)", "context": {"symbol": "EURUSD", "timeframe": "M30", "date_from": "2026-09-15T07:30:00+00:00"}}
{"timestamp": "2026-09-15T06:51:45.133706+00:00", "level": "INFO", "logger": "collector.runner", "message": "candle sync (incremental)", "context": {"symbol": "EURUSD", "timeframe": "H4", "date_from": "2026-09-14T16:00:00+00:00"}}
{"timestamp": "2026-09-15T06:51:45.309774+00:00", "level": "INFO", "logger": "collector.runner", "message": "candle batch pushed", "context": {"symbol": "EURUSD", "timeframe": "H4", "batch_size": 3, "upserted": 3}}
{"timestamp": "2026-09-15T06:51:45.478372+00:00", "level": "INFO", "logger": "collector.runner", "message": "candle sync (incremental)", "context": {"symbol": "EURUSD", "timeframe": "D1", "date_from": "2026-09-11T00:00:00+00:00"}}
{"timestamp": "2026-09-15T06:51:45.678190+00:00", "level": "INFO", "logger": "collector.runner", "message": "candle batch pushed", "context": {"symbol": "EURUSD", "timeframe": "D1", "batch_size": 1, "upserted": 1}}
{"timestamp": "2026-09-15T06:51:45.875485+00:00", "level": "INFO", "logger": "collector.runner", "message": "candle sync (incremental)", "context": {"symbol": "EURUSD", "timeframe": "W1", "date_from": "2026-08-16T00:00:00+00:00"}}
{"timestamp": "2026-09-15T06:51:46.037883+00:00", "level": "INFO", "logger": "collector.runner", "message": "candle batch pushed", "context": {"symbol": "EURUSD", "timeframe": "W1", "batch_size": 3, "upserted": 3}}
{"timestamp": "2026-09-15T06:51:46.151263+00:00", "level": "INFO", "logger": "collector.runner", "message": "candle sync (incremental)", "context": {"symbol": "EURUSD", "timeframe": "MN1", "date_from": "2026-04-30T00:00:00+00:00"}}
{"timestamp": "2026-09-15T06:51:46.271918+00:00", "level": "INFO", "logger": "collector.runner", "message": "candle batch pushed", "context": {"symbol": "EURUSD", "timeframe": "MN1", "batch_size": 4, "upserted": 4}}
{"timestamp": "2026-09-15T06:51:46.560415+00:00", "level": "INFO", "logger": "collector.runner", "message": "candle sync (incremental)", "context": {"symbol": "XAUUSD", "timeframe": "M1", "date_from": "2026-09-15T09:42:00+00:00"}}
{"timestamp": "2026-09-15T06:51:46.696931+00:00", "level": "INFO", "logger": "collector.runner", "message": "candle sync (incremental)", "context": {"symbol": "XAUUSD", "timeframe": "M5", "date_from": "2026-09-15T09:25:00+00:00"}}
{"timestamp": "2026-09-15T06:51:46.818940+00:00", "level": "INFO", "logger": "collector.runner", "message": "candle sync (incremental)", "context": {"symbol": "XAUUSD", "timeframe": "M15", "date_from": "2026-09-15T08:45:00+00:00"}}
{"timestamp": "2026-09-15T06:51:46.934112+00:00", "level": "INFO", "logger": "collector.runner", "message": "candle sync (incremental)", "context": {"symbol": "XAUUSD", "timeframe": "M30", "date_from": "2026-09-15T07:30:00+00:00"}}
{"timestamp": "2026-09-15T06:51:47.064371+00:00", "level": "INFO", "logger": "collector.runner", "message": "candle sync (incremental)", "context": {"symbol": "XAUUSD", "timeframe": "H1", "date_from": "2026-09-15T05:00:00+00:00"}}
{"timestamp": "2026-09-15T06:51:47.202547+00:00", "level": "INFO", "logger": "collector.runner", "message": "candle batch pushed", "context": {"symbol": "XAUUSD", "timeframe": "H1", "batch_size": 1, "upserted": 1}}
{"timestamp": "2026-09-15T06:51:47.320913+00:00", "level": "INFO", "logger": "collector.runner", "message": "candle sync (incremental)", "context": {"symbol": "XAUUSD", "timeframe": "H4", "date_from": "2026-09-14T16:00:00+00:00"}}
{"timestamp": "2026-09-15T06:51:47.435525+00:00", "level": "INFO", "logger": "collector.runner", "message": "candle batch pushed", "context": {"symbol": "XAUUSD", "timeframe": "H4", "batch_size": 3, "upserted": 3}}
{"timestamp": "2026-09-15T06:51:47.632294+00:00", "level": "INFO", "logger": "collector.runner", "message": "candle sync (incremental)", "context": {"symbol": "XAUUSD", "timeframe": "D1", "date_from": "2026-09-11T00:00:00+00:00"}}
{"timestamp": "2026-09-15T06:51:47.774425+00:00", "level": "INFO", "logger": "collector.runner", "message": "candle batch pushed", "context": {"symbol": "XAUUSD", "timeframe": "D1", "batch_size": 1, "upserted": 1}}
{"timestamp": "2026-09-15T06:51:48.096935+00:00", "level": "INFO", "logger": "collector.runner", "message": "ongoing tick sync pushed", "context": {"symbol": "EURUSD", "row_count": 483, "inserted": 440}}
{"timestamp": "2026-09-15T06:51:48.921855+00:00", "level": "INFO", "logger": "collector.runner", "message": "ongoing tick sync pushed", "context": {"symbol": "XAUUSD", "row_count": 1292, "inserted": 1182}}
========================================================================
CONNECTION STATUS: UP | broker link: UP | server: MetaQuotes-Demo
ACCOUNT INFO
  login:    5055783885
  server:   MetaQuotes-Demo
  currency: EUR
  balance:  50000.0
  equity:   50000.0
  margin:   0.0  free: 50000.0  level: 0.0
  profit (floating): 0.0
  leverage: 1:100
  trade_allowed: True
OPEN POSITIONS: none
BACKEND PUSH: ok
========================================================================
{"timestamp": "2026-09-15T06:51:58.013562+00:00", "level": "INFO", "logger": "collector.runner", "message": "snapshot cycle complete", "context": {"mt5_connected": true, "open_positions": 0, "push_ok": true}}
========================================================================
CONNECTION STATUS: UP | broker link: UP | server: MetaQuotes-Demo
ACCOUNT INFO
  login:    5055783885
  server:   MetaQuotes-Demo
  currency: EUR
  balance:  50000.0
  equity:   50000.0
  margin:   0.0  free: 50000.0  level: 0.0
  profit (floating): 0.0
  leverage: 1:100
  trade_allowed: True
OPEN POSITIONS: none
BACKEND PUSH: ok
========================================================================
{"timestamp": "2026-09-15T06:52:08.308620+00:00", "level": "INFO", "logger": "collector.runner", "message": "snapshot cycle complete", "context": {"mt5_connected": true, "open_positions": 0, "push_ok": true}}
========================================================================
CONNECTION STATUS: UP | broker link: UP | server: MetaQuotes-Demo
ACCOUNT INFO
  login:    5055783885
  server:   MetaQuotes-Demo
  currency: EUR
  balance:  50000.0
  equity:   50000.0
  margin:   0.0  free: 50000.0  level: 0.0
  profit (floating): 0.0
  leverage: 1:100
  trade_allowed: True
OPEN POSITIONS: none
BACKEND PUSH: ok
========================================================================
{"timestamp": "2026-09-15T06:52:18.575240+00:00", "level": "INFO", "logger": "collector.runner", "message": "snapshot cycle complete", "context": {"mt5_connected": true, "open_positions": 0, "push_ok": true}}
========================================================================
CONNECTION STATUS: UP | broker link: UP | server: MetaQuotes-Demo
ACCOUNT INFO
  login:    5055783885
  server:   MetaQuotes-Demo
  currency: EUR
  balance:  50000.0
  equity:   50000.0
  margin:   0.0  free: 50000.0  level: 0.0
  profit (floating): 0.0
  leverage: 1:100
  trade_allowed: True
OPEN POSITIONS: none
BACKEND PUSH: ok
========================================================================
{"timestamp": "2026-09-15T06:52:28.773126+00:00", "level": "INFO", "logger": "collector.runner", "message": "snapshot cycle complete", "context": {"mt5_connected": true, "open_positions": 0, "push_ok": true}}
========================================================================
CONNECTION STATUS: UP | broker link: UP | server: MetaQuotes-Demo
ACCOUNT INFO
  login:    5055783885
  server:   MetaQuotes-Demo
  currency: EUR
  balance:  50000.0
  equity:   50000.0
  margin:   0.0  free: 50000.0  level: 0.0
  profit (floating): 0.0
  leverage: 1:100
  trade_allowed: True
OPEN POSITIONS: none
BACKEND PUSH: ok
========================================================================
{"timestamp": "2026-09-15T06:52:39.008316+00:00", "level": "INFO", "logger": "collector.runner", "message": "snapshot cycle complete", "context": {"mt5_connected": true, "open_positions": 0, "push_ok": true}}
========================================================================
CONNECTION STATUS: UP | broker link: UP | server: MetaQuotes-Demo
ACCOUNT INFO
  login:    5055783885
  server:   MetaQuotes-Demo
  currency: EUR
  balance:  50000.0
  equity:   50000.0
  margin:   0.0  free: 50000.0  level: 0.0
  profit (floating): 0.0
  leverage: 1:100
  trade_allowed: True
OPEN POSITIONS: none
BACKEND PUSH: ok
========================================================================
{"timestamp": "2026-09-15T06:52:49.194440+00:00", "level": "INFO", "logger": "collector.runner", "message": "snapshot cycle complete", "context": {"mt5_connected": true, "open_positions": 0, "push_ok": true}}
{"timestamp": "2026-09-15T06:52:49.506615+00:00", "level": "INFO", "logger": "collector.runner", "message": "trade sync pushed", "context": {"date_from": "2026-09-15T06:46:44.297000+00:00", "deals_sent": 0, "trades_created": 0, "trades_updated": 0}}
RECENT DEALS (last 90d): none
========================================================================
CONNECTION STATUS: UP | broker link: UP | server: MetaQuotes-Demo
ACCOUNT INFO
  login:    5055783885
  server:   MetaQuotes-Demo
  currency: EUR
  balance:  50000.0
  equity:   50000.0
  margin:   0.0  free: 50000.0  level: 0.0
  profit (floating): 0.0
  leverage: 1:100
  trade_allowed: True
OPEN POSITIONS: none
BACKEND PUSH: ok
========================================================================
{"timestamp": "2026-09-15T06:52:59.705196+00:00", "level": "INFO", "logger": "collector.runner", "message": "snapshot cycle complete", "context": {"mt5_connected": true, "open_positions": 0, "push_ok": true}}
========================================================================
CONNECTION STATUS: UP | broker link: UP | server: MetaQuotes-Demo
ACCOUNT INFO
  login:    5055783885
  server:   MetaQuotes-Demo
  currency: EUR
  balance:  50000.0
  equity:   50000.0
  margin:   0.0  free: 50000.0  level: 0.0
  profit (floating): 0.0
  leverage: 1:100
  trade_allowed: True
OPEN POSITIONS: none
BACKEND PUSH: ok
========================================================================
{"timestamp": "2026-09-15T06:53:09.918139+00:00", "level": "INFO", "logger": "collector.runner", "message": "snapshot cycle complete", "context": {"mt5_connected": true, "open_positions": 0, "push_ok": true}}
========================================================================
CONNECTION STATUS: UP | broker link: UP | server: MetaQuotes-Demo
ACCOUNT INFO
  login:    5055783885
  server:   MetaQuotes-Demo
  currency: EUR
  balance:  50000.0
  equity:   50000.0
  margin:   0.0  free: 50000.0  level: 0.0
  profit (floating): 0.0
  leverage: 1:100
  trade_allowed: True
OPEN POSITIONS: none
BACKEND PUSH: ok
========================================================================
{"timestamp": "2026-09-15T06:53:20.143259+00:00", "level": "INFO", "logger": "collector.runner", "message": "snapshot cycle complete", "context": {"mt5_connected": true, "open_positions": 0, "push_ok": true}}
========================================================================
CONNECTION STATUS: UP | broker link: UP | server: MetaQuotes-Demo
ACCOUNT INFO
  login:    5055783885
  server:   MetaQuotes-Demo
  currency: EUR
  balance:  50000.0
  equity:   50000.0
  margin:   0.0  free: 50000.0  level: 0.0
  profit (floating): 0.0
  leverage: 1:100
  trade_allowed: True
OPEN POSITIONS: none
BACKEND PUSH: ok
========================================================================
{"timestamp": "2026-09-15T06:53:30.361317+00:00", "level": "INFO", "logger": "collector.runner", "message": "snapshot cycle complete", "context": {"mt5_connected": true, "open_positions": 0, "push_ok": true}}
========================================================================
CONNECTION STATUS: UP | broker link: UP | server: MetaQuotes-Demo
ACCOUNT INFO
  login:    5055783885
  server:   MetaQuotes-Demo
  currency: EUR
  balance:  50000.0
  equity:   50000.0
  margin:   0.0  free: 50000.0  level: 0.0
  profit (floating): 0.0
  leverage: 1:100
  trade_allowed: True
OPEN POSITIONS: none
BACKEND PUSH: ok
========================================================================
{"timestamp": "2026-09-15T06:53:40.575191+00:00", "level": "INFO", "logger": "collector.runner", "message": "snapshot cycle complete", "context": {"mt5_connected": true, "open_positions": 0, "push_ok": true}}
========================================================================
CONNECTION STATUS: UP | broker link: UP | server: MetaQuotes-Demo
ACCOUNT INFO
  login:    5055783885
  server:   MetaQuotes-Demo
  currency: EUR
  balance:  50000.0
  equity:   50000.0
  margin:   0.0  free: 50000.0  level: 0.0
  profit (floating): 0.0
  leverage: 1:100
  trade_allowed: True
OPEN POSITIONS: none
BACKEND PUSH: ok
========================================================================
{"timestamp": "2026-09-15T06:53:50.816870+00:00", "level": "INFO", "logger": "collector.runner", "message": "snapshot cycle complete", "context": {"mt5_connected": true, "open_positions": 0, "push_ok": true}}
{"timestamp": "2026-09-15T06:53:51.133641+00:00", "level": "INFO", "logger": "collector.runner", "message": "trade sync pushed", "context": {"date_from": "2026-09-15T06:47:49.494000+00:00", "deals_sent": 0, "trades_created": 0, "trades_updated": 0}}
RECENT DEALS (last 90d): none
========================================================================
CONNECTION STATUS: UP | broker link: UP | server: MetaQuotes-Demo
ACCOUNT INFO
  login:    5055783885
  server:   MetaQuotes-Demo
  currency: EUR
  balance:  50000.0
  equity:   50000.0
  margin:   0.0  free: 50000.0  level: 0.0
  profit (floating): 0.0
  leverage: 1:100
  trade_allowed: True
OPEN POSITIONS: none
BACKEND PUSH: ok
========================================================================
{"timestamp": "2026-09-15T06:54:01.301439+00:00", "level": "INFO", "logger": "collector.runner", "message": "snapshot cycle complete", "context": {"mt5_connected": true, "open_positions": 0, "push_ok": true}}
========================================================================
CONNECTION STATUS: UP | broker link: UP | server: MetaQuotes-Demo
ACCOUNT INFO
  login:    5055783885
  server:   MetaQuotes-Demo
  currency: EUR
  balance:  50000.0
  equity:   50000.0
  margin:   0.0  free: 50000.0  level: 0.0
  profit (floating): 0.0
  leverage: 1:100
  trade_allowed: True
OPEN POSITIONS: none
BACKEND PUSH: ok
========================================================================
{"timestamp": "2026-09-15T06:54:11.496005+00:00", "level": "INFO", "logger": "collector.runner", "message": "snapshot cycle complete", "context": {"mt5_connected": true, "open_positions": 0, "push_ok": true}}
========================================================================
CONNECTION STATUS: UP | broker link: UP | server: MetaQuotes-Demo
ACCOUNT INFO
  login:    5055783885
  server:   MetaQuotes-Demo
  currency: EUR
  balance:  50000.0
  equity:   50000.0
  margin:   0.0  free: 50000.0  level: 0.0
  profit (floating): 0.0
  leverage: 1:100
  trade_allowed: True
OPEN POSITIONS: none
BACKEND PUSH: ok
========================================================================
{"timestamp": "2026-09-15T06:54:21.712641+00:00", "level": "INFO", "logger": "collector.runner", "message": "snapshot cycle complete", "context": {"mt5_connected": true, "open_positions": 0, "push_ok": true}}
========================================================================
CONNECTION STATUS: UP | broker link: UP | server: MetaQuotes-Demo
ACCOUNT INFO
  login:    5055783885
  server:   MetaQuotes-Demo
  currency: EUR
  balance:  50000.0
  equity:   50000.0
  margin:   0.0  free: 50000.0  level: 0.0
  profit (floating): 0.0
  leverage: 1:100
  trade_allowed: True
OPEN POSITIONS: none
BACKEND PUSH: ok
========================================================================
{"timestamp": "2026-09-15T06:54:31.938710+00:00", "level": "INFO", "logger": "collector.runner", "message": "snapshot cycle complete", "context": {"mt5_connected": true, "open_positions": 0, "push_ok": true}}
========================================================================
CONNECTION STATUS: UP | broker link: UP | server: MetaQuotes-Demo
ACCOUNT INFO
  login:    5055783885
  server:   MetaQuotes-Demo
  currency: EUR
  balance:  50000.0
  equity:   50000.0
  margin:   0.0  free: 50000.0  level: 0.0
  profit (floating): 0.0
  leverage: 1:100
  trade_allowed: True
OPEN POSITIONS: none
BACKEND PUSH: ok
========================================================================
{"timestamp": "2026-09-15T06:54:42.136977+00:00", "level": "INFO", "logger": "collector.runner", "message": "snapshot cycle complete", "context": {"mt5_connected": true, "open_positions": 0, "push_ok": true}}
========================================================================
CONNECTION STATUS: UP | broker link: UP | server: MetaQuotes-Demo
ACCOUNT INFO
  login:    5055783885
  server:   MetaQuotes-Demo
  currency: EUR
  balance:  50000.0
  equity:   50000.0
  margin:   0.0  free: 50000.0  level: 0.0
  profit (floating): 0.0
  leverage: 1:100
  trade_allowed: True
OPEN POSITIONS: none
BACKEND PUSH: ok
========================================================================
{"timestamp": "2026-09-15T06:54:52.307164+00:00", "level": "INFO", "logger": "collector.runner", "message": "snapshot cycle complete", "context": {"mt5_connected": true, "open_positions": 0, "push_ok": true}}
{"timestamp": "2026-09-15T06:54:52.583156+00:00", "level": "INFO", "logger": "collector.runner", "message": "trade sync pushed", "context": {"date_from": "2026-09-15T06:48:51.123000+00:00", "deals_sent": 0, "trades_created": 0, "trades_updated": 0}}
RECENT DEALS (last 90d): none
========================================================================
CONNECTION STATUS: UP | broker link: UP | server: MetaQuotes-Demo
ACCOUNT INFO
  login:    5055783885
  server:   MetaQuotes-Demo
  currency: EUR
  balance:  50000.0
  equity:   50000.0
  margin:   0.0  free: 50000.0  level: 0.0
  profit (floating): 0.0
  leverage: 1:100
  trade_allowed: True
OPEN POSITIONS: none
BACKEND PUSH: ok
========================================================================
{"timestamp": "2026-09-15T06:55:02.785383+00:00", "level": "INFO", "logger": "collector.runner", "message": "snapshot cycle complete", "context": {"mt5_connected": true, "open_positions": 0, "push_ok": true}}
========================================================================
CONNECTION STATUS: UP | broker link: UP | server: MetaQuotes-Demo
ACCOUNT INFO
  login:    5055783885
  server:   MetaQuotes-Demo
  currency: EUR
  balance:  50000.0
  equity:   50000.0
  margin:   0.0  free: 50000.0  level: 0.0
  profit (floating): 0.0
  leverage: 1:100
  trade_allowed: True
OPEN POSITIONS: none
BACKEND PUSH: ok
========================================================================
{"timestamp": "2026-09-15T06:55:12.963065+00:00", "level": "INFO", "logger": "collector.runner", "message": "snapshot cycle complete", "context": {"mt5_connected": true, "open_positions": 0, "push_ok": true}}
========================================================================
CONNECTION STATUS: UP | broker link: UP | server: MetaQuotes-Demo
ACCOUNT INFO
  login:    5055783885
  server:   MetaQuotes-Demo
  currency: EUR
  balance:  50000.0
  equity:   50000.0
  margin:   0.0  free: 50000.0  level: 0.0
  profit (floating): 0.0
  leverage: 1:100
  trade_allowed: True
OPEN POSITIONS: none
BACKEND PUSH: ok
========================================================================
{"timestamp": "2026-09-15T06:55:23.144688+00:00", "level": "INFO", "logger": "collector.runner", "message": "snapshot cycle complete", "context": {"mt5_connected": true, "open_positions": 0, "push_ok": true}}
========================================================================
CONNECTION STATUS: UP | broker link: UP | server: MetaQuotes-Demo
ACCOUNT INFO
  login:    5055783885
  server:   MetaQuotes-Demo
  currency: EUR
  balance:  50000.0
  equity:   50000.0
  margin:   0.0  free: 50000.0  level: 0.0
  profit (floating): 0.0
  leverage: 1:100
  trade_allowed: True
OPEN POSITIONS: none
BACKEND PUSH: ok
========================================================================
{"timestamp": "2026-09-15T06:55:33.342246+00:00", "level": "INFO", "logger": "collector.runner", "message": "snapshot cycle complete", "context": {"mt5_connected": true, "open_positions": 0, "push_ok": true}}
========================================================================
CONNECTION STATUS: UP | broker link: UP | server: MetaQuotes-Demo
ACCOUNT INFO
  login:    5055783885
  server:   MetaQuotes-Demo
  currency: EUR
  balance:  50000.0
  equity:   50000.0
  margin:   0.0  free: 50000.0  level: 0.0
  profit (floating): 0.0
  leverage: 1:100
  trade_allowed: True
OPEN POSITIONS: none
BACKEND PUSH: ok
========================================================================
{"timestamp": "2026-09-15T06:55:43.536052+00:00", "level": "INFO", "logger": "collector.runner", "message": "snapshot cycle complete", "context": {"mt5_connected": true, "open_positions": 0, "push_ok": true}}
========================================================================
CONNECTION STATUS: UP | broker link: UP | server: MetaQuotes-Demo
ACCOUNT INFO
  login:    5055783885
  server:   MetaQuotes-Demo
  currency: EUR
  balance:  50000.0
  equity:   50000.0
  margin:   0.0  free: 50000.0  level: 0.0
  profit (floating): 0.0
  leverage: 1:100
  trade_allowed: True
OPEN POSITIONS: none
BACKEND PUSH: ok
========================================================================
{"timestamp": "2026-09-15T06:55:53.761754+00:00", "level": "INFO", "logger": "collector.runner", "message": "snapshot cycle complete", "context": {"mt5_connected": true, "open_positions": 0, "push_ok": true}}
{"timestamp": "2026-09-15T06:55:54.078262+00:00", "level": "INFO", "logger": "collector.runner", "message": "trade sync pushed", "context": {"date_from": "2026-09-15T06:49:52.574000+00:00", "deals_sent": 0, "trades_created": 0, "trades_updated": 0}}
RECENT DEALS (last 90d): none
========================================================================
CONNECTION STATUS: UP | broker link: UP | server: MetaQuotes-Demo
ACCOUNT INFO
  login:    5055783885
  server:   MetaQuotes-Demo
  currency: EUR
  balance:  50000.0
  equity:   50000.0
  margin:   0.0  free: 50000.0  level: 0.0
  profit (floating): 0.0
  leverage: 1:100
  trade_allowed: True
OPEN POSITIONS: none
BACKEND PUSH: ok
========================================================================
{"timestamp": "2026-09-15T06:56:04.267480+00:00", "level": "INFO", "logger": "collector.runner", "message": "snapshot cycle complete", "context": {"mt5_connected": true, "open_positions": 0, "push_ok": true}}
========================================================================
CONNECTION STATUS: UP | broker link: UP | server: MetaQuotes-Demo
ACCOUNT INFO
  login:    5055783885
  server:   MetaQuotes-Demo
  currency: EUR
  balance:  50000.0
  equity:   50000.0
  margin:   0.0  free: 50000.0  level: 0.0
  profit (floating): 0.0
  leverage: 1:100
  trade_allowed: True
OPEN POSITIONS: none
BACKEND PUSH: ok
========================================================================
{"timestamp": "2026-09-15T06:56:14.459371+00:00", "level": "INFO", "logger": "collector.runner", "message": "snapshot cycle complete", "context": {"mt5_connected": true, "open_positions": 0, "push_ok": true}}
========================================================================
CONNECTION STATUS: UP | broker link: UP | server: MetaQuotes-Demo
ACCOUNT INFO
  login:    5055783885
  server:   MetaQuotes-Demo
  currency: EUR
  balance:  50000.0
  equity:   50000.0
  margin:   0.0  free: 50000.0  level: 0.0
  profit (floating): 0.0
  leverage: 1:100
  trade_allowed: True
OPEN POSITIONS: none
BACKEND PUSH: ok
========================================================================
{"timestamp": "2026-09-15T06:56:24.648089+00:00", "level": "INFO", "logger": "collector.runner", "message": "snapshot cycle complete", "context": {"mt5_connected": true, "open_positions": 0, "push_ok": true}}
========================================================================
CONNECTION STATUS: UP | broker link: UP | server: MetaQuotes-Demo
ACCOUNT INFO
  login:    5055783885
  server:   MetaQuotes-Demo
  currency: EUR
  balance:  50000.0
  equity:   50000.0
  margin:   0.0  free: 50000.0  level: 0.0
  profit (floating): 0.0
  leverage: 1:100
  trade_allowed: True
OPEN POSITIONS: none
BACKEND PUSH: ok
========================================================================
{"timestamp": "2026-09-15T06:56:34.823026+00:00", "level": "INFO", "logger": "collector.runner", "message": "snapshot cycle complete", "context": {"mt5_connected": true, "open_positions": 0, "push_ok": true}}
========================================================================
CONNECTION STATUS: UP | broker link: UP | server: MetaQuotes-Demo
ACCOUNT INFO
  login:    5055783885
  server:   MetaQuotes-Demo
  currency: EUR
  balance:  50000.0
  equity:   50000.0
  margin:   0.0  free: 50000.0  level: 0.0
  profit (floating): 0.0
  leverage: 1:100
  trade_allowed: True
OPEN POSITIONS: none
BACKEND PUSH: ok
========================================================================
{"timestamp": "2026-09-15T06:56:45.039001+00:00", "level": "INFO", "logger": "collector.runner", "message": "snapshot cycle complete", "context": {"mt5_connected": true, "open_positions": 0, "push_ok": true}}
========================================================================
CONNECTION STATUS: UP | broker link: UP | server: MetaQuotes-Demo
ACCOUNT INFO
  login:    5055783885
  server:   MetaQuotes-Demo
  currency: EUR
  balance:  50000.0
  equity:   50000.0
  margin:   0.0  free: 50000.0  level: 0.0
  profit (floating): 0.0
  leverage: 1:100
  trade_allowed: True
OPEN POSITIONS: none
BACKEND PUSH: ok
========================================================================
{"timestamp": "2026-09-15T06:56:55.246207+00:00", "level": "INFO", "logger": "collector.runner", "message": "snapshot cycle complete", "context": {"mt5_connected": true, "open_positions": 0, "push_ok": true}}
{"timestamp": "2026-09-15T06:56:55.587346+00:00", "level": "INFO", "logger": "collector.runner", "message": "trade sync pushed", "context": {"date_from": "2026-09-15T06:50:54.066000+00:00", "deals_sent": 0, "trades_created": 0, "trades_updated": 0}}
RECENT DEALS (last 90d): none
{"timestamp": "2026-09-15T06:56:55.806293+00:00", "level": "INFO", "logger": "collector.runner", "message": "candle sync (incremental)", "context": {"symbol": "EURUSD", "timeframe": "M5", "date_from": "2026-09-15T09:25:00+00:00"}}
{"timestamp": "2026-09-15T06:56:56.210059+00:00", "level": "INFO", "logger": "collector.runner", "message": "candle sync (incremental)", "context": {"symbol": "EURUSD", "timeframe": "M15", "date_from": "2026-09-15T08:45:00+00:00"}}
{"timestamp": "2026-09-15T06:56:56.455240+00:00", "level": "INFO", "logger": "collector.runner", "message": "candle sync (incremental)", "context": {"symbol": "EURUSD", "timeframe": "H1", "date_from": "2026-09-15T05:00:00+00:00"}}
{"timestamp": "2026-09-15T06:56:56.601970+00:00", "level": "INFO", "logger": "collector.runner", "message": "candle batch pushed", "context": {"symbol": "EURUSD", "timeframe": "H1", "batch_size": 1, "upserted": 1}}
{"timestamp": "2026-09-15T06:56:56.746778+00:00", "level": "INFO", "logger": "collector.runner", "message": "candle sync (incremental)", "context": {"symbol": "EURUSD", "timeframe": "M30", "date_from": "2026-09-15T07:30:00+00:00"}}
{"timestamp": "2026-09-15T06:56:56.879655+00:00", "level": "INFO", "logger": "collector.runner", "message": "candle sync (incremental)", "context": {"symbol": "EURUSD", "timeframe": "H4", "date_from": "2026-09-14T16:00:00+00:00"}}
{"timestamp": "2026-09-15T06:56:57.021665+00:00", "level": "INFO", "logger": "collector.runner", "message": "candle batch pushed", "context": {"symbol": "EURUSD", "timeframe": "H4", "batch_size": 3, "upserted": 3}}
{"timestamp": "2026-09-15T06:56:57.159608+00:00", "level": "INFO", "logger": "collector.runner", "message": "candle sync (incremental)", "context": {"symbol": "EURUSD", "timeframe": "D1", "date_from": "2026-09-11T00:00:00+00:00"}}
{"timestamp": "2026-09-15T06:56:57.295601+00:00", "level": "INFO", "logger": "collector.runner", "message": "candle batch pushed", "context": {"symbol": "EURUSD", "timeframe": "D1", "batch_size": 1, "upserted": 1}}
{"timestamp": "2026-09-15T06:56:57.447201+00:00", "level": "INFO", "logger": "collector.runner", "message": "candle sync (incremental)", "context": {"symbol": "EURUSD", "timeframe": "W1", "date_from": "2026-08-16T00:00:00+00:00"}}
{"timestamp": "2026-09-15T06:56:57.657043+00:00", "level": "INFO", "logger": "collector.runner", "message": "candle batch pushed", "context": {"symbol": "EURUSD", "timeframe": "W1", "batch_size": 3, "upserted": 3}}
{"timestamp": "2026-09-15T06:56:57.908794+00:00", "level": "INFO", "logger": "collector.runner", "message": "candle sync (incremental)", "context": {"symbol": "EURUSD", "timeframe": "MN1", "date_from": "2026-04-30T00:00:00+00:00"}}
{"timestamp": "2026-09-15T06:56:58.115749+00:00", "level": "INFO", "logger": "collector.runner", "message": "candle batch pushed", "context": {"symbol": "EURUSD", "timeframe": "MN1", "batch_size": 4, "upserted": 4}}
{"timestamp": "2026-09-15T06:56:58.332654+00:00", "level": "INFO", "logger": "collector.runner", "message": "candle sync (incremental)", "context": {"symbol": "XAUUSD", "timeframe": "M1", "date_from": "2026-09-15T09:42:00+00:00"}}
{"timestamp": "2026-09-15T06:56:58.482892+00:00", "level": "INFO", "logger": "collector.runner", "message": "candle sync (incremental)", "context": {"symbol": "XAUUSD", "timeframe": "M5", "date_from": "2026-09-15T09:25:00+00:00"}}
{"timestamp": "2026-09-15T06:56:58.638579+00:00", "level": "INFO", "logger": "collector.runner", "message": "candle sync (incremental)", "context": {"symbol": "XAUUSD", "timeframe": "M15", "date_from": "2026-09-15T08:45:00+00:00"}}
{"timestamp": "2026-09-15T06:56:58.788530+00:00", "level": "INFO", "logger": "collector.runner", "message": "candle sync (incremental)", "context": {"symbol": "XAUUSD", "timeframe": "M30", "date_from": "2026-09-15T07:30:00+00:00"}}
{"timestamp": "2026-09-15T06:56:58.927907+00:00", "level": "INFO", "logger": "collector.runner", "message": "candle sync (incremental)", "context": {"symbol": "XAUUSD", "timeframe": "H1", "date_from": "2026-09-15T05:00:00+00:00"}}
{"timestamp": "2026-09-15T06:56:59.067104+00:00", "level": "INFO", "logger": "collector.runner", "message": "candle batch pushed", "context": {"symbol": "XAUUSD", "timeframe": "H1", "batch_size": 1, "upserted": 1}}
{"timestamp": "2026-09-15T06:56:59.215865+00:00", "level": "INFO", "logger": "collector.runner", "message": "candle sync (incremental)", "context": {"symbol": "XAUUSD", "timeframe": "H4", "date_from": "2026-09-14T16:00:00+00:00"}}
{"timestamp": "2026-09-15T06:56:59.365399+00:00", "level": "INFO", "logger": "collector.runner", "message": "candle batch pushed", "context": {"symbol": "XAUUSD", "timeframe": "H4", "batch_size": 3, "upserted": 3}}
{"timestamp": "2026-09-15T06:56:59.496933+00:00", "level": "INFO", "logger": "collector.runner", "message": "candle sync (incremental)", "context": {"symbol": "XAUUSD", "timeframe": "D1", "date_from": "2026-09-11T00:00:00+00:00"}}
{"timestamp": "2026-09-15T06:56:59.638464+00:00", "level": "INFO", "logger": "collector.runner", "message": "candle batch pushed", "context": {"symbol": "XAUUSD", "timeframe": "D1", "batch_size": 1, "upserted": 1}}
{"timestamp": "2026-09-15T06:57:00.021815+00:00", "level": "INFO", "logger": "collector.runner", "message": "ongoing tick sync pushed", "context": {"symbol": "EURUSD", "row_count": 423, "inserted": 396}}
{"timestamp": "2026-09-15T06:57:00.676160+00:00", "level": "INFO", "logger": "collector.runner", "message": "ongoing tick sync pushed", "context": {"symbol": "XAUUSD", "row_count": 1033, "inserted": 934}}
========================================================================
CONNECTION STATUS: UP | broker link: UP | server: MetaQuotes-Demo
ACCOUNT INFO
  login:    5055783885
  server:   MetaQuotes-Demo
  currency: EUR
  balance:  50000.0
  equity:   50000.0
  margin:   0.0  free: 50000.0  level: 0.0
  profit (floating): 0.0
  leverage: 1:100
  trade_allowed: True
OPEN POSITIONS: none
BACKEND PUSH: ok
========================================================================
{"timestamp": "2026-09-15T06:57:09.837322+00:00", "level": "INFO", "logger": "collector.runner", "message": "snapshot cycle complete", "context": {"mt5_connected": true, "open_positions": 0, "push_ok": true}}
========================================================================
CONNECTION STATUS: UP | broker link: UP | server: MetaQuotes-Demo
ACCOUNT INFO
  login:    5055783885
  server:   MetaQuotes-Demo
  currency: EUR
  balance:  50000.0
  equity:   50000.0
  margin:   0.0  free: 50000.0  level: 0.0
  profit (floating): 0.0
  leverage: 1:100
  trade_allowed: True
OPEN POSITIONS: none
BACKEND PUSH: ok
========================================================================
{"timestamp": "2026-09-15T06:57:20.057912+00:00", "level": "INFO", "logger": "collector.runner", "message": "snapshot cycle complete", "context": {"mt5_connected": true, "open_positions": 0, "push_ok": true}}
========================================================================
CONNECTION STATUS: UP | broker link: UP | server: MetaQuotes-Demo
ACCOUNT INFO
  login:    5055783885
  server:   MetaQuotes-Demo
  currency: EUR
  balance:  50000.0
  equity:   50000.0
  margin:   0.0  free: 50000.0  level: 0.0
  profit (floating): 0.0
  leverage: 1:100
  trade_allowed: True
OPEN POSITIONS: none
BACKEND PUSH: ok
========================================================================
{"timestamp": "2026-09-15T06:57:30.343547+00:00", "level": "INFO", "logger": "collector.runner", "message": "snapshot cycle complete", "context": {"mt5_connected": true, "open_positions": 0, "push_ok": true}}
========================================================================
CONNECTION STATUS: UP | broker link: UP | server: MetaQuotes-Demo
ACCOUNT INFO
  login:    5055783885
  server:   MetaQuotes-Demo
  currency: EUR
  balance:  50000.0
  equity:   50000.0
  margin:   0.0  free: 50000.0  level: 0.0
  profit (floating): 0.0
  leverage: 1:100
  trade_allowed: True
OPEN POSITIONS: none
BACKEND PUSH: ok
========================================================================
{"timestamp": "2026-09-15T06:57:40.513072+00:00", "level": "INFO", "logger": "collector.runner", "message": "snapshot cycle complete", "context": {"mt5_connected": true, "open_positions": 0, "push_ok": true}}
========================================================================
CONNECTION STATUS: UP | broker link: UP | server: MetaQuotes-Demo
ACCOUNT INFO
  login:    5055783885
  server:   MetaQuotes-Demo
  currency: EUR
  balance:  50000.0
  equity:   50000.0
  margin:   0.0  free: 50000.0  level: 0.0
  profit (floating): 0.0
  leverage: 1:100
  trade_allowed: True
OPEN POSITIONS: none
BACKEND PUSH: ok
========================================================================
{"timestamp": "2026-09-15T06:57:50.708720+00:00", "level": "INFO", "logger": "collector.runner", "message": "snapshot cycle complete", "context": {"mt5_connected": true, "open_positions": 0, "push_ok": true}}
========================================================================
CONNECTION STATUS: UP | broker link: UP | server: MetaQuotes-Demo
ACCOUNT INFO
  login:    5055783885
  server:   MetaQuotes-Demo
  currency: EUR
  balance:  50000.0
  equity:   50000.0
  margin:   0.0  free: 50000.0  level: 0.0
  profit (floating): 0.0
  leverage: 1:100
  trade_allowed: True
OPEN POSITIONS: none
BACKEND PUSH: ok
========================================================================
{"timestamp": "2026-09-15T06:58:00.935414+00:00", "level": "INFO", "logger": "collector.runner", "message": "snapshot cycle complete", "context": {"mt5_connected": true, "open_positions": 0, "push_ok": true}}
{"timestamp": "2026-09-15T06:58:01.184652+00:00", "level": "INFO", "logger": "collector.runner", "message": "trade sync pushed", "context": {"date_from": "2026-09-15T06:51:55.571000+00:00", "deals_sent": 0, "trades_created": 0, "trades_updated": 0}}
RECENT DEALS (last 90d): none
========================================================================
CONNECTION STATUS: UP | broker link: UP | server: MetaQuotes-Demo
ACCOUNT INFO
  login:    5055783885
  server:   MetaQuotes-Demo
  currency: EUR
  balance:  50000.0
  equity:   50000.0
  margin:   0.0  free: 50000.0  level: 0.0
  profit (floating): 0.0
  leverage: 1:100
  trade_allowed: True
OPEN POSITIONS: none
BACKEND PUSH: ok
========================================================================
{"timestamp": "2026-09-15T06:58:11.407302+00:00", "level": "INFO", "logger": "collector.runner", "message": "snapshot cycle complete", "context": {"mt5_connected": true, "open_positions": 0, "push_ok": true}}
========================================================================
CONNECTION STATUS: UP | broker link: UP | server: MetaQuotes-Demo
ACCOUNT INFO
  login:    5055783885
  server:   MetaQuotes-Demo
  currency: EUR
  balance:  50000.0
  equity:   50000.0
  margin:   0.0  free: 50000.0  level: 0.0
  profit (floating): 0.0
  leverage: 1:100
  trade_allowed: True
OPEN POSITIONS: none
BACKEND PUSH: ok
========================================================================
{"timestamp": "2026-09-15T06:58:21.626200+00:00", "level": "INFO", "logger": "collector.runner", "message": "snapshot cycle complete", "context": {"mt5_connected": true, "open_positions": 0, "push_ok": true}}
========================================================================
CONNECTION STATUS: UP | broker link: UP | server: MetaQuotes-Demo
ACCOUNT INFO
  login:    5055783885
  server:   MetaQuotes-Demo
  currency: EUR
  balance:  50000.0
  equity:   50000.0
  margin:   0.0  free: 50000.0  level: 0.0
  profit (floating): 0.0
  leverage: 1:100
  trade_allowed: True
OPEN POSITIONS: none
BACKEND PUSH: ok
========================================================================
{"timestamp": "2026-09-15T06:58:31.801536+00:00", "level": "INFO", "logger": "collector.runner", "message": "snapshot cycle complete", "context": {"mt5_connected": true, "open_positions": 0, "push_ok": true}}
========================================================================
CONNECTION STATUS: UP | broker link: UP | server: MetaQuotes-Demo
ACCOUNT INFO
  login:    5055783885
  server:   MetaQuotes-Demo
  currency: EUR
  balance:  50000.0
  equity:   50000.0
  margin:   0.0  free: 50000.0  level: 0.0
  profit (floating): 0.0
  leverage: 1:100
  trade_allowed: True
OPEN POSITIONS: none
BACKEND PUSH: ok
========================================================================
{"timestamp": "2026-09-15T06:58:41.990478+00:00", "level": "INFO", "logger": "collector.runner", "message": "snapshot cycle complete", "context": {"mt5_connected": true, "open_positions": 0, "push_ok": true}}
========================================================================
CONNECTION STATUS: UP | broker link: UP | server: MetaQuotes-Demo
ACCOUNT INFO
  login:    5055783885
  server:   MetaQuotes-Demo
  currency: EUR
  balance:  50000.0
  equity:   50000.0
  margin:   0.0  free: 50000.0  level: 0.0
  profit (floating): 0.0
  leverage: 1:100
  trade_allowed: True
OPEN POSITIONS: none
BACKEND PUSH: ok
========================================================================
{"timestamp": "2026-09-15T06:58:52.198666+00:00", "level": "INFO", "logger": "collector.runner", "message": "snapshot cycle complete", "context": {"mt5_connected": true, "open_positions": 0, "push_ok": true}}
========================================================================
CONNECTION STATUS: UP | broker link: UP | server: MetaQuotes-Demo
ACCOUNT INFO
  login:    5055783885
  server:   MetaQuotes-Demo
  currency: EUR
  balance:  50000.0
  equity:   50000.0
  margin:   0.0  free: 50000.0  level: 0.0
  profit (floating): 0.0
  leverage: 1:100
  trade_allowed: True
OPEN POSITIONS: none
BACKEND PUSH: ok
========================================================================
{"timestamp": "2026-09-15T06:59:02.383941+00:00", "level": "INFO", "logger": "collector.runner", "message": "snapshot cycle complete", "context": {"mt5_connected": true, "open_positions": 0, "push_ok": true}}
{"timestamp": "2026-09-15T06:59:02.631805+00:00", "level": "INFO", "logger": "collector.runner", "message": "trade sync pushed", "context": {"date_from": "2026-09-15T06:53:01.174000+00:00", "deals_sent": 0, "trades_created": 0, "trades_updated": 0}}
RECENT DEALS (last 90d): none
========================================================================
CONNECTION STATUS: UP | broker link: UP | server: MetaQuotes-Demo
ACCOUNT INFO
  login:    5055783885
  server:   MetaQuotes-Demo
  currency: EUR
  balance:  50000.0
  equity:   50000.0
  margin:   0.0  free: 50000.0  level: 0.0
  profit (floating): 0.0
  leverage: 1:100
  trade_allowed: True
OPEN POSITIONS: none
BACKEND PUSH: ok
========================================================================
{"timestamp": "2026-09-15T06:59:12.838531+00:00", "level": "INFO", "logger": "collector.runner", "message": "snapshot cycle complete", "context": {"mt5_connected": true, "open_positions": 0, "push_ok": true}}
========================================================================
CONNECTION STATUS: UP | broker link: UP | server: MetaQuotes-Demo
ACCOUNT INFO
  login:    5055783885
  server:   MetaQuotes-Demo
  currency: EUR
  balance:  50000.0
  equity:   50000.0
  margin:   0.0  free: 50000.0  level: 0.0
  profit (floating): 0.0
  leverage: 1:100
  trade_allowed: True
OPEN POSITIONS: none
BACKEND PUSH: ok
========================================================================
{"timestamp": "2026-09-15T06:59:23.068228+00:00", "level": "INFO", "logger": "collector.runner", "message": "snapshot cycle complete", "context": {"mt5_connected": true, "open_positions": 0, "push_ok": true}}
========================================================================
CONNECTION STATUS: UP | broker link: UP | server: MetaQuotes-Demo
ACCOUNT INFO
  login:    5055783885
  server:   MetaQuotes-Demo
  currency: EUR
  balance:  50000.0
  equity:   50000.0
  margin:   0.0  free: 50000.0  level: 0.0
  profit (floating): 0.0
  leverage: 1:100
  trade_allowed: True
OPEN POSITIONS: none
BACKEND PUSH: ok
========================================================================
{"timestamp": "2026-09-15T06:59:33.317645+00:00", "level": "INFO", "logger": "collector.runner", "message": "snapshot cycle complete", "context": {"mt5_connected": true, "open_positions": 0, "push_ok": true}}
========================================================================
CONNECTION STATUS: UP | broker link: UP | server: MetaQuotes-Demo
ACCOUNT INFO
  login:    5055783885
  server:   MetaQuotes-Demo
  currency: EUR
  balance:  50000.0
  equity:   50000.0
  margin:   0.0  free: 50000.0  level: 0.0
  profit (floating): 0.0
  leverage: 1:100
  trade_allowed: True
OPEN POSITIONS: none
BACKEND PUSH: ok
========================================================================
{"timestamp": "2026-09-15T06:59:43.543064+00:00", "level": "INFO", "logger": "collector.runner", "message": "snapshot cycle complete", "context": {"mt5_connected": true, "open_positions": 0, "push_ok": true}}
========================================================================
CONNECTION STATUS: UP | broker link: UP | server: MetaQuotes-Demo
ACCOUNT INFO
  login:    5055783885
  server:   MetaQuotes-Demo
  currency: EUR
  balance:  50000.0
  equity:   50000.0
  margin:   0.0  free: 50000.0  level: 0.0
  profit (floating): 0.0
  leverage: 1:100
  trade_allowed: True
OPEN POSITIONS: none
BACKEND PUSH: ok
========================================================================
{"timestamp": "2026-09-15T06:59:53.750194+00:00", "level": "INFO", "logger": "collector.runner", "message": "snapshot cycle complete", "context": {"mt5_connected": true, "open_positions": 0, "push_ok": true}}
========================================================================
CONNECTION STATUS: UP | broker link: UP | server: MetaQuotes-Demo
ACCOUNT INFO
  login:    5055783885
  server:   MetaQuotes-Demo
  currency: EUR
  balance:  50000.0
  equity:   50000.0
  margin:   0.0  free: 50000.0  level: 0.0
  profit (floating): 0.0
  leverage: 1:100
  trade_allowed: True
OPEN POSITIONS: none
BACKEND PUSH: ok
========================================================================
{"timestamp": "2026-09-15T07:00:03.940519+00:00", "level": "INFO", "logger": "collector.runner", "message": "snapshot cycle complete", "context": {"mt5_connected": true, "open_positions": 0, "push_ok": true}}
{"timestamp": "2026-09-15T07:00:04.224490+00:00", "level": "INFO", "logger": "collector.runner", "message": "trade sync pushed", "context": {"date_from": "2026-09-15T06:54:02.622000+00:00", "deals_sent": 0, "trades_created": 0, "trades_updated": 0}}
RECENT DEALS (last 90d): none
========================================================================
CONNECTION STATUS: UP | broker link: UP | server: MetaQuotes-Demo
ACCOUNT INFO
  login:    5055783885
  server:   MetaQuotes-Demo
  currency: EUR
  balance:  50000.0
  equity:   50000.0
  margin:   0.0  free: 50000.0  level: 0.0
  profit (floating): 0.0
  leverage: 1:100
  trade_allowed: True
OPEN POSITIONS: none
BACKEND PUSH: ok
========================================================================
{"timestamp": "2026-09-15T07:00:14.498198+00:00", "level": "INFO", "logger": "collector.runner", "message": "snapshot cycle complete", "context": {"mt5_connected": true, "open_positions": 0, "push_ok": true}}
========================================================================
CONNECTION STATUS: UP | broker link: UP | server: MetaQuotes-Demo
ACCOUNT INFO
  login:    5055783885
  server:   MetaQuotes-Demo
  currency: EUR
  balance:  50000.0
  equity:   50000.0
  margin:   0.0  free: 50000.0  level: 0.0
  profit (floating): 0.0
  leverage: 1:100
  trade_allowed: True
OPEN POSITIONS: none
BACKEND PUSH: ok
========================================================================
{"timestamp": "2026-09-15T07:00:24.700820+00:00", "level": "INFO", "logger": "collector.runner", "message": "snapshot cycle complete", "context": {"mt5_connected": true, "open_positions": 0, "push_ok": true}}
========================================================================
CONNECTION STATUS: UP | broker link: UP | server: MetaQuotes-Demo
ACCOUNT INFO
  login:    5055783885
  server:   MetaQuotes-Demo
  currency: EUR
  balance:  50000.0
  equity:   50000.0
  margin:   0.0  free: 50000.0  level: 0.0
  profit (floating): 0.0
  leverage: 1:100
  trade_allowed: True
OPEN POSITIONS: none
BACKEND PUSH: ok
========================================================================
{"timestamp": "2026-09-15T07:00:34.894479+00:00", "level": "INFO", "logger": "collector.runner", "message": "snapshot cycle complete", "context": {"mt5_connected": true, "open_positions": 0, "push_ok": true}}
========================================================================
CONNECTION STATUS: UP | broker link: UP | server: MetaQuotes-Demo
ACCOUNT INFO
  login:    5055783885
  server:   MetaQuotes-Demo
  currency: EUR
  balance:  50000.0
  equity:   50000.0
  margin:   0.0  free: 50000.0  level: 0.0
  profit (floating): 0.0
  leverage: 1:100
  trade_allowed: True
OPEN POSITIONS: none
BACKEND PUSH: ok
========================================================================
{"timestamp": "2026-09-15T07:00:45.063580+00:00", "level": "INFO", "logger": "collector.runner", "message": "snapshot cycle complete", "context": {"mt5_connected": true, "open_positions": 0, "push_ok": true}}
========================================================================
CONNECTION STATUS: UP | broker link: UP | server: MetaQuotes-Demo
ACCOUNT INFO
  login:    5055783885
  server:   MetaQuotes-Demo
  currency: EUR
  balance:  50000.0
  equity:   50000.0
  margin:   0.0  free: 50000.0  level: 0.0
  profit (floating): 0.0
  leverage: 1:100
  trade_allowed: True
OPEN POSITIONS: none
BACKEND PUSH: ok
========================================================================
{"timestamp": "2026-09-15T07:00:55.288424+00:00", "level": "INFO", "logger": "collector.runner", "message": "snapshot cycle complete", "context": {"mt5_connected": true, "open_positions": 0, "push_ok": true}}
========================================================================
CONNECTION STATUS: UP | broker link: UP | server: MetaQuotes-Demo
ACCOUNT INFO
  login:    5055783885
  server:   MetaQuotes-Demo
  currency: EUR
  balance:  50000.0
  equity:   50000.0
  margin:   0.0  free: 50000.0  level: 0.0
  profit (floating): 0.0
  leverage: 1:100
  trade_allowed: True
OPEN POSITIONS: none
BACKEND PUSH: ok
========================================================================
{"timestamp": "2026-09-15T07:01:05.579421+00:00", "level": "INFO", "logger": "collector.runner", "message": "snapshot cycle complete", "context": {"mt5_connected": true, "open_positions": 0, "push_ok": true}}
{"timestamp": "2026-09-15T07:01:05.969083+00:00", "level": "INFO", "logger": "collector.runner", "message": "trade sync pushed", "context": {"date_from": "2026-09-15T06:55:04.215000+00:00", "deals_sent": 0, "trades_created": 0, "trades_updated": 0}}
RECENT DEALS (last 90d): none
========================================================================
CONNECTION STATUS: UP | broker link: UP | server: MetaQuotes-Demo
ACCOUNT INFO
  login:    5055783885
  server:   MetaQuotes-Demo
  currency: EUR
  balance:  50000.0
  equity:   50000.0
  margin:   0.0  free: 50000.0  level: 0.0
  profit (floating): 0.0
  leverage: 1:100
  trade_allowed: True
OPEN POSITIONS: none
BACKEND PUSH: ok
========================================================================
{"timestamp": "2026-09-15T07:01:16.258039+00:00", "level": "INFO", "logger": "collector.runner", "message": "snapshot cycle complete", "context": {"mt5_connected": true, "open_positions": 0, "push_ok": true}}
========================================================================
CONNECTION STATUS: UP | broker link: UP | server: MetaQuotes-Demo
ACCOUNT INFO
  login:    5055783885
  server:   MetaQuotes-Demo
  currency: EUR
  balance:  50000.0
  equity:   50000.0
  margin:   0.0  free: 50000.0  level: 0.0
  profit (floating): 0.0
  leverage: 1:100
  trade_allowed: True
OPEN POSITIONS: none
BACKEND PUSH: ok
========================================================================
{"timestamp": "2026-09-15T07:01:26.432457+00:00", "level": "INFO", "logger": "collector.runner", "message": "snapshot cycle complete", "context": {"mt5_connected": true, "open_positions": 0, "push_ok": true}}
========================================================================
CONNECTION STATUS: UP | broker link: UP | server: MetaQuotes-Demo
ACCOUNT INFO
  login:    5055783885
  server:   MetaQuotes-Demo
  currency: EUR
  balance:  50000.0
  equity:   50000.0
  margin:   0.0  free: 50000.0  level: 0.0
  profit (floating): 0.0
  leverage: 1:100
  trade_allowed: True
OPEN POSITIONS: none
BACKEND PUSH: ok
========================================================================
{"timestamp": "2026-09-15T07:01:36.638290+00:00", "level": "INFO", "logger": "collector.runner", "message": "snapshot cycle complete", "context": {"mt5_connected": true, "open_positions": 0, "push_ok": true}}
========================================================================
CONNECTION STATUS: UP | broker link: UP | server: MetaQuotes-Demo
ACCOUNT INFO
  login:    5055783885
  server:   MetaQuotes-Demo
  currency: EUR
  balance:  50000.0
  equity:   50000.0
  margin:   0.0  free: 50000.0  level: 0.0
  profit (floating): 0.0
  leverage: 1:100
  trade_allowed: True
OPEN POSITIONS: none
BACKEND PUSH: ok
========================================================================
{"timestamp": "2026-09-15T07:01:46.823006+00:00", "level": "INFO", "logger": "collector.runner", "message": "snapshot cycle complete", "context": {"mt5_connected": true, "open_positions": 0, "push_ok": true}}
========================================================================
CONNECTION STATUS: UP | broker link: UP | server: MetaQuotes-Demo
ACCOUNT INFO
  login:    5055783885
  server:   MetaQuotes-Demo
  currency: EUR
  balance:  50000.0
  equity:   50000.0
  margin:   0.0  free: 50000.0  level: 0.0
  profit (floating): 0.0
  leverage: 1:100
  trade_allowed: True
OPEN POSITIONS: none
BACKEND PUSH: ok
========================================================================
{"timestamp": "2026-09-15T07:01:57.099585+00:00", "level": "INFO", "logger": "collector.runner", "message": "snapshot cycle complete", "context": {"mt5_connected": true, "open_positions": 0, "push_ok": true}}
========================================================================
CONNECTION STATUS: UP | broker link: UP | server: MetaQuotes-Demo
ACCOUNT INFO
  login:    5055783885
  server:   MetaQuotes-Demo
  currency: EUR
  balance:  50000.0
  equity:   50000.0
  margin:   0.0  free: 50000.0  level: 0.0
  profit (floating): 0.0
  leverage: 1:100
  trade_allowed: True
OPEN POSITIONS: none
BACKEND PUSH: ok
========================================================================
{"timestamp": "2026-09-15T07:02:07.299813+00:00", "level": "INFO", "logger": "collector.runner", "message": "snapshot cycle complete", "context": {"mt5_connected": true, "open_positions": 0, "push_ok": true}}
{"timestamp": "2026-09-15T07:02:07.585467+00:00", "level": "INFO", "logger": "collector.runner", "message": "trade sync pushed", "context": {"date_from": "2026-09-15T06:56:05.957000+00:00", "deals_sent": 0, "trades_created": 0, "trades_updated": 0}}
RECENT DEALS (last 90d): none
{"timestamp": "2026-09-15T07:02:07.707566+00:00", "level": "INFO", "logger": "collector.runner", "message": "candle sync (incremental)", "context": {"symbol": "EURUSD", "timeframe": "M5", "date_from": "2026-09-15T09:25:00+00:00"}}
{"timestamp": "2026-09-15T07:02:07.827642+00:00", "level": "INFO", "logger": "collector.runner", "message": "candle sync (incremental)", "context": {"symbol": "EURUSD", "timeframe": "M15", "date_from": "2026-09-15T08:45:00+00:00"}}
{"timestamp": "2026-09-15T07:02:07.989101+00:00", "level": "INFO", "logger": "collector.runner", "message": "candle sync (incremental)", "context": {"symbol": "EURUSD", "timeframe": "H1", "date_from": "2026-09-15T05:00:00+00:00"}}
{"timestamp": "2026-09-15T07:02:08.130957+00:00", "level": "INFO", "logger": "collector.runner", "message": "candle batch pushed", "context": {"symbol": "EURUSD", "timeframe": "H1", "batch_size": 2, "upserted": 2}}
{"timestamp": "2026-09-15T07:02:08.261158+00:00", "level": "INFO", "logger": "collector.runner", "message": "candle sync (incremental)", "context": {"symbol": "EURUSD", "timeframe": "M30", "date_from": "2026-09-15T07:30:00+00:00"}}
{"timestamp": "2026-09-15T07:02:08.394757+00:00", "level": "INFO", "logger": "collector.runner", "message": "candle sync (incremental)", "context": {"symbol": "EURUSD", "timeframe": "H4", "date_from": "2026-09-14T16:00:00+00:00"}}
{"timestamp": "2026-09-15T07:02:08.530171+00:00", "level": "INFO", "logger": "collector.runner", "message": "candle batch pushed", "context": {"symbol": "EURUSD", "timeframe": "H4", "batch_size": 3, "upserted": 3}}
{"timestamp": "2026-09-15T07:02:08.667014+00:00", "level": "INFO", "logger": "collector.runner", "message": "candle sync (incremental)", "context": {"symbol": "EURUSD", "timeframe": "D1", "date_from": "2026-09-11T00:00:00+00:00"}}
{"timestamp": "2026-09-15T07:02:08.796129+00:00", "level": "INFO", "logger": "collector.runner", "message": "candle batch pushed", "context": {"symbol": "EURUSD", "timeframe": "D1", "batch_size": 1, "upserted": 1}}
{"timestamp": "2026-09-15T07:02:08.911408+00:00", "level": "INFO", "logger": "collector.runner", "message": "candle sync (incremental)", "context": {"symbol": "EURUSD", "timeframe": "W1", "date_from": "2026-08-16T00:00:00+00:00"}}
{"timestamp": "2026-09-15T07:02:09.070208+00:00", "level": "INFO", "logger": "collector.runner", "message": "candle batch pushed", "context": {"symbol": "EURUSD", "timeframe": "W1", "batch_size": 3, "upserted": 3}}
{"timestamp": "2026-09-15T07:02:09.205661+00:00", "level": "INFO", "logger": "collector.runner", "message": "candle sync (incremental)", "context": {"symbol": "EURUSD", "timeframe": "MN1", "date_from": "2026-04-30T00:00:00+00:00"}}
{"timestamp": "2026-09-15T07:02:09.347881+00:00", "level": "INFO", "logger": "collector.runner", "message": "candle batch pushed", "context": {"symbol": "EURUSD", "timeframe": "MN1", "batch_size": 4, "upserted": 4}}
{"timestamp": "2026-09-15T07:02:09.474509+00:00", "level": "INFO", "logger": "collector.runner", "message": "candle sync (incremental)", "context": {"symbol": "XAUUSD", "timeframe": "M1", "date_from": "2026-09-15T09:42:00+00:00"}}
{"timestamp": "2026-09-15T07:02:09.608063+00:00", "level": "INFO", "logger": "collector.runner", "message": "candle sync (incremental)", "context": {"symbol": "XAUUSD", "timeframe": "M5", "date_from": "2026-09-15T09:25:00+00:00"}}
{"timestamp": "2026-09-15T07:02:09.739055+00:00", "level": "INFO", "logger": "collector.runner", "message": "candle sync (incremental)", "context": {"symbol": "XAUUSD", "timeframe": "M15", "date_from": "2026-09-15T08:45:00+00:00"}}
{"timestamp": "2026-09-15T07:02:09.873487+00:00", "level": "INFO", "logger": "collector.runner", "message": "candle sync (incremental)", "context": {"symbol": "XAUUSD", "timeframe": "M30", "date_from": "2026-09-15T07:30:00+00:00"}}
{"timestamp": "2026-09-15T07:02:09.988612+00:00", "level": "INFO", "logger": "collector.runner", "message": "candle sync (incremental)", "context": {"symbol": "XAUUSD", "timeframe": "H1", "date_from": "2026-09-15T05:00:00+00:00"}}
{"timestamp": "2026-09-15T07:02:10.125218+00:00", "level": "INFO", "logger": "collector.runner", "message": "candle batch pushed", "context": {"symbol": "XAUUSD", "timeframe": "H1", "batch_size": 2, "upserted": 2}}
{"timestamp": "2026-09-15T07:02:10.254340+00:00", "level": "INFO", "logger": "collector.runner", "message": "candle sync (incremental)", "context": {"symbol": "XAUUSD", "timeframe": "H4", "date_from": "2026-09-14T16:00:00+00:00"}}
{"timestamp": "2026-09-15T07:02:10.368001+00:00", "level": "INFO", "logger": "collector.runner", "message": "candle batch pushed", "context": {"symbol": "XAUUSD", "timeframe": "H4", "batch_size": 3, "upserted": 3}}
{"timestamp": "2026-09-15T07:02:10.485185+00:00", "level": "INFO", "logger": "collector.runner", "message": "candle sync (incremental)", "context": {"symbol": "XAUUSD", "timeframe": "D1", "date_from": "2026-09-11T00:00:00+00:00"}}
{"timestamp": "2026-09-15T07:02:10.613300+00:00", "level": "INFO", "logger": "collector.runner", "message": "candle batch pushed", "context": {"symbol": "XAUUSD", "timeframe": "D1", "batch_size": 1, "upserted": 1}}
{"timestamp": "2026-09-15T07:02:10.904362+00:00", "level": "INFO", "logger": "collector.runner", "message": "ongoing tick sync pushed", "context": {"symbol": "EURUSD", "row_count": 523, "inserted": 487}}
{"timestamp": "2026-09-15T07:02:11.408185+00:00", "level": "INFO", "logger": "collector.runner", "message": "ongoing tick sync pushed", "context": {"symbol": "XAUUSD", "row_count": 820, "inserted": 716}}
========================================================================
CONNECTION STATUS: UP | broker link: UP | server: MetaQuotes-Demo
ACCOUNT INFO
  login:    5055783885
  server:   MetaQuotes-Demo
  currency: EUR
  balance:  50000.0
  equity:   50000.0
  margin:   0.0  free: 50000.0  level: 0.0
  profit (floating): 0.0
  leverage: 1:100
  trade_allowed: True
OPEN POSITIONS: none
BACKEND PUSH: ok
========================================================================
{"timestamp": "2026-09-15T07:02:20.781834+00:00", "level": "INFO", "logger": "collector.runner", "message": "snapshot cycle complete", "context": {"mt5_connected": true, "open_positions": 0, "push_ok": true}}
========================================================================
CONNECTION STATUS: UP | broker link: UP | server: MetaQuotes-Demo
ACCOUNT INFO
  login:    5055783885
  server:   MetaQuotes-Demo
  currency: EUR
  balance:  50000.0
  equity:   50000.0
  margin:   0.0  free: 50000.0  level: 0.0
  profit (floating): 0.0
  leverage: 1:100
  trade_allowed: True
OPEN POSITIONS: none
BACKEND PUSH: ok
========================================================================
{"timestamp": "2026-09-15T07:02:30.987541+00:00", "level": "INFO", "logger": "collector.runner", "message": "snapshot cycle complete", "context": {"mt5_connected": true, "open_positions": 0, "push_ok": true}}
{"timestamp": "2026-09-15T08:12:29.161619+00:00", "level": "WARNING", "logger": "collector.runner", "message": "snapshot push failed, will retry next tick", "context": {"error": "POST /collector/snapshot failed: HTTPConnectionPool(host='localhost', port=8420): Read timed out. (read timeout=10)"}}
========================================================================
CONNECTION STATUS: UP | broker link: UP | server: MetaQuotes-Demo
ACCOUNT INFO
  login:    5055783885
  server:   MetaQuotes-Demo
  currency: EUR
  balance:  50000.0
  equity:   50000.0
  margin:   0.0  free: 50000.0  level: 0.0
  profit (floating): 0.0
  leverage: 1:100
  trade_allowed: True
OPEN POSITIONS: none
BACKEND PUSH: FAILED — see logs
========================================================================
{"timestamp": "2026-09-15T08:12:29.161619+00:00", "level": "INFO", "logger": "collector.runner", "message": "snapshot cycle complete", "context": {"mt5_connected": true, "open_positions": 0, "push_ok": false}}
{"timestamp": "2026-09-15T08:12:32.564161+00:00", "level": "INFO", "logger": "collector.runner", "message": "trade sync pushed", "context": {"date_from": "2026-09-15T06:57:07.577000+00:00", "deals_sent": 0, "trades_created": 0, "trades_updated": 0}}
RECENT DEALS (last 90d): none
{"timestamp": "2026-09-15T08:12:32.767639+00:00", "level": "INFO", "logger": "collector.runner", "message": "candle sync (incremental)", "context": {"symbol": "EURUSD", "timeframe": "M5", "date_from": "2026-09-15T09:25:00+00:00"}}
{"timestamp": "2026-09-15T08:12:32.941306+00:00", "level": "INFO", "logger": "collector.runner", "message": "candle sync (incremental)", "context": {"symbol": "EURUSD", "timeframe": "M15", "date_from": "2026-09-15T08:45:00+00:00"}}
{"timestamp": "2026-09-15T08:12:33.729918+00:00", "level": "INFO", "logger": "collector.runner", "message": "candle sync (incremental)", "context": {"symbol": "EURUSD", "timeframe": "H1", "date_from": "2026-09-15T06:00:00+00:00"}}
{"timestamp": "2026-09-15T08:12:34.003669+00:00", "level": "INFO", "logger": "collector.runner", "message": "candle batch pushed", "context": {"symbol": "EURUSD", "timeframe": "H1", "batch_size": 2, "upserted": 2}}
{"timestamp": "2026-09-15T08:12:34.231693+00:00", "level": "INFO", "logger": "collector.runner", "message": "candle sync (incremental)", "context": {"symbol": "EURUSD", "timeframe": "M30", "date_from": "2026-09-15T07:30:00+00:00"}}
{"timestamp": "2026-09-15T08:12:34.393719+00:00", "level": "INFO", "logger": "collector.runner", "message": "candle sync (incremental)", "context": {"symbol": "EURUSD", "timeframe": "H4", "date_from": "2026-09-14T16:00:00+00:00"}}
{"timestamp": "2026-09-15T08:12:34.588212+00:00", "level": "INFO", "logger": "collector.runner", "message": "candle batch pushed", "context": {"symbol": "EURUSD", "timeframe": "H4", "batch_size": 3, "upserted": 3}}
{"timestamp": "2026-09-15T08:12:34.745852+00:00", "level": "INFO", "logger": "collector.runner", "message": "candle sync (incremental)", "context": {"symbol": "EURUSD", "timeframe": "D1", "date_from": "2026-09-11T00:00:00+00:00"}}
{"timestamp": "2026-09-15T08:12:34.926820+00:00", "level": "INFO", "logger": "collector.runner", "message": "candle batch pushed", "context": {"symbol": "EURUSD", "timeframe": "D1", "batch_size": 1, "upserted": 1}}
{"timestamp": "2026-09-15T08:12:36.390386+00:00", "level": "INFO", "logger": "collector.runner", "message": "candle sync (incremental)", "context": {"symbol": "EURUSD", "timeframe": "W1", "date_from": "2026-08-16T00:00:00+00:00"}}
{"timestamp": "2026-09-15T08:12:37.918315+00:00", "level": "INFO", "logger": "collector.runner", "message": "candle batch pushed", "context": {"symbol": "EURUSD", "timeframe": "W1", "batch_size": 3, "upserted": 3}}
{"timestamp": "2026-09-15T08:12:38.189094+00:00", "level": "INFO", "logger": "collector.runner", "message": "candle sync (incremental)", "context": {"symbol": "EURUSD", "timeframe": "MN1", "date_from": "2026-04-30T00:00:00+00:00"}}
{"timestamp": "2026-09-15T08:12:38.692672+00:00", "level": "INFO", "logger": "collector.runner", "message": "candle batch pushed", "context": {"symbol": "EURUSD", "timeframe": "MN1", "batch_size": 4, "upserted": 4}}
{"timestamp": "2026-09-15T08:12:38.930426+00:00", "level": "INFO", "logger": "collector.runner", "message": "candle sync (incremental)", "context": {"symbol": "XAUUSD", "timeframe": "M1", "date_from": "2026-09-15T09:42:00+00:00"}}
{"timestamp": "2026-09-15T08:12:40.518101+00:00", "level": "INFO", "logger": "collector.runner", "message": "candle sync (incremental)", "context": {"symbol": "XAUUSD", "timeframe": "M5", "date_from": "2026-09-15T09:25:00+00:00"}}
{"timestamp": "2026-09-15T08:12:42.051359+00:00", "level": "INFO", "logger": "collector.runner", "message": "candle sync (incremental)", "context": {"symbol": "XAUUSD", "timeframe": "M15", "date_from": "2026-09-15T08:45:00+00:00"}}
{"timestamp": "2026-09-15T08:12:43.371635+00:00", "level": "INFO", "logger": "collector.runner", "message": "candle sync (incremental)", "context": {"symbol": "XAUUSD", "timeframe": "M30", "date_from": "2026-09-15T07:30:00+00:00"}}
{"timestamp": "2026-09-15T08:12:43.709512+00:00", "level": "INFO", "logger": "collector.runner", "message": "candle sync (incremental)", "context": {"symbol": "XAUUSD", "timeframe": "H1", "date_from": "2026-09-15T06:00:00+00:00"}}
{"timestamp": "2026-09-15T08:12:44.056681+00:00", "level": "INFO", "logger": "collector.runner", "message": "candle batch pushed", "context": {"symbol": "XAUUSD", "timeframe": "H1", "batch_size": 2, "upserted": 2}}
{"timestamp": "2026-09-15T08:12:44.618106+00:00", "level": "INFO", "logger": "collector.runner", "message": "candle sync (incremental)", "context": {"symbol": "XAUUSD", "timeframe": "H4", "date_from": "2026-09-14T16:00:00+00:00"}}
{"timestamp": "2026-09-15T08:12:45.141757+00:00", "level": "INFO", "logger": "collector.runner", "message": "candle batch pushed", "context": {"symbol": "XAUUSD", "timeframe": "H4", "batch_size": 3, "upserted": 3}}
{"timestamp": "2026-09-15T08:12:46.224293+00:00", "level": "INFO", "logger": "collector.runner", "message": "candle sync (incremental)", "context": {"symbol": "XAUUSD", "timeframe": "D1", "date_from": "2026-09-11T00:00:00+00:00"}}
{"timestamp": "2026-09-15T08:12:46.739332+00:00", "level": "INFO", "logger": "collector.runner", "message": "candle batch pushed", "context": {"symbol": "XAUUSD", "timeframe": "D1", "batch_size": 1, "upserted": 1}}
{"timestamp": "2026-09-15T08:12:49.133384+00:00", "level": "WARNING", "logger": "collector.runner", "message": "ongoing tick sync push failed, will retry next cycle", "context": {"symbol": "EURUSD", "error": "POST /collector/ticks returned 500: {\"statusCode\":500,\"message\":\"Internal server error\"}"}}
{"timestamp": "2026-09-15T08:12:52.331907+00:00", "level": "WARNING", "logger": "collector.runner", "message": "ongoing tick sync push failed, will retry next cycle", "context": {"symbol": "XAUUSD", "error": "POST /collector/ticks returned 413: {\"statusCode\":413,\"message\":\"Request body is too large\"}"}}
========================================================================
CONNECTION STATUS: UP | broker link: UP | server: MetaQuotes-Demo
ACCOUNT INFO
  login:    5055783885
  server:   MetaQuotes-Demo
  currency: EUR
  balance:  50000.0
  equity:   50000.0
  margin:   0.0  free: 50000.0  level: 0.0
  profit (floating): 0.0
  leverage: 1:100
  trade_allowed: True
OPEN POSITIONS: none
BACKEND PUSH: ok
========================================================================
{"timestamp": "2026-09-15T08:12:57.130563+00:00", "level": "INFO", "logger": "collector.runner", "message": "snapshot cycle complete", "context": {"mt5_connected": true, "open_positions": 0, "push_ok": true}}
========================================================================
CONNECTION STATUS: UP | broker link: UP | server: MetaQuotes-Demo
ACCOUNT INFO
  login:    5055783885
  server:   MetaQuotes-Demo
  currency: EUR
  balance:  50000.0
  equity:   50000.0
  margin:   0.0  free: 50000.0  level: 0.0
  profit (floating): 0.0
  leverage: 1:100
  trade_allowed: True
OPEN POSITIONS: none
BACKEND PUSH: ok
========================================================================
{"timestamp": "2026-09-15T08:13:07.326694+00:00", "level": "INFO", "logger": "collector.runner", "message": "snapshot cycle complete", "context": {"mt5_connected": true, "open_positions": 0, "push_ok": true}}
========================================================================
CONNECTION STATUS: UP | broker link: UP | server: MetaQuotes-Demo
ACCOUNT INFO
  login:    5055783885
  server:   MetaQuotes-Demo
  currency: EUR
  balance:  50000.0
  equity:   50000.0
  margin:   0.0  free: 50000.0  level: 0.0
  profit (floating): 0.0
  leverage: 1:100
  trade_allowed: True
OPEN POSITIONS: none
BACKEND PUSH: ok
========================================================================
{"timestamp": "2026-09-15T08:13:17.531431+00:00", "level": "INFO", "logger": "collector.runner", "message": "snapshot cycle complete", "context": {"mt5_connected": true, "open_positions": 0, "push_ok": true}}
========================================================================
CONNECTION STATUS: UP | broker link: UP | server: MetaQuotes-Demo
ACCOUNT INFO
  login:    5055783885
  server:   MetaQuotes-Demo
  currency: EUR
  balance:  50000.0
  equity:   50000.0
  margin:   0.0  free: 50000.0  level: 0.0
  profit (floating): 0.0
  leverage: 1:100
  trade_allowed: True
OPEN POSITIONS: none
BACKEND PUSH: ok
========================================================================
{"timestamp": "2026-09-15T08:13:27.714236+00:00", "level": "INFO", "logger": "collector.runner", "message": "snapshot cycle complete", "context": {"mt5_connected": true, "open_positions": 0, "push_ok": true}}
========================================================================
CONNECTION STATUS: UP | broker link: UP | server: MetaQuotes-Demo
ACCOUNT INFO
  login:    5055783885
  server:   MetaQuotes-Demo
  currency: EUR
  balance:  50000.0
  equity:   50000.0
  margin:   0.0  free: 50000.0  level: 0.0
  profit (floating): 0.0
  leverage: 1:100
  trade_allowed: True
OPEN POSITIONS: none
BACKEND PUSH: ok
========================================================================
{"timestamp": "2026-09-15T08:13:38.026655+00:00", "level": "INFO", "logger": "collector.runner", "message": "snapshot cycle complete", "context": {"mt5_connected": true, "open_positions": 0, "push_ok": true}}
{"timestamp": "2026-09-15T08:13:38.465023+00:00", "level": "INFO", "logger": "collector.runner", "message": "trade sync pushed", "context": {"date_from": "2026-09-15T08:07:32.545000+00:00", "deals_sent": 0, "trades_created": 0, "trades_updated": 0}}
RECENT DEALS (last 90d): none
========================================================================
CONNECTION STATUS: UP | broker link: UP | server: MetaQuotes-Demo
ACCOUNT INFO
  login:    5055783885
  server:   MetaQuotes-Demo
  currency: EUR
  balance:  50000.0
  equity:   50000.0
  margin:   0.0  free: 50000.0  level: 0.0
  profit (floating): 0.0
  leverage: 1:100
  trade_allowed: True
OPEN POSITIONS: none
BACKEND PUSH: ok
========================================================================
{"timestamp": "2026-09-15T08:13:48.648225+00:00", "level": "INFO", "logger": "collector.runner", "message": "snapshot cycle complete", "context": {"mt5_connected": true, "open_positions": 0, "push_ok": true}}
========================================================================
CONNECTION STATUS: UP | broker link: UP | server: MetaQuotes-Demo
ACCOUNT INFO
  login:    5055783885
  server:   MetaQuotes-Demo
  currency: EUR
  balance:  50000.0
  equity:   50000.0
  margin:   0.0  free: 50000.0  level: 0.0
  profit (floating): 0.0
  leverage: 1:100
  trade_allowed: True
OPEN POSITIONS: none
BACKEND PUSH: ok
========================================================================
{"timestamp": "2026-09-15T08:13:58.852570+00:00", "level": "INFO", "logger": "collector.runner", "message": "snapshot cycle complete", "context": {"mt5_connected": true, "open_positions": 0, "push_ok": true}}
========================================================================
CONNECTION STATUS: UP | broker link: UP | server: MetaQuotes-Demo
ACCOUNT INFO
  login:    5055783885
  server:   MetaQuotes-Demo
  currency: EUR
  balance:  50000.0
  equity:   50000.0
  margin:   0.0  free: 50000.0  level: 0.0
  profit (floating): 0.0
  leverage: 1:100
  trade_allowed: True
OPEN POSITIONS: none
BACKEND PUSH: ok
========================================================================
{"timestamp": "2026-09-15T08:14:09.053822+00:00", "level": "INFO", "logger": "collector.runner", "message": "snapshot cycle complete", "context": {"mt5_connected": true, "open_positions": 0, "push_ok": true}}
========================================================================
CONNECTION STATUS: UP | broker link: UP | server: MetaQuotes-Demo
ACCOUNT INFO
  login:    5055783885
  server:   MetaQuotes-Demo
  currency: EUR
  balance:  50000.0
  equity:   50000.0
  margin:   0.0  free: 50000.0  level: 0.0
  profit (floating): 0.0
  leverage: 1:100
  trade_allowed: True
OPEN POSITIONS: none
BACKEND PUSH: ok
========================================================================
{"timestamp": "2026-09-15T08:14:19.269143+00:00", "level": "INFO", "logger": "collector.runner", "message": "snapshot cycle complete", "context": {"mt5_connected": true, "open_positions": 0, "push_ok": true}}
========================================================================
CONNECTION STATUS: UP | broker link: UP | server: MetaQuotes-Demo
ACCOUNT INFO
  login:    5055783885
  server:   MetaQuotes-Demo
  currency: EUR
  balance:  50000.0
  equity:   50000.0
  margin:   0.0  free: 50000.0  level: 0.0
  profit (floating): 0.0
  leverage: 1:100
  trade_allowed: True
OPEN POSITIONS: none
BACKEND PUSH: ok
========================================================================
{"timestamp": "2026-09-15T08:14:29.493825+00:00", "level": "INFO", "logger": "collector.runner", "message": "snapshot cycle complete", "context": {"mt5_connected": true, "open_positions": 0, "push_ok": true}}
========================================================================
CONNECTION STATUS: UP | broker link: UP | server: MetaQuotes-Demo
ACCOUNT INFO
  login:    5055783885
  server:   MetaQuotes-Demo
  currency: EUR
  balance:  50000.0
  equity:   50000.0
  margin:   0.0  free: 50000.0  level: 0.0
  profit (floating): 0.0
  leverage: 1:100
  trade_allowed: True
OPEN POSITIONS: none
BACKEND PUSH: ok
========================================================================
{"timestamp": "2026-09-15T08:14:39.690866+00:00", "level": "INFO", "logger": "collector.runner", "message": "snapshot cycle complete", "context": {"mt5_connected": true, "open_positions": 0, "push_ok": true}}
{"timestamp": "2026-09-15T08:14:39.976944+00:00", "level": "INFO", "logger": "collector.runner", "message": "trade sync pushed", "context": {"date_from": "2026-09-15T08:08:38.450000+00:00", "deals_sent": 0, "trades_created": 0, "trades_updated": 0}}
RECENT DEALS (last 90d): none
========================================================================
CONNECTION STATUS: UP | broker link: UP | server: MetaQuotes-Demo
ACCOUNT INFO
  login:    5055783885
  server:   MetaQuotes-Demo
  currency: EUR
  balance:  50000.0
  equity:   50000.0
  margin:   0.0  free: 50000.0  level: 0.0
  profit (floating): 0.0
  leverage: 1:100
  trade_allowed: True
OPEN POSITIONS: none
BACKEND PUSH: ok
========================================================================
{"timestamp": "2026-09-15T08:14:50.148285+00:00", "level": "INFO", "logger": "collector.runner", "message": "snapshot cycle complete", "context": {"mt5_connected": true, "open_positions": 0, "push_ok": true}}
========================================================================
CONNECTION STATUS: UP | broker link: UP | server: MetaQuotes-Demo
ACCOUNT INFO
  login:    5055783885
  server:   MetaQuotes-Demo
  currency: EUR
  balance:  50000.0
  equity:   50000.0
  margin:   0.0  free: 50000.0  level: 0.0
  profit (floating): 0.0
  leverage: 1:100
  trade_allowed: True
OPEN POSITIONS: none
BACKEND PUSH: ok
========================================================================
{"timestamp": "2026-09-15T08:15:00.436160+00:00", "level": "INFO", "logger": "collector.runner", "message": "snapshot cycle complete", "context": {"mt5_connected": true, "open_positions": 0, "push_ok": true}}
========================================================================
CONNECTION STATUS: UP | broker link: UP | server: MetaQuotes-Demo
ACCOUNT INFO
  login:    5055783885
  server:   MetaQuotes-Demo
  currency: EUR
  balance:  50000.0
  equity:   50000.0
  margin:   0.0  free: 50000.0  level: 0.0
  profit (floating): 0.0
  leverage: 1:100
  trade_allowed: True
OPEN POSITIONS: none
BACKEND PUSH: ok
========================================================================
{"timestamp": "2026-09-15T08:15:10.671219+00:00", "level": "INFO", "logger": "collector.runner", "message": "snapshot cycle complete", "context": {"mt5_connected": true, "open_positions": 0, "push_ok": true}}
========================================================================
CONNECTION STATUS: UP | broker link: UP | server: MetaQuotes-Demo
ACCOUNT INFO
  login:    5055783885
  server:   MetaQuotes-Demo
  currency: EUR
  balance:  50000.0
  equity:   50000.0
  margin:   0.0  free: 50000.0  level: 0.0
  profit (floating): 0.0
  leverage: 1:100
  trade_allowed: True
OPEN POSITIONS: none
BACKEND PUSH: ok
========================================================================
{"timestamp": "2026-09-15T08:15:20.884852+00:00", "level": "INFO", "logger": "collector.runner", "message": "snapshot cycle complete", "context": {"mt5_connected": true, "open_positions": 0, "push_ok": true}}
========================================================================
CONNECTION STATUS: UP | broker link: UP | server: MetaQuotes-Demo
ACCOUNT INFO
  login:    5055783885
  server:   MetaQuotes-Demo
  currency: EUR
  balance:  50000.0
  equity:   50000.0
  margin:   0.0  free: 50000.0  level: 0.0
  profit (floating): 0.0
  leverage: 1:100
  trade_allowed: True
OPEN POSITIONS: none
BACKEND PUSH: ok
========================================================================
{"timestamp": "2026-09-15T08:15:31.086549+00:00", "level": "INFO", "logger": "collector.runner", "message": "snapshot cycle complete", "context": {"mt5_connected": true, "open_positions": 0, "push_ok": true}}
========================================================================
CONNECTION STATUS: UP | broker link: UP | server: MetaQuotes-Demo
ACCOUNT INFO
  login:    5055783885
  server:   MetaQuotes-Demo
  currency: EUR
  balance:  50000.0
  equity:   50000.0
  margin:   0.0  free: 50000.0  level: 0.0
  profit (floating): 0.0
  leverage: 1:100
  trade_allowed: True
OPEN POSITIONS: none
BACKEND PUSH: ok
========================================================================
{"timestamp": "2026-09-15T08:15:41.267750+00:00", "level": "INFO", "logger": "collector.runner", "message": "snapshot cycle complete", "context": {"mt5_connected": true, "open_positions": 0, "push_ok": true}}
{"timestamp": "2026-09-15T08:15:41.554663+00:00", "level": "INFO", "logger": "collector.runner", "message": "trade sync pushed", "context": {"date_from": "2026-09-15T08:09:39.967000+00:00", "deals_sent": 0, "trades_created": 0, "trades_updated": 0}}
RECENT DEALS (last 90d): none
========================================================================
CONNECTION STATUS: UP | broker link: UP | server: MetaQuotes-Demo
ACCOUNT INFO
  login:    5055783885
  server:   MetaQuotes-Demo
  currency: EUR
  balance:  50000.0
  equity:   50000.0
  margin:   0.0  free: 50000.0  level: 0.0
  profit (floating): 0.0
  leverage: 1:100
  trade_allowed: True
OPEN POSITIONS: none
BACKEND PUSH: ok
========================================================================
{"timestamp": "2026-09-15T08:15:51.754285+00:00", "level": "INFO", "logger": "collector.runner", "message": "snapshot cycle complete", "context": {"mt5_connected": true, "open_positions": 0, "push_ok": true}}
========================================================================
CONNECTION STATUS: UP | broker link: UP | server: MetaQuotes-Demo
ACCOUNT INFO
  login:    5055783885
  server:   MetaQuotes-Demo
  currency: EUR
  balance:  50000.0
  equity:   50000.0
  margin:   0.0  free: 50000.0  level: 0.0
  profit (floating): 0.0
  leverage: 1:100
  trade_allowed: True
OPEN POSITIONS: none
BACKEND PUSH: ok
========================================================================
{"timestamp": "2026-09-15T08:16:01.967180+00:00", "level": "INFO", "logger": "collector.runner", "message": "snapshot cycle complete", "context": {"mt5_connected": true, "open_positions": 0, "push_ok": true}}
========================================================================
CONNECTION STATUS: UP | broker link: UP | server: MetaQuotes-Demo
ACCOUNT INFO
  login:    5055783885
  server:   MetaQuotes-Demo
  currency: EUR
  balance:  50000.0
  equity:   50000.0
  margin:   0.0  free: 50000.0  level: 0.0
  profit (floating): 0.0
  leverage: 1:100
  trade_allowed: True
OPEN POSITIONS: none
BACKEND PUSH: ok
========================================================================
{"timestamp": "2026-09-15T08:16:12.808019+00:00", "level": "INFO", "logger": "collector.runner", "message": "snapshot cycle complete", "context": {"mt5_connected": true, "open_positions": 0, "push_ok": true}}
========================================================================
CONNECTION STATUS: UP | broker link: UP | server: MetaQuotes-Demo
ACCOUNT INFO
  login:    5055783885
  server:   MetaQuotes-Demo
  currency: EUR
  balance:  50000.0
  equity:   50000.0
  margin:   0.0  free: 50000.0  level: 0.0
  profit (floating): 0.0
  leverage: 1:100
  trade_allowed: True
OPEN POSITIONS: none
BACKEND PUSH: ok
========================================================================
{"timestamp": "2026-09-15T08:16:23.087026+00:00", "level": "INFO", "logger": "collector.runner", "message": "snapshot cycle complete", "context": {"mt5_connected": true, "open_positions": 0, "push_ok": true}}
========================================================================
CONNECTION STATUS: UP | broker link: UP | server: MetaQuotes-Demo
ACCOUNT INFO
  login:    5055783885
  server:   MetaQuotes-Demo
  currency: EUR
  balance:  50000.0
  equity:   50000.0
  margin:   0.0  free: 50000.0  level: 0.0
  profit (floating): 0.0
  leverage: 1:100
  trade_allowed: True
OPEN POSITIONS: none
BACKEND PUSH: ok
========================================================================
{"timestamp": "2026-09-15T08:16:33.518220+00:00", "level": "INFO", "logger": "collector.runner", "message": "snapshot cycle complete", "context": {"mt5_connected": true, "open_positions": 0, "push_ok": true}}
========================================================================
CONNECTION STATUS: UP | broker link: UP | server: MetaQuotes-Demo
ACCOUNT INFO
  login:    5055783885
  server:   MetaQuotes-Demo
  currency: EUR
  balance:  50000.0
  equity:   50000.0
  margin:   0.0  free: 50000.0  level: 0.0
  profit (floating): 0.0
  leverage: 1:100
  trade_allowed: True
OPEN POSITIONS: none
BACKEND PUSH: ok
========================================================================
{"timestamp": "2026-09-15T08:16:43.814196+00:00", "level": "INFO", "logger": "collector.runner", "message": "snapshot cycle complete", "context": {"mt5_connected": true, "open_positions": 0, "push_ok": true}}
{"timestamp": "2026-09-15T08:16:44.185464+00:00", "level": "INFO", "logger": "collector.runner", "message": "trade sync pushed", "context": {"date_from": "2026-09-15T08:10:41.545000+00:00", "deals_sent": 0, "trades_created": 0, "trades_updated": 0}}
RECENT DEALS (last 90d): none
========================================================================
CONNECTION STATUS: UP | broker link: UP | server: MetaQuotes-Demo
ACCOUNT INFO
  login:    5055783885
  server:   MetaQuotes-Demo
  currency: EUR
  balance:  50000.0
  equity:   50000.0
  margin:   0.0  free: 50000.0  level: 0.0
  profit (floating): 0.0
  leverage: 1:100
  trade_allowed: True
OPEN POSITIONS: none
BACKEND PUSH: ok
========================================================================
{"timestamp": "2026-09-15T08:16:55.335914+00:00", "level": "INFO", "logger": "collector.runner", "message": "snapshot cycle complete", "context": {"mt5_connected": true, "open_positions": 0, "push_ok": true}}
========================================================================
CONNECTION STATUS: UP | broker link: UP | server: MetaQuotes-Demo
ACCOUNT INFO
  login:    5055783885
  server:   MetaQuotes-Demo
  currency: EUR
  balance:  50000.0
  equity:   50000.0
  margin:   0.0  free: 50000.0  level: 0.0
  profit (floating): 0.0
  leverage: 1:100
  trade_allowed: True
OPEN POSITIONS: none
BACKEND PUSH: ok
========================================================================
{"timestamp": "2026-09-15T08:17:05.652302+00:00", "level": "INFO", "logger": "collector.runner", "message": "snapshot cycle complete", "context": {"mt5_connected": true, "open_positions": 0, "push_ok": true}}
========================================================================
CONNECTION STATUS: UP | broker link: UP | server: MetaQuotes-Demo
ACCOUNT INFO
  login:    5055783885
  server:   MetaQuotes-Demo
  currency: EUR
  balance:  50000.0
  equity:   50000.0
  margin:   0.0  free: 50000.0  level: 0.0
  profit (floating): 0.0
  leverage: 1:100
  trade_allowed: True
OPEN POSITIONS: none
BACKEND PUSH: ok
========================================================================
{"timestamp": "2026-09-15T08:17:15.954433+00:00", "level": "INFO", "logger": "collector.runner", "message": "snapshot cycle complete", "context": {"mt5_connected": true, "open_positions": 0, "push_ok": true}}
========================================================================
CONNECTION STATUS: UP | broker link: UP | server: MetaQuotes-Demo
ACCOUNT INFO
  login:    5055783885
  server:   MetaQuotes-Demo
  currency: EUR
  balance:  50000.0
  equity:   50000.0
  margin:   0.0  free: 50000.0  level: 0.0
  profit (floating): 0.0
  leverage: 1:100
  trade_allowed: True
OPEN POSITIONS: none
BACKEND PUSH: ok
========================================================================
{"timestamp": "2026-09-15T08:17:26.241950+00:00", "level": "INFO", "logger": "collector.runner", "message": "snapshot cycle complete", "context": {"mt5_connected": true, "open_positions": 0, "push_ok": true}}
========================================================================
CONNECTION STATUS: UP | broker link: UP | server: MetaQuotes-Demo
ACCOUNT INFO
  login:    5055783885
  server:   MetaQuotes-Demo
  currency: EUR
  balance:  50000.0
  equity:   50000.0
  margin:   0.0  free: 50000.0  level: 0.0
  profit (floating): 0.0
  leverage: 1:100
  trade_allowed: True
OPEN POSITIONS: none
BACKEND PUSH: ok
========================================================================
{"timestamp": "2026-09-15T08:17:36.479076+00:00", "level": "INFO", "logger": "collector.runner", "message": "snapshot cycle complete", "context": {"mt5_connected": true, "open_positions": 0, "push_ok": true}}
========================================================================
CONNECTION STATUS: UP | broker link: UP | server: MetaQuotes-Demo
ACCOUNT INFO
  login:    5055783885
  server:   MetaQuotes-Demo
  currency: EUR
  balance:  50000.0
  equity:   50000.0
  margin:   0.0  free: 50000.0  level: 0.0
  profit (floating): 0.0
  leverage: 1:100
  trade_allowed: True
OPEN POSITIONS: none
BACKEND PUSH: ok
========================================================================
{"timestamp": "2026-09-15T08:17:46.692453+00:00", "level": "INFO", "logger": "collector.runner", "message": "snapshot cycle complete", "context": {"mt5_connected": true, "open_positions": 0, "push_ok": true}}
{"timestamp": "2026-09-15T08:17:46.991669+00:00", "level": "INFO", "logger": "collector.runner", "message": "trade sync pushed", "context": {"date_from": "2026-09-15T08:11:44.134000+00:00", "deals_sent": 0, "trades_created": 0, "trades_updated": 0}}
RECENT DEALS (last 90d): none
{"timestamp": "2026-09-15T08:17:47.139687+00:00", "level": "INFO", "logger": "collector.runner", "message": "candle sync (incremental)", "context": {"symbol": "EURUSD", "timeframe": "M5", "date_from": "2026-09-15T09:25:00+00:00"}}
{"timestamp": "2026-09-15T08:17:47.278895+00:00", "level": "INFO", "logger": "collector.runner", "message": "candle sync (incremental)", "context": {"symbol": "EURUSD", "timeframe": "M15", "date_from": "2026-09-15T08:45:00+00:00"}}
{"timestamp": "2026-09-15T08:17:47.460140+00:00", "level": "INFO", "logger": "collector.runner", "message": "candle sync (incremental)", "context": {"symbol": "EURUSD", "timeframe": "H1", "date_from": "2026-09-15T07:00:00+00:00"}}
{"timestamp": "2026-09-15T08:17:47.656734+00:00", "level": "INFO", "logger": "collector.runner", "message": "candle batch pushed", "context": {"symbol": "EURUSD", "timeframe": "H1", "batch_size": 1, "upserted": 1}}
{"timestamp": "2026-09-15T08:17:47.793335+00:00", "level": "INFO", "logger": "collector.runner", "message": "candle sync (incremental)", "context": {"symbol": "EURUSD", "timeframe": "M30", "date_from": "2026-09-15T07:30:00+00:00"}}
{"timestamp": "2026-09-15T08:17:47.961407+00:00", "level": "INFO", "logger": "collector.runner", "message": "candle batch pushed", "context": {"symbol": "EURUSD", "timeframe": "M30", "batch_size": 1, "upserted": 1}}
{"timestamp": "2026-09-15T08:17:48.138323+00:00", "level": "INFO", "logger": "collector.runner", "message": "candle sync (incremental)", "context": {"symbol": "EURUSD", "timeframe": "H4", "date_from": "2026-09-14T16:00:00+00:00"}}
{"timestamp": "2026-09-15T08:17:48.304009+00:00", "level": "INFO", "logger": "collector.runner", "message": "candle batch pushed", "context": {"symbol": "EURUSD", "timeframe": "H4", "batch_size": 3, "upserted": 3}}
{"timestamp": "2026-09-15T08:17:48.438063+00:00", "level": "INFO", "logger": "collector.runner", "message": "candle sync (incremental)", "context": {"symbol": "EURUSD", "timeframe": "D1", "date_from": "2026-09-11T00:00:00+00:00"}}
{"timestamp": "2026-09-15T08:17:48.591277+00:00", "level": "INFO", "logger": "collector.runner", "message": "candle batch pushed", "context": {"symbol": "EURUSD", "timeframe": "D1", "batch_size": 1, "upserted": 1}}
{"timestamp": "2026-09-15T08:17:48.733482+00:00", "level": "INFO", "logger": "collector.runner", "message": "candle sync (incremental)", "context": {"symbol": "EURUSD", "timeframe": "W1", "date_from": "2026-08-16T00:00:00+00:00"}}
{"timestamp": "2026-09-15T08:17:48.891067+00:00", "level": "INFO", "logger": "collector.runner", "message": "candle batch pushed", "context": {"symbol": "EURUSD", "timeframe": "W1", "batch_size": 3, "upserted": 3}}
{"timestamp": "2026-09-15T08:17:49.031864+00:00", "level": "INFO", "logger": "collector.runner", "message": "candle sync (incremental)", "context": {"symbol": "EURUSD", "timeframe": "MN1", "date_from": "2026-04-30T00:00:00+00:00"}}
{"timestamp": "2026-09-15T08:17:49.180245+00:00", "level": "INFO", "logger": "collector.runner", "message": "candle batch pushed", "context": {"symbol": "EURUSD", "timeframe": "MN1", "batch_size": 4, "upserted": 4}}
{"timestamp": "2026-09-15T08:17:49.318610+00:00", "level": "INFO", "logger": "collector.runner", "message": "candle sync (incremental)", "context": {"symbol": "XAUUSD", "timeframe": "M1", "date_from": "2026-09-15T09:42:00+00:00"}}
{"timestamp": "2026-09-15T08:17:49.455842+00:00", "level": "INFO", "logger": "collector.runner", "message": "candle sync (incremental)", "context": {"symbol": "XAUUSD", "timeframe": "M5", "date_from": "2026-09-15T09:25:00+00:00"}}
{"timestamp": "2026-09-15T08:17:49.628792+00:00", "level": "INFO", "logger": "collector.runner", "message": "candle sync (incremental)", "context": {"symbol": "XAUUSD", "timeframe": "M15", "date_from": "2026-09-15T08:45:00+00:00"}}
{"timestamp": "2026-09-15T08:17:49.769518+00:00", "level": "INFO", "logger": "collector.runner", "message": "candle sync (incremental)", "context": {"symbol": "XAUUSD", "timeframe": "M30", "date_from": "2026-09-15T07:30:00+00:00"}}
{"timestamp": "2026-09-15T08:17:49.924500+00:00", "level": "INFO", "logger": "collector.runner", "message": "candle batch pushed", "context": {"symbol": "XAUUSD", "timeframe": "M30", "batch_size": 1, "upserted": 1}}
{"timestamp": "2026-09-15T08:17:50.067326+00:00", "level": "INFO", "logger": "collector.runner", "message": "candle sync (incremental)", "context": {"symbol": "XAUUSD", "timeframe": "H1", "date_from": "2026-09-15T07:00:00+00:00"}}
{"timestamp": "2026-09-15T08:17:50.214791+00:00", "level": "INFO", "logger": "collector.runner", "message": "candle batch pushed", "context": {"symbol": "XAUUSD", "timeframe": "H1", "batch_size": 1, "upserted": 1}}
{"timestamp": "2026-09-15T08:17:50.365879+00:00", "level": "INFO", "logger": "collector.runner", "message": "candle sync (incremental)", "context": {"symbol": "XAUUSD", "timeframe": "H4", "date_from": "2026-09-14T16:00:00+00:00"}}
{"timestamp": "2026-09-15T08:17:50.582800+00:00", "level": "INFO", "logger": "collector.runner", "message": "candle batch pushed", "context": {"symbol": "XAUUSD", "timeframe": "H4", "batch_size": 3, "upserted": 3}}
{"timestamp": "2026-09-15T08:17:50.719704+00:00", "level": "INFO", "logger": "collector.runner", "message": "candle sync (incremental)", "context": {"symbol": "XAUUSD", "timeframe": "D1", "date_from": "2026-09-11T00:00:00+00:00"}}
{"timestamp": "2026-09-15T08:17:50.885725+00:00", "level": "INFO", "logger": "collector.runner", "message": "candle batch pushed", "context": {"symbol": "XAUUSD", "timeframe": "D1", "batch_size": 1, "upserted": 1}}
========================================================================
CONNECTION STATUS: UP | broker link: UP | server: MetaQuotes-Demo
ACCOUNT INFO
  login:    5055783885
  server:   MetaQuotes-Demo
  currency: EUR
  balance:  50000.0
  equity:   50000.0
  margin:   0.0  free: 50000.0  level: 0.0
  profit (floating): 0.0
  leverage: 1:100
  trade_allowed: True
OPEN POSITIONS: none
BACKEND PUSH: ok
========================================================================
{"timestamp": "2026-09-15T08:18:01.117814+00:00", "level": "INFO", "logger": "collector.runner", "message": "snapshot cycle complete", "context": {"mt5_connected": true, "open_positions": 0, "push_ok": true}}
========================================================================
CONNECTION STATUS: UP | broker link: UP | server: MetaQuotes-Demo
ACCOUNT INFO
  login:    5055783885
  server:   MetaQuotes-Demo
  currency: EUR
  balance:  50000.0
  equity:   50000.0
  margin:   0.0  free: 50000.0  level: 0.0
  profit (floating): 0.0
  leverage: 1:100
  trade_allowed: True
OPEN POSITIONS: none
BACKEND PUSH: ok
========================================================================
{"timestamp": "2026-09-15T08:18:11.424250+00:00", "level": "INFO", "logger": "collector.runner", "message": "snapshot cycle complete", "context": {"mt5_connected": true, "open_positions": 0, "push_ok": true}}
========================================================================
CONNECTION STATUS: UP | broker link: UP | server: MetaQuotes-Demo
ACCOUNT INFO
  login:    5055783885
  server:   MetaQuotes-Demo
  currency: EUR
  balance:  50000.0
  equity:   50000.0
  margin:   0.0  free: 50000.0  level: 0.0
  profit (floating): 0.0
  leverage: 1:100
  trade_allowed: True
OPEN POSITIONS: none
BACKEND PUSH: ok
========================================================================
{"timestamp": "2026-09-15T08:18:22.923944+00:00", "level": "INFO", "logger": "collector.runner", "message": "snapshot cycle complete", "context": {"mt5_connected": true, "open_positions": 0, "push_ok": true}}
========================================================================
CONNECTION STATUS: UP | broker link: UP | server: MetaQuotes-Demo
ACCOUNT INFO
  login:    5055783885
  server:   MetaQuotes-Demo
  currency: EUR
  balance:  50000.0
  equity:   50000.0
  margin:   0.0  free: 50000.0  level: 0.0
  profit (floating): 0.0
  leverage: 1:100
  trade_allowed: True
OPEN POSITIONS: none
BACKEND PUSH: ok
========================================================================
{"timestamp": "2026-09-15T08:18:33.155715+00:00", "level": "INFO", "logger": "collector.runner", "message": "snapshot cycle complete", "context": {"mt5_connected": true, "open_positions": 0, "push_ok": true}}
========================================================================
CONNECTION STATUS: UP | broker link: UP | server: MetaQuotes-Demo
ACCOUNT INFO
  login:    5055783885
  server:   MetaQuotes-Demo
  currency: EUR
  balance:  50000.0
  equity:   50000.0
  margin:   0.0  free: 50000.0  level: 0.0
  profit (floating): 0.0
  leverage: 1:100
  trade_allowed: True
OPEN POSITIONS: none
BACKEND PUSH: ok
========================================================================
{"timestamp": "2026-09-15T08:18:44.322167+00:00", "level": "INFO", "logger": "collector.runner", "message": "snapshot cycle complete", "context": {"mt5_connected": true, "open_positions": 0, "push_ok": true}}
========================================================================
CONNECTION STATUS: UP | broker link: UP | server: MetaQuotes-Demo
ACCOUNT INFO
  login:    5055783885
  server:   MetaQuotes-Demo
  currency: EUR
  balance:  50000.0
  equity:   50000.0
  margin:   0.0  free: 50000.0  level: 0.0
  profit (floating): 0.0
  leverage: 1:100
  trade_allowed: True
OPEN POSITIONS: none
BACKEND PUSH: ok
========================================================================
{"timestamp": "2026-09-15T08:18:54.492223+00:00", "level": "INFO", "logger": "collector.runner", "message": "snapshot cycle complete", "context": {"mt5_connected": true, "open_positions": 0, "push_ok": true}}
{"timestamp": "2026-09-15T08:18:54.780347+00:00", "level": "INFO", "logger": "collector.runner", "message": "trade sync pushed", "context": {"date_from": "2026-09-15T08:12:46.980000+00:00", "deals_sent": 0, "trades_created": 0, "trades_updated": 0}}
RECENT DEALS (last 90d): none
========================================================================
CONNECTION STATUS: UP | broker link: UP | server: MetaQuotes-Demo
ACCOUNT INFO
  login:    5055783885
  server:   MetaQuotes-Demo
  currency: EUR
  balance:  50000.0
  equity:   50000.0
  margin:   0.0  free: 50000.0  level: 0.0
  profit (floating): 0.0
  leverage: 1:100
  trade_allowed: True
OPEN POSITIONS: none
BACKEND PUSH: ok
========================================================================
{"timestamp": "2026-09-15T08:19:05.001426+00:00", "level": "INFO", "logger": "collector.runner", "message": "snapshot cycle complete", "context": {"mt5_connected": true, "open_positions": 0, "push_ok": true}}
========================================================================
CONNECTION STATUS: UP | broker link: UP | server: MetaQuotes-Demo
ACCOUNT INFO
  login:    5055783885
  server:   MetaQuotes-Demo
  currency: EUR
  balance:  50000.0
  equity:   50000.0
  margin:   0.0  free: 50000.0  level: 0.0
  profit (floating): 0.0
  leverage: 1:100
  trade_allowed: True
OPEN POSITIONS: none
BACKEND PUSH: ok
========================================================================
{"timestamp": "2026-09-15T08:19:15.237814+00:00", "level": "INFO", "logger": "collector.runner", "message": "snapshot cycle complete", "context": {"mt5_connected": true, "open_positions": 0, "push_ok": true}}
========================================================================
CONNECTION STATUS: UP | broker link: UP | server: MetaQuotes-Demo
ACCOUNT INFO
  login:    5055783885
  server:   MetaQuotes-Demo
  currency: EUR
  balance:  50000.0
  equity:   50000.0
  margin:   0.0  free: 50000.0  level: 0.0
  profit (floating): 0.0
  leverage: 1:100
  trade_allowed: True
OPEN POSITIONS: none
BACKEND PUSH: ok
========================================================================
{"timestamp": "2026-09-15T08:19:25.641924+00:00", "level": "INFO", "logger": "collector.runner", "message": "snapshot cycle complete", "context": {"mt5_connected": true, "open_positions": 0, "push_ok": true}}
========================================================================
CONNECTION STATUS: UP | broker link: UP | server: MetaQuotes-Demo
ACCOUNT INFO
  login:    5055783885
  server:   MetaQuotes-Demo
  currency: EUR
  balance:  50000.0
  equity:   50000.0
  margin:   0.0  free: 50000.0  level: 0.0
  profit (floating): 0.0
  leverage: 1:100
  trade_allowed: True
OPEN POSITIONS: none
BACKEND PUSH: ok
========================================================================
{"timestamp": "2026-09-15T08:19:35.869609+00:00", "level": "INFO", "logger": "collector.runner", "message": "snapshot cycle complete", "context": {"mt5_connected": true, "open_positions": 0, "push_ok": true}}
========================================================================
CONNECTION STATUS: UP | broker link: UP | server: MetaQuotes-Demo
ACCOUNT INFO
  login:    5055783885
  server:   MetaQuotes-Demo
  currency: EUR
  balance:  50000.0
  equity:   50000.0
  margin:   0.0  free: 50000.0  level: 0.0
  profit (floating): 0.0
  leverage: 1:100
  trade_allowed: True
OPEN POSITIONS: none
BACKEND PUSH: ok
========================================================================
{"timestamp": "2026-09-15T08:19:46.073458+00:00", "level": "INFO", "logger": "collector.runner", "message": "snapshot cycle complete", "context": {"mt5_connected": true, "open_positions": 0, "push_ok": true}}
========================================================================
CONNECTION STATUS: UP | broker link: UP | server: MetaQuotes-Demo
ACCOUNT INFO
  login:    5055783885
  server:   MetaQuotes-Demo
  currency: EUR
  balance:  50000.0
  equity:   50000.0
  margin:   0.0  free: 50000.0  level: 0.0
  profit (floating): 0.0
  leverage: 1:100
  trade_allowed: True
OPEN POSITIONS: none
BACKEND PUSH: ok
========================================================================
{"timestamp": "2026-09-15T08:19:56.283013+00:00", "level": "INFO", "logger": "collector.runner", "message": "snapshot cycle complete", "context": {"mt5_connected": true, "open_positions": 0, "push_ok": true}}
{"timestamp": "2026-09-15T08:19:56.655233+00:00", "level": "INFO", "logger": "collector.runner", "message": "trade sync pushed", "context": {"date_from": "2026-09-15T08:13:54.770000+00:00", "deals_sent": 0, "trades_created": 0, "trades_updated": 0}}
RECENT DEALS (last 90d): none
========================================================================
CONNECTION STATUS: UP | broker link: UP | server: MetaQuotes-Demo
ACCOUNT INFO
  login:    5055783885
  server:   MetaQuotes-Demo
  currency: EUR
  balance:  50000.0
  equity:   50000.0
  margin:   0.0  free: 50000.0  level: 0.0
  profit (floating): 0.0
  leverage: 1:100
  trade_allowed: True
OPEN POSITIONS: none
BACKEND PUSH: ok
========================================================================
{"timestamp": "2026-09-15T08:20:06.823324+00:00", "level": "INFO", "logger": "collector.runner", "message": "snapshot cycle complete", "context": {"mt5_connected": true, "open_positions": 0, "push_ok": true}}
========================================================================
CONNECTION STATUS: UP | broker link: UP | server: MetaQuotes-Demo
ACCOUNT INFO
  login:    5055783885
  server:   MetaQuotes-Demo
  currency: EUR
  balance:  50000.0
  equity:   50000.0
  margin:   0.0  free: 50000.0  level: 0.0
  profit (floating): 0.0
  leverage: 1:100
  trade_allowed: True
OPEN POSITIONS: none
BACKEND PUSH: ok
========================================================================
{"timestamp": "2026-09-15T08:20:17.026692+00:00", "level": "INFO", "logger": "collector.runner", "message": "snapshot cycle complete", "context": {"mt5_connected": true, "open_positions": 0, "push_ok": true}}
========================================================================
CONNECTION STATUS: UP | broker link: UP | server: MetaQuotes-Demo
ACCOUNT INFO
  login:    5055783885
  server:   MetaQuotes-Demo
  currency: EUR
  balance:  50000.0
  equity:   50000.0
  margin:   0.0  free: 50000.0  level: 0.0
  profit (floating): 0.0
  leverage: 1:100
  trade_allowed: True
OPEN POSITIONS: none
BACKEND PUSH: ok
========================================================================
{"timestamp": "2026-09-15T08:20:27.300606+00:00", "level": "INFO", "logger": "collector.runner", "message": "snapshot cycle complete", "context": {"mt5_connected": true, "open_positions": 0, "push_ok": true}}
========================================================================
CONNECTION STATUS: UP | broker link: UP | server: MetaQuotes-Demo
ACCOUNT INFO
  login:    5055783885
  server:   MetaQuotes-Demo
  currency: EUR
  balance:  50000.0
  equity:   50000.0
  margin:   0.0  free: 50000.0  level: 0.0
  profit (floating): 0.0
  leverage: 1:100
  trade_allowed: True
OPEN POSITIONS: none
BACKEND PUSH: ok
========================================================================
{"timestamp": "2026-09-15T08:20:37.592003+00:00", "level": "INFO", "logger": "collector.runner", "message": "snapshot cycle complete", "context": {"mt5_connected": true, "open_positions": 0, "push_ok": true}}
========================================================================
CONNECTION STATUS: UP | broker link: UP | server: MetaQuotes-Demo
ACCOUNT INFO
  login:    5055783885
  server:   MetaQuotes-Demo
  currency: EUR
  balance:  50000.0
  equity:   50000.0
  margin:   0.0  free: 50000.0  level: 0.0
  profit (floating): 0.0
  leverage: 1:100
  trade_allowed: True
OPEN POSITIONS: none
BACKEND PUSH: ok
========================================================================
{"timestamp": "2026-09-15T08:20:47.884667+00:00", "level": "INFO", "logger": "collector.runner", "message": "snapshot cycle complete", "context": {"mt5_connected": true, "open_positions": 0, "push_ok": true}}
========================================================================
CONNECTION STATUS: UP | broker link: UP | server: MetaQuotes-Demo
ACCOUNT INFO
  login:    5055783885
  server:   MetaQuotes-Demo
  currency: EUR
  balance:  50000.0
  equity:   50000.0
  margin:   0.0  free: 50000.0  level: 0.0
  profit (floating): 0.0
  leverage: 1:100
  trade_allowed: True
OPEN POSITIONS: none
BACKEND PUSH: ok
========================================================================
{"timestamp": "2026-09-15T08:20:58.072740+00:00", "level": "INFO", "logger": "collector.runner", "message": "snapshot cycle complete", "context": {"mt5_connected": true, "open_positions": 0, "push_ok": true}}
{"timestamp": "2026-09-15T08:20:58.346202+00:00", "level": "INFO", "logger": "collector.runner", "message": "trade sync pushed", "context": {"date_from": "2026-09-15T08:14:56.643000+00:00", "deals_sent": 0, "trades_created": 0, "trades_updated": 0}}
RECENT DEALS (last 90d): none
========================================================================
CONNECTION STATUS: UP | broker link: UP | server: MetaQuotes-Demo
ACCOUNT INFO
  login:    5055783885
  server:   MetaQuotes-Demo
  currency: EUR
  balance:  50000.0
  equity:   50000.0
  margin:   0.0  free: 50000.0  level: 0.0
  profit (floating): 0.0
  leverage: 1:100
  trade_allowed: True
OPEN POSITIONS: none
BACKEND PUSH: ok
========================================================================
{"timestamp": "2026-09-15T08:21:08.522735+00:00", "level": "INFO", "logger": "collector.runner", "message": "snapshot cycle complete", "context": {"mt5_connected": true, "open_positions": 0, "push_ok": true}}
========================================================================
CONNECTION STATUS: UP | broker link: UP | server: MetaQuotes-Demo
ACCOUNT INFO
  login:    5055783885
  server:   MetaQuotes-Demo
  currency: EUR
  balance:  50000.0
  equity:   50000.0
  margin:   0.0  free: 50000.0  level: 0.0
  profit (floating): 0.0
  leverage: 1:100
  trade_allowed: True
OPEN POSITIONS: none
BACKEND PUSH: ok
========================================================================
{"timestamp": "2026-09-15T08:21:18.730727+00:00", "level": "INFO", "logger": "collector.runner", "message": "snapshot cycle complete", "context": {"mt5_connected": true, "open_positions": 0, "push_ok": true}}
========================================================================
CONNECTION STATUS: UP | broker link: UP | server: MetaQuotes-Demo
ACCOUNT INFO
  login:    5055783885
  server:   MetaQuotes-Demo
  currency: EUR
  balance:  50000.0
  equity:   50000.0
  margin:   0.0  free: 50000.0  level: 0.0
  profit (floating): 0.0
  leverage: 1:100
  trade_allowed: True
OPEN POSITIONS: none
BACKEND PUSH: ok
========================================================================
{"timestamp": "2026-09-15T08:21:28.946342+00:00", "level": "INFO", "logger": "collector.runner", "message": "snapshot cycle complete", "context": {"mt5_connected": true, "open_positions": 0, "push_ok": true}}
========================================================================
CONNECTION STATUS: UP | broker link: UP | server: MetaQuotes-Demo
ACCOUNT INFO
  login:    5055783885
  server:   MetaQuotes-Demo
  currency: EUR
  balance:  50000.0
  equity:   50000.0
  margin:   0.0  free: 50000.0  level: 0.0
  profit (floating): 0.0
  leverage: 1:100
  trade_allowed: True
OPEN POSITIONS: none
BACKEND PUSH: ok
========================================================================
{"timestamp": "2026-09-15T08:21:39.140949+00:00", "level": "INFO", "logger": "collector.runner", "message": "snapshot cycle complete", "context": {"mt5_connected": true, "open_positions": 0, "push_ok": true}}
========================================================================
CONNECTION STATUS: UP | broker link: UP | server: MetaQuotes-Demo
ACCOUNT INFO
  login:    5055783885
  server:   MetaQuotes-Demo
  currency: EUR
  balance:  50000.0
  equity:   50000.0
  margin:   0.0  free: 50000.0  level: 0.0
  profit (floating): 0.0
  leverage: 1:100
  trade_allowed: True
OPEN POSITIONS: none
BACKEND PUSH: ok
========================================================================
{"timestamp": "2026-09-15T08:21:49.327335+00:00", "level": "INFO", "logger": "collector.runner", "message": "snapshot cycle complete", "context": {"mt5_connected": true, "open_positions": 0, "push_ok": true}}
========================================================================
CONNECTION STATUS: UP | broker link: UP | server: MetaQuotes-Demo
ACCOUNT INFO
  login:    5055783885
  server:   MetaQuotes-Demo
  currency: EUR
  balance:  50000.0
  equity:   50000.0
  margin:   0.0  free: 50000.0  level: 0.0
  profit (floating): 0.0
  leverage: 1:100
  trade_allowed: True
OPEN POSITIONS: none
BACKEND PUSH: ok
========================================================================
{"timestamp": "2026-09-15T08:21:59.560583+00:00", "level": "INFO", "logger": "collector.runner", "message": "snapshot cycle complete", "context": {"mt5_connected": true, "open_positions": 0, "push_ok": true}}
{"timestamp": "2026-09-15T08:21:59.866279+00:00", "level": "INFO", "logger": "collector.runner", "message": "trade sync pushed", "context": {"date_from": "2026-09-15T08:15:58.338000+00:00", "deals_sent": 0, "trades_created": 0, "trades_updated": 0}}
RECENT DEALS (last 90d): none
========================================================================
CONNECTION STATUS: UP | broker link: UP | server: MetaQuotes-Demo
ACCOUNT INFO
  login:    5055783885
  server:   MetaQuotes-Demo
  currency: EUR
  balance:  50000.0
  equity:   50000.0
  margin:   0.0  free: 50000.0  level: 0.0
  profit (floating): 0.0
  leverage: 1:100
  trade_allowed: True
OPEN POSITIONS: none
BACKEND PUSH: ok
========================================================================
{"timestamp": "2026-09-15T08:22:10.108694+00:00", "level": "INFO", "logger": "collector.runner", "message": "snapshot cycle complete", "context": {"mt5_connected": true, "open_positions": 0, "push_ok": true}}
========================================================================
CONNECTION STATUS: UP | broker link: UP | server: MetaQuotes-Demo
ACCOUNT INFO
  login:    5055783885
  server:   MetaQuotes-Demo
  currency: EUR
  balance:  50000.0
  equity:   50000.0
  margin:   0.0  free: 50000.0  level: 0.0
  profit (floating): 0.0
  leverage: 1:100
  trade_allowed: True
OPEN POSITIONS: none
BACKEND PUSH: ok
========================================================================
{"timestamp": "2026-09-15T08:22:20.345714+00:00", "level": "INFO", "logger": "collector.runner", "message": "snapshot cycle complete", "context": {"mt5_connected": true, "open_positions": 0, "push_ok": true}}
========================================================================
CONNECTION STATUS: UP | broker link: UP | server: MetaQuotes-Demo
ACCOUNT INFO
  login:    5055783885
  server:   MetaQuotes-Demo
  currency: EUR
  balance:  50000.0
  equity:   50000.0
  margin:   0.0  free: 50000.0  level: 0.0
  profit (floating): 0.0
  leverage: 1:100
  trade_allowed: True
OPEN POSITIONS: none
BACKEND PUSH: ok
========================================================================
{"timestamp": "2026-09-15T08:22:30.602930+00:00", "level": "INFO", "logger": "collector.runner", "message": "snapshot cycle complete", "context": {"mt5_connected": true, "open_positions": 0, "push_ok": true}}
========================================================================
CONNECTION STATUS: UP | broker link: UP | server: MetaQuotes-Demo
ACCOUNT INFO
  login:    5055783885
  server:   MetaQuotes-Demo
  currency: EUR
  balance:  50000.0
  equity:   50000.0
  margin:   0.0  free: 50000.0  level: 0.0
  profit (floating): 0.0
  leverage: 1:100
  trade_allowed: True
OPEN POSITIONS: none
BACKEND PUSH: ok
========================================================================
{"timestamp": "2026-09-15T08:22:40.882235+00:00", "level": "INFO", "logger": "collector.runner", "message": "snapshot cycle complete", "context": {"mt5_connected": true, "open_positions": 0, "push_ok": true}}
========================================================================
CONNECTION STATUS: UP | broker link: UP | server: MetaQuotes-Demo
ACCOUNT INFO
  login:    5055783885
  server:   MetaQuotes-Demo
  currency: EUR
  balance:  50000.0
  equity:   50000.0
  margin:   0.0  free: 50000.0  level: 0.0
  profit (floating): 0.0
  leverage: 1:100
  trade_allowed: True
OPEN POSITIONS: none
BACKEND PUSH: ok
========================================================================
{"timestamp": "2026-09-15T08:22:51.087137+00:00", "level": "INFO", "logger": "collector.runner", "message": "snapshot cycle complete", "context": {"mt5_connected": true, "open_positions": 0, "push_ok": true}}
{"timestamp": "2026-09-15T08:22:51.297216+00:00", "level": "INFO", "logger": "collector.runner", "message": "candle sync (incremental)", "context": {"symbol": "EURUSD", "timeframe": "M5", "date_from": "2026-09-15T09:25:00+00:00"}}
{"timestamp": "2026-09-15T08:22:51.482512+00:00", "level": "INFO", "logger": "collector.runner", "message": "candle sync (incremental)", "context": {"symbol": "EURUSD", "timeframe": "M15", "date_from": "2026-09-15T08:45:00+00:00"}}
{"timestamp": "2026-09-15T08:22:51.636160+00:00", "level": "INFO", "logger": "collector.runner", "message": "candle sync (incremental)", "context": {"symbol": "EURUSD", "timeframe": "H1", "date_from": "2026-09-15T07:00:00+00:00"}}
{"timestamp": "2026-09-15T08:22:51.790067+00:00", "level": "INFO", "logger": "collector.runner", "message": "candle batch pushed", "context": {"symbol": "EURUSD", "timeframe": "H1", "batch_size": 1, "upserted": 1}}
{"timestamp": "2026-09-15T08:22:51.925654+00:00", "level": "INFO", "logger": "collector.runner", "message": "candle sync (incremental)", "context": {"symbol": "EURUSD", "timeframe": "M30", "date_from": "2026-09-15T09:00:00+00:00"}}
{"timestamp": "2026-09-15T08:22:52.069088+00:00", "level": "INFO", "logger": "collector.runner", "message": "candle sync (incremental)", "context": {"symbol": "EURUSD", "timeframe": "H4", "date_from": "2026-09-14T16:00:00+00:00"}}
{"timestamp": "2026-09-15T08:22:52.222241+00:00", "level": "INFO", "logger": "collector.runner", "message": "candle batch pushed", "context": {"symbol": "EURUSD", "timeframe": "H4", "batch_size": 3, "upserted": 3}}
{"timestamp": "2026-09-15T08:22:52.381557+00:00", "level": "INFO", "logger": "collector.runner", "message": "candle sync (incremental)", "context": {"symbol": "EURUSD", "timeframe": "D1", "date_from": "2026-09-11T00:00:00+00:00"}}
{"timestamp": "2026-09-15T08:22:52.522864+00:00", "level": "INFO", "logger": "collector.runner", "message": "candle batch pushed", "context": {"symbol": "EURUSD", "timeframe": "D1", "batch_size": 1, "upserted": 1}}
{"timestamp": "2026-09-15T08:22:52.673991+00:00", "level": "INFO", "logger": "collector.runner", "message": "candle sync (incremental)", "context": {"symbol": "EURUSD", "timeframe": "W1", "date_from": "2026-08-16T00:00:00+00:00"}}
{"timestamp": "2026-09-15T08:22:52.816648+00:00", "level": "INFO", "logger": "collector.runner", "message": "candle batch pushed", "context": {"symbol": "EURUSD", "timeframe": "W1", "batch_size": 3, "upserted": 3}}
{"timestamp": "2026-09-15T08:22:52.985481+00:00", "level": "INFO", "logger": "collector.runner", "message": "candle sync (incremental)", "context": {"symbol": "EURUSD", "timeframe": "MN1", "date_from": "2026-04-30T00:00:00+00:00"}}
{"timestamp": "2026-09-15T08:22:53.167914+00:00", "level": "INFO", "logger": "collector.runner", "message": "candle batch pushed", "context": {"symbol": "EURUSD", "timeframe": "MN1", "batch_size": 4, "upserted": 4}}
{"timestamp": "2026-09-15T08:22:53.330551+00:00", "level": "INFO", "logger": "collector.runner", "message": "candle sync (incremental)", "context": {"symbol": "XAUUSD", "timeframe": "M1", "date_from": "2026-09-15T09:42:00+00:00"}}
{"timestamp": "2026-09-15T08:22:53.477752+00:00", "level": "INFO", "logger": "collector.runner", "message": "candle sync (incremental)", "context": {"symbol": "XAUUSD", "timeframe": "M5", "date_from": "2026-09-15T09:25:00+00:00"}}
{"timestamp": "2026-09-15T08:22:53.671056+00:00", "level": "INFO", "logger": "collector.runner", "message": "candle sync (incremental)", "context": {"symbol": "XAUUSD", "timeframe": "M15", "date_from": "2026-09-15T08:45:00+00:00"}}
{"timestamp": "2026-09-15T08:22:53.808143+00:00", "level": "INFO", "logger": "collector.runner", "message": "candle sync (incremental)", "context": {"symbol": "XAUUSD", "timeframe": "M30", "date_from": "2026-09-15T09:00:00+00:00"}}
{"timestamp": "2026-09-15T08:22:53.949817+00:00", "level": "INFO", "logger": "collector.runner", "message": "candle sync (incremental)", "context": {"symbol": "XAUUSD", "timeframe": "H1", "date_from": "2026-09-15T07:00:00+00:00"}}
{"timestamp": "2026-09-15T08:22:54.095806+00:00", "level": "INFO", "logger": "collector.runner", "message": "candle batch pushed", "context": {"symbol": "XAUUSD", "timeframe": "H1", "batch_size": 1, "upserted": 1}}
{"timestamp": "2026-09-15T08:22:54.228918+00:00", "level": "INFO", "logger": "collector.runner", "message": "candle sync (incremental)", "context": {"symbol": "XAUUSD", "timeframe": "H4", "date_from": "2026-09-14T16:00:00+00:00"}}
{"timestamp": "2026-09-15T08:22:54.369923+00:00", "level": "INFO", "logger": "collector.runner", "message": "candle batch pushed", "context": {"symbol": "XAUUSD", "timeframe": "H4", "batch_size": 3, "upserted": 3}}
{"timestamp": "2026-09-15T08:22:54.518732+00:00", "level": "INFO", "logger": "collector.runner", "message": "candle sync (incremental)", "context": {"symbol": "XAUUSD", "timeframe": "D1", "date_from": "2026-09-11T00:00:00+00:00"}}
{"timestamp": "2026-09-15T08:22:54.675438+00:00", "level": "INFO", "logger": "collector.runner", "message": "candle batch pushed", "context": {"symbol": "XAUUSD", "timeframe": "D1", "batch_size": 1, "upserted": 1}}
{"timestamp": "2026-09-15T08:22:56.182972+00:00", "level": "INFO", "logger": "collector.runner", "message": "ongoing tick sync pushed", "context": {"symbol": "EURUSD", "row_count": 826, "inserted": 826}}
{"timestamp": "2026-09-15T08:22:57.527135+00:00", "level": "WARNING", "logger": "collector.runner", "message": "ongoing tick sync push failed, will retry next cycle", "context": {"symbol": "XAUUSD", "error": "POST /collector/ticks returned 500: {\"statusCode\":500,\"message\":\"Internal server error\"}"}}
========================================================================
CONNECTION STATUS: UP | broker link: UP | server: MetaQuotes-Demo
ACCOUNT INFO
  login:    5055783885
  server:   MetaQuotes-Demo
  currency: EUR
  balance:  50000.0
  equity:   50000.0
  margin:   0.0  free: 50000.0  level: 0.0
  profit (floating): 0.0
  leverage: 1:100
  trade_allowed: True
OPEN POSITIONS: none
BACKEND PUSH: ok
========================================================================
{"timestamp": "2026-09-15T08:23:05.769200+00:00", "level": "INFO", "logger": "collector.runner", "message": "snapshot cycle complete", "context": {"mt5_connected": true, "open_positions": 0, "push_ok": true}}
{"timestamp": "2026-09-15T08:23:06.151352+00:00", "level": "INFO", "logger": "collector.runner", "message": "trade sync pushed", "context": {"date_from": "2026-09-15T08:16:59.858000+00:00", "deals_sent": 0, "trades_created": 0, "trades_updated": 0}}
RECENT DEALS (last 90d): none
========================================================================
CONNECTION STATUS: UP | broker link: UP | server: MetaQuotes-Demo
ACCOUNT INFO
  login:    5055783885
  server:   MetaQuotes-Demo
  currency: EUR
  balance:  50000.0
  equity:   50000.0
  margin:   0.0  free: 50000.0  level: 0.0
  profit (floating): 0.0
  leverage: 1:100
  trade_allowed: True
OPEN POSITIONS: none
BACKEND PUSH: ok
========================================================================
{"timestamp": "2026-09-15T08:23:16.331161+00:00", "level": "INFO", "logger": "collector.runner", "message": "snapshot cycle complete", "context": {"mt5_connected": true, "open_positions": 0, "push_ok": true}}
========================================================================
CONNECTION STATUS: UP | broker link: UP | server: MetaQuotes-Demo
ACCOUNT INFO
  login:    5055783885
  server:   MetaQuotes-Demo
  currency: EUR
  balance:  50000.0
  equity:   50000.0
  margin:   0.0  free: 50000.0  level: 0.0
  profit (floating): 0.0
  leverage: 1:100
  trade_allowed: True
OPEN POSITIONS: none
BACKEND PUSH: ok
========================================================================
{"timestamp": "2026-09-15T08:23:26.532091+00:00", "level": "INFO", "logger": "collector.runner", "message": "snapshot cycle complete", "context": {"mt5_connected": true, "open_positions": 0, "push_ok": true}}
========================================================================
CONNECTION STATUS: UP | broker link: UP | server: MetaQuotes-Demo
ACCOUNT INFO
  login:    5055783885
  server:   MetaQuotes-Demo
  currency: EUR
  balance:  50000.0
  equity:   50000.0
  margin:   0.0  free: 50000.0  level: 0.0
  profit (floating): 0.0
  leverage: 1:100
  trade_allowed: True
OPEN POSITIONS: none
BACKEND PUSH: ok
========================================================================
{"timestamp": "2026-09-15T08:23:36.736292+00:00", "level": "INFO", "logger": "collector.runner", "message": "snapshot cycle complete", "context": {"mt5_connected": true, "open_positions": 0, "push_ok": true}}
========================================================================
CONNECTION STATUS: UP | broker link: UP | server: MetaQuotes-Demo
ACCOUNT INFO
  login:    5055783885
  server:   MetaQuotes-Demo
  currency: EUR
  balance:  50000.0
  equity:   50000.0
  margin:   0.0  free: 50000.0  level: 0.0
  profit (floating): 0.0
  leverage: 1:100
  trade_allowed: True
OPEN POSITIONS: none
BACKEND PUSH: ok
========================================================================
{"timestamp": "2026-09-15T08:23:46.924978+00:00", "level": "INFO", "logger": "collector.runner", "message": "snapshot cycle complete", "context": {"mt5_connected": true, "open_positions": 0, "push_ok": true}}
========================================================================
CONNECTION STATUS: UP | broker link: UP | server: MetaQuotes-Demo
ACCOUNT INFO
  login:    5055783885
  server:   MetaQuotes-Demo
  currency: EUR
  balance:  50000.0
  equity:   50000.0
  margin:   0.0  free: 50000.0  level: 0.0
  profit (floating): 0.0
  leverage: 1:100
  trade_allowed: True
OPEN POSITIONS: none
BACKEND PUSH: ok
========================================================================
{"timestamp": "2026-09-15T08:23:57.104328+00:00", "level": "INFO", "logger": "collector.runner", "message": "snapshot cycle complete", "context": {"mt5_connected": true, "open_positions": 0, "push_ok": true}}
========================================================================
CONNECTION STATUS: UP | broker link: UP | server: MetaQuotes-Demo
ACCOUNT INFO
  login:    5055783885
  server:   MetaQuotes-Demo
  currency: EUR
  balance:  50000.0
  equity:   50000.0
  margin:   0.0  free: 50000.0  level: 0.0
  profit (floating): 0.0
  leverage: 1:100
  trade_allowed: True
OPEN POSITIONS: none
BACKEND PUSH: ok
========================================================================
{"timestamp": "2026-09-15T08:24:07.283177+00:00", "level": "INFO", "logger": "collector.runner", "message": "snapshot cycle complete", "context": {"mt5_connected": true, "open_positions": 0, "push_ok": true}}
{"timestamp": "2026-09-15T08:24:07.613815+00:00", "level": "INFO", "logger": "collector.runner", "message": "trade sync pushed", "context": {"date_from": "2026-09-15T08:18:06.139000+00:00", "deals_sent": 0, "trades_created": 0, "trades_updated": 0}}
RECENT DEALS (last 90d): none
========================================================================
CONNECTION STATUS: UP | broker link: UP | server: MetaQuotes-Demo
ACCOUNT INFO
  login:    5055783885
  server:   MetaQuotes-Demo
  currency: EUR
  balance:  50000.0
  equity:   50000.0
  margin:   0.0  free: 50000.0  level: 0.0
  profit (floating): 0.0
  leverage: 1:100
  trade_allowed: True
OPEN POSITIONS: none
BACKEND PUSH: ok
========================================================================
{"timestamp": "2026-09-15T08:24:17.911786+00:00", "level": "INFO", "logger": "collector.runner", "message": "snapshot cycle complete", "context": {"mt5_connected": true, "open_positions": 0, "push_ok": true}}
========================================================================
CONNECTION STATUS: UP | broker link: UP | server: MetaQuotes-Demo
ACCOUNT INFO
  login:    5055783885
  server:   MetaQuotes-Demo
  currency: EUR
  balance:  50000.0
  equity:   50000.0
  margin:   0.0  free: 50000.0  level: 0.0
  profit (floating): 0.0
  leverage: 1:100
  trade_allowed: True
OPEN POSITIONS: none
BACKEND PUSH: ok
========================================================================
{"timestamp": "2026-09-15T08:24:28.113910+00:00", "level": "INFO", "logger": "collector.runner", "message": "snapshot cycle complete", "context": {"mt5_connected": true, "open_positions": 0, "push_ok": true}}
========================================================================
CONNECTION STATUS: UP | broker link: UP | server: MetaQuotes-Demo
ACCOUNT INFO
  login:    5055783885
  server:   MetaQuotes-Demo
  currency: EUR
  balance:  50000.0
  equity:   50000.0
  margin:   0.0  free: 50000.0  level: 0.0
  profit (floating): 0.0
  leverage: 1:100
  trade_allowed: True
OPEN POSITIONS: none
BACKEND PUSH: ok
========================================================================
{"timestamp": "2026-09-15T08:24:38.310527+00:00", "level": "INFO", "logger": "collector.runner", "message": "snapshot cycle complete", "context": {"mt5_connected": true, "open_positions": 0, "push_ok": true}}
========================================================================
CONNECTION STATUS: UP | broker link: UP | server: MetaQuotes-Demo
ACCOUNT INFO
  login:    5055783885
  server:   MetaQuotes-Demo
  currency: EUR
  balance:  50000.0
  equity:   50000.0
  margin:   0.0  free: 50000.0  level: 0.0
  profit (floating): 0.0
  leverage: 1:100
  trade_allowed: True
OPEN POSITIONS: none
BACKEND PUSH: ok
========================================================================
{"timestamp": "2026-09-15T08:24:48.492151+00:00", "level": "INFO", "logger": "collector.runner", "message": "snapshot cycle complete", "context": {"mt5_connected": true, "open_positions": 0, "push_ok": true}}
========================================================================
CONNECTION STATUS: UP | broker link: UP | server: MetaQuotes-Demo
ACCOUNT INFO
  login:    5055783885
  server:   MetaQuotes-Demo
  currency: EUR
  balance:  50000.0
  equity:   50000.0
  margin:   0.0  free: 50000.0  level: 0.0
  profit (floating): 0.0
  leverage: 1:100
  trade_allowed: True
OPEN POSITIONS: none
BACKEND PUSH: ok
========================================================================
{"timestamp": "2026-09-15T08:24:58.719504+00:00", "level": "INFO", "logger": "collector.runner", "message": "snapshot cycle complete", "context": {"mt5_connected": true, "open_positions": 0, "push_ok": true}}
========================================================================
CONNECTION STATUS: UP | broker link: UP | server: MetaQuotes-Demo
ACCOUNT INFO
  login:    5055783885
  server:   MetaQuotes-Demo
  currency: EUR
  balance:  50000.0
  equity:   50000.0
  margin:   0.0  free: 50000.0  level: 0.0
  profit (floating): 0.0
  leverage: 1:100
  trade_allowed: True
OPEN POSITIONS: none
BACKEND PUSH: ok
========================================================================
{"timestamp": "2026-09-15T08:25:08.944867+00:00", "level": "INFO", "logger": "collector.runner", "message": "snapshot cycle complete", "context": {"mt5_connected": true, "open_positions": 0, "push_ok": true}}
{"timestamp": "2026-09-15T08:25:09.384419+00:00", "level": "INFO", "logger": "collector.runner", "message": "trade sync pushed", "context": {"date_from": "2026-09-15T08:19:07.574000+00:00", "deals_sent": 0, "trades_created": 0, "trades_updated": 0}}
RECENT DEALS (last 90d): none
========================================================================
CONNECTION STATUS: UP | broker link: UP | server: MetaQuotes-Demo
ACCOUNT INFO
  login:    5055783885
  server:   MetaQuotes-Demo
  currency: EUR
  balance:  50000.0
  equity:   50000.0
  margin:   0.0  free: 50000.0  level: 0.0
  profit (floating): 0.0
  leverage: 1:100
  trade_allowed: True
OPEN POSITIONS: none
BACKEND PUSH: ok
========================================================================
{"timestamp": "2026-09-15T08:25:19.584484+00:00", "level": "INFO", "logger": "collector.runner", "message": "snapshot cycle complete", "context": {"mt5_connected": true, "open_positions": 0, "push_ok": true}}
========================================================================
CONNECTION STATUS: UP | broker link: UP | server: MetaQuotes-Demo
ACCOUNT INFO
  login:    5055783885
  server:   MetaQuotes-Demo
  currency: EUR
  balance:  50000.0
  equity:   50000.0
  margin:   0.0  free: 50000.0  level: 0.0
  profit (floating): 0.0
  leverage: 1:100
  trade_allowed: True
OPEN POSITIONS: none
BACKEND PUSH: ok
========================================================================
{"timestamp": "2026-09-15T08:25:29.767084+00:00", "level": "INFO", "logger": "collector.runner", "message": "snapshot cycle complete", "context": {"mt5_connected": true, "open_positions": 0, "push_ok": true}}
========================================================================
CONNECTION STATUS: UP | broker link: UP | server: MetaQuotes-Demo
ACCOUNT INFO
  login:    5055783885
  server:   MetaQuotes-Demo
  currency: EUR
  balance:  50000.0
  equity:   50000.0
  margin:   0.0  free: 50000.0  level: 0.0
  profit (floating): 0.0
  leverage: 1:100
  trade_allowed: True
OPEN POSITIONS: none
BACKEND PUSH: ok
========================================================================
{"timestamp": "2026-09-15T08:25:39.955712+00:00", "level": "INFO", "logger": "collector.runner", "message": "snapshot cycle complete", "context": {"mt5_connected": true, "open_positions": 0, "push_ok": true}}
========================================================================
CONNECTION STATUS: UP | broker link: UP | server: MetaQuotes-Demo
ACCOUNT INFO
  login:    5055783885
  server:   MetaQuotes-Demo
  currency: EUR
  balance:  50000.0
  equity:   50000.0
  margin:   0.0  free: 50000.0  level: 0.0
  profit (floating): 0.0
  leverage: 1:100
  trade_allowed: True
OPEN POSITIONS: none
BACKEND PUSH: ok
========================================================================
{"timestamp": "2026-09-15T08:25:50.144100+00:00", "level": "INFO", "logger": "collector.runner", "message": "snapshot cycle complete", "context": {"mt5_connected": true, "open_positions": 0, "push_ok": true}}
========================================================================
CONNECTION STATUS: UP | broker link: UP | server: MetaQuotes-Demo
ACCOUNT INFO
  login:    5055783885
  server:   MetaQuotes-Demo
  currency: EUR
  balance:  50000.0
  equity:   50000.0
  margin:   0.0  free: 50000.0  level: 0.0
  profit (floating): 0.0
  leverage: 1:100
  trade_allowed: True
OPEN POSITIONS: none
BACKEND PUSH: ok
========================================================================
{"timestamp": "2026-09-15T08:26:00.365249+00:00", "level": "INFO", "logger": "collector.runner", "message": "snapshot cycle complete", "context": {"mt5_connected": true, "open_positions": 0, "push_ok": true}}
========================================================================
CONNECTION STATUS: UP | broker link: UP | server: MetaQuotes-Demo
ACCOUNT INFO
  login:    5055783885
  server:   MetaQuotes-Demo
  currency: EUR
  balance:  50000.0
  equity:   50000.0
  margin:   0.0  free: 50000.0  level: 0.0
  profit (floating): 0.0
  leverage: 1:100
  trade_allowed: True
OPEN POSITIONS: none
BACKEND PUSH: ok
========================================================================
{"timestamp": "2026-09-15T08:26:10.510827+00:00", "level": "INFO", "logger": "collector.runner", "message": "snapshot cycle complete", "context": {"mt5_connected": true, "open_positions": 0, "push_ok": true}}
{"timestamp": "2026-09-15T08:26:10.733679+00:00", "level": "INFO", "logger": "collector.runner", "message": "trade sync pushed", "context": {"date_from": "2026-09-15T08:20:09.370000+00:00", "deals_sent": 0, "trades_created": 0, "trades_updated": 0}}
RECENT DEALS (last 90d): none
========================================================================
CONNECTION STATUS: UP | broker link: UP | server: MetaQuotes-Demo
ACCOUNT INFO
  login:    5055783885
  server:   MetaQuotes-Demo
  currency: EUR
  balance:  50000.0
  equity:   50000.0
  margin:   0.0  free: 50000.0  level: 0.0
  profit (floating): 0.0
  leverage: 1:100
  trade_allowed: True
OPEN POSITIONS: none
BACKEND PUSH: ok
========================================================================
{"timestamp": "2026-09-15T08:26:20.873689+00:00", "level": "INFO", "logger": "collector.runner", "message": "snapshot cycle complete", "context": {"mt5_connected": true, "open_positions": 0, "push_ok": true}}
========================================================================
CONNECTION STATUS: UP | broker link: UP | server: MetaQuotes-Demo
ACCOUNT INFO
  login:    5055783885
  server:   MetaQuotes-Demo
  currency: EUR
  balance:  50000.0
  equity:   50000.0
  margin:   0.0  free: 50000.0  level: 0.0
  profit (floating): 0.0
  leverage: 1:100
  trade_allowed: True
OPEN POSITIONS: none
BACKEND PUSH: ok
========================================================================
{"timestamp": "2026-09-15T08:26:31.029637+00:00", "level": "INFO", "logger": "collector.runner", "message": "snapshot cycle complete", "context": {"mt5_connected": true, "open_positions": 0, "push_ok": true}}
========================================================================
CONNECTION STATUS: UP | broker link: UP | server: MetaQuotes-Demo
ACCOUNT INFO
  login:    5055783885
  server:   MetaQuotes-Demo
  currency: EUR
  balance:  50000.0
  equity:   50000.0
  margin:   0.0  free: 50000.0  level: 0.0
  profit (floating): 0.0
  leverage: 1:100
  trade_allowed: True
OPEN POSITIONS: none
BACKEND PUSH: ok
========================================================================
{"timestamp": "2026-09-15T08:26:41.182227+00:00", "level": "INFO", "logger": "collector.runner", "message": "snapshot cycle complete", "context": {"mt5_connected": true, "open_positions": 0, "push_ok": true}}
========================================================================
CONNECTION STATUS: UP | broker link: UP | server: MetaQuotes-Demo
ACCOUNT INFO
  login:    5055783885
  server:   MetaQuotes-Demo
  currency: EUR
  balance:  50000.0
  equity:   50000.0
  margin:   0.0  free: 50000.0  level: 0.0
  profit (floating): 0.0
  leverage: 1:100
  trade_allowed: True
OPEN POSITIONS: none
BACKEND PUSH: ok
========================================================================
{"timestamp": "2026-09-15T08:26:51.325304+00:00", "level": "INFO", "logger": "collector.runner", "message": "snapshot cycle complete", "context": {"mt5_connected": true, "open_positions": 0, "push_ok": true}}
========================================================================
CONNECTION STATUS: UP | broker link: UP | server: MetaQuotes-Demo
ACCOUNT INFO
  login:    5055783885
  server:   MetaQuotes-Demo
  currency: EUR
  balance:  50000.0
  equity:   50000.0
  margin:   0.0  free: 50000.0  level: 0.0
  profit (floating): 0.0
  leverage: 1:100
  trade_allowed: True
OPEN POSITIONS: none
BACKEND PUSH: ok
========================================================================
{"timestamp": "2026-09-15T08:27:01.467735+00:00", "level": "INFO", "logger": "collector.runner", "message": "snapshot cycle complete", "context": {"mt5_connected": true, "open_positions": 0, "push_ok": true}}
========================================================================
CONNECTION STATUS: UP | broker link: UP | server: MetaQuotes-Demo
ACCOUNT INFO
  login:    5055783885
  server:   MetaQuotes-Demo
  currency: EUR
  balance:  50000.0
  equity:   50000.0
  margin:   0.0  free: 50000.0  level: 0.0
  profit (floating): 0.0
  leverage: 1:100
  trade_allowed: True
OPEN POSITIONS: none
BACKEND PUSH: ok
========================================================================
{"timestamp": "2026-09-15T08:27:11.617831+00:00", "level": "INFO", "logger": "collector.runner", "message": "snapshot cycle complete", "context": {"mt5_connected": true, "open_positions": 0, "push_ok": true}}
{"timestamp": "2026-09-15T08:27:11.866796+00:00", "level": "INFO", "logger": "collector.runner", "message": "trade sync pushed", "context": {"date_from": "2026-09-15T08:21:10.725000+00:00", "deals_sent": 0, "trades_created": 0, "trades_updated": 0}}
RECENT DEALS (last 90d): none
========================================================================
CONNECTION STATUS: UP | broker link: UP | server: MetaQuotes-Demo
ACCOUNT INFO
  login:    5055783885
  server:   MetaQuotes-Demo
  currency: EUR
  balance:  50000.0
  equity:   50000.0
  margin:   0.0  free: 50000.0  level: 0.0
  profit (floating): 0.0
  leverage: 1:100
  trade_allowed: True
OPEN POSITIONS: none
BACKEND PUSH: ok
========================================================================
{"timestamp": "2026-09-15T08:27:22.015232+00:00", "level": "INFO", "logger": "collector.runner", "message": "snapshot cycle complete", "context": {"mt5_connected": true, "open_positions": 0, "push_ok": true}}
========================================================================
CONNECTION STATUS: UP | broker link: UP | server: MetaQuotes-Demo
ACCOUNT INFO
  login:    5055783885
  server:   MetaQuotes-Demo
  currency: EUR
  balance:  50000.0
  equity:   50000.0
  margin:   0.0  free: 50000.0  level: 0.0
  profit (floating): 0.0
  leverage: 1:100
  trade_allowed: True
OPEN POSITIONS: none
BACKEND PUSH: ok
========================================================================
{"timestamp": "2026-09-15T08:27:32.160908+00:00", "level": "INFO", "logger": "collector.runner", "message": "snapshot cycle complete", "context": {"mt5_connected": true, "open_positions": 0, "push_ok": true}}
========================================================================
CONNECTION STATUS: UP | broker link: UP | server: MetaQuotes-Demo
ACCOUNT INFO
  login:    5055783885
  server:   MetaQuotes-Demo
  currency: EUR
  balance:  50000.0
  equity:   50000.0
  margin:   0.0  free: 50000.0  level: 0.0
  profit (floating): 0.0
  leverage: 1:100
  trade_allowed: True
OPEN POSITIONS: none
BACKEND PUSH: ok
========================================================================
{"timestamp": "2026-09-15T08:27:42.472956+00:00", "level": "INFO", "logger": "collector.runner", "message": "snapshot cycle complete", "context": {"mt5_connected": true, "open_positions": 0, "push_ok": true}}
========================================================================
CONNECTION STATUS: UP | broker link: UP | server: MetaQuotes-Demo
ACCOUNT INFO
  login:    5055783885
  server:   MetaQuotes-Demo
  currency: EUR
  balance:  50000.0
  equity:   50000.0
  margin:   0.0  free: 50000.0  level: 0.0
  profit (floating): 0.0
  leverage: 1:100
  trade_allowed: True
OPEN POSITIONS: none
BACKEND PUSH: ok
========================================================================
{"timestamp": "2026-09-15T08:27:52.613115+00:00", "level": "INFO", "logger": "collector.runner", "message": "snapshot cycle complete", "context": {"mt5_connected": true, "open_positions": 0, "push_ok": true}}
========================================================================
CONNECTION STATUS: UP | broker link: UP | server: MetaQuotes-Demo
ACCOUNT INFO
  login:    5055783885
  server:   MetaQuotes-Demo
  currency: EUR
  balance:  50000.0
  equity:   50000.0
  margin:   0.0  free: 50000.0  level: 0.0
  profit (floating): 0.0
  leverage: 1:100
  trade_allowed: True
OPEN POSITIONS: none
BACKEND PUSH: ok
========================================================================
{"timestamp": "2026-09-15T08:28:02.760907+00:00", "level": "INFO", "logger": "collector.runner", "message": "snapshot cycle complete", "context": {"mt5_connected": true, "open_positions": 0, "push_ok": true}}
{"timestamp": "2026-09-15T08:28:02.868150+00:00", "level": "INFO", "logger": "collector.runner", "message": "candle sync (incremental)", "context": {"symbol": "EURUSD", "timeframe": "M5", "date_from": "2026-09-15T09:25:00+00:00"}}
{"timestamp": "2026-09-15T08:28:02.979190+00:00", "level": "INFO", "logger": "collector.runner", "message": "candle sync (incremental)", "context": {"symbol": "EURUSD", "timeframe": "M15", "date_from": "2026-09-15T08:45:00+00:00"}}
{"timestamp": "2026-09-15T08:28:03.087197+00:00", "level": "INFO", "logger": "collector.runner", "message": "candle sync (incremental)", "context": {"symbol": "EURUSD", "timeframe": "H1", "date_from": "2026-09-15T07:00:00+00:00"}}
{"timestamp": "2026-09-15T08:28:03.198291+00:00", "level": "INFO", "logger": "collector.runner", "message": "candle batch pushed", "context": {"symbol": "EURUSD", "timeframe": "H1", "batch_size": 1, "upserted": 1}}
{"timestamp": "2026-09-15T08:28:03.317525+00:00", "level": "INFO", "logger": "collector.runner", "message": "candle sync (incremental)", "context": {"symbol": "EURUSD", "timeframe": "M30", "date_from": "2026-09-15T09:00:00+00:00"}}
{"timestamp": "2026-09-15T08:28:03.427759+00:00", "level": "INFO", "logger": "collector.runner", "message": "candle sync (incremental)", "context": {"symbol": "EURUSD", "timeframe": "H4", "date_from": "2026-09-14T16:00:00+00:00"}}
{"timestamp": "2026-09-15T08:28:03.550106+00:00", "level": "INFO", "logger": "collector.runner", "message": "candle batch pushed", "context": {"symbol": "EURUSD", "timeframe": "H4", "batch_size": 3, "upserted": 3}}
{"timestamp": "2026-09-15T08:28:03.665422+00:00", "level": "INFO", "logger": "collector.runner", "message": "candle sync (incremental)", "context": {"symbol": "EURUSD", "timeframe": "D1", "date_from": "2026-09-11T00:00:00+00:00"}}
{"timestamp": "2026-09-15T08:28:03.770783+00:00", "level": "INFO", "logger": "collector.runner", "message": "candle batch pushed", "context": {"symbol": "EURUSD", "timeframe": "D1", "batch_size": 1, "upserted": 1}}
{"timestamp": "2026-09-15T08:28:03.875171+00:00", "level": "INFO", "logger": "collector.runner", "message": "candle sync (incremental)", "context": {"symbol": "EURUSD", "timeframe": "W1", "date_from": "2026-08-16T00:00:00+00:00"}}
{"timestamp": "2026-09-15T08:28:03.986139+00:00", "level": "INFO", "logger": "collector.runner", "message": "candle batch pushed", "context": {"symbol": "EURUSD", "timeframe": "W1", "batch_size": 3, "upserted": 3}}
{"timestamp": "2026-09-15T08:28:04.098812+00:00", "level": "INFO", "logger": "collector.runner", "message": "candle sync (incremental)", "context": {"symbol": "EURUSD", "timeframe": "MN1", "date_from": "2026-04-30T00:00:00+00:00"}}
{"timestamp": "2026-09-15T08:28:04.253554+00:00", "level": "INFO", "logger": "collector.runner", "message": "candle batch pushed", "context": {"symbol": "EURUSD", "timeframe": "MN1", "batch_size": 4, "upserted": 4}}
{"timestamp": "2026-09-15T08:28:04.364653+00:00", "level": "INFO", "logger": "collector.runner", "message": "candle sync (incremental)", "context": {"symbol": "XAUUSD", "timeframe": "M1", "date_from": "2026-09-15T09:42:00+00:00"}}
{"timestamp": "2026-09-15T08:28:04.474855+00:00", "level": "INFO", "logger": "collector.runner", "message": "candle sync (incremental)", "context": {"symbol": "XAUUSD", "timeframe": "M5", "date_from": "2026-09-15T09:25:00+00:00"}}
{"timestamp": "2026-09-15T08:28:04.579182+00:00", "level": "INFO", "logger": "collector.runner", "message": "candle sync (incremental)", "context": {"symbol": "XAUUSD", "timeframe": "M15", "date_from": "2026-09-15T08:45:00+00:00"}}
{"timestamp": "2026-09-15T08:28:04.697290+00:00", "level": "INFO", "logger": "collector.runner", "message": "candle sync (incremental)", "context": {"symbol": "XAUUSD", "timeframe": "M30", "date_from": "2026-09-15T09:00:00+00:00"}}
{"timestamp": "2026-09-15T08:28:04.807740+00:00", "level": "INFO", "logger": "collector.runner", "message": "candle sync (incremental)", "context": {"symbol": "XAUUSD", "timeframe": "H1", "date_from": "2026-09-15T07:00:00+00:00"}}
{"timestamp": "2026-09-15T08:28:04.914706+00:00", "level": "INFO", "logger": "collector.runner", "message": "candle batch pushed", "context": {"symbol": "XAUUSD", "timeframe": "H1", "batch_size": 1, "upserted": 1}}
{"timestamp": "2026-09-15T08:28:05.023279+00:00", "level": "INFO", "logger": "collector.runner", "message": "candle sync (incremental)", "context": {"symbol": "XAUUSD", "timeframe": "H4", "date_from": "2026-09-14T16:00:00+00:00"}}
{"timestamp": "2026-09-15T08:28:05.131845+00:00", "level": "INFO", "logger": "collector.runner", "message": "candle batch pushed", "context": {"symbol": "XAUUSD", "timeframe": "H4", "batch_size": 3, "upserted": 3}}
{"timestamp": "2026-09-15T08:28:05.235241+00:00", "level": "INFO", "logger": "collector.runner", "message": "candle sync (incremental)", "context": {"symbol": "XAUUSD", "timeframe": "D1", "date_from": "2026-09-11T00:00:00+00:00"}}
{"timestamp": "2026-09-15T08:28:05.341867+00:00", "level": "INFO", "logger": "collector.runner", "message": "candle batch pushed", "context": {"symbol": "XAUUSD", "timeframe": "D1", "batch_size": 1, "upserted": 1}}
========================================================================
CONNECTION STATUS: UP | broker link: UP | server: MetaQuotes-Demo
ACCOUNT INFO
  login:    5055783885
  server:   MetaQuotes-Demo
  currency: EUR
  balance:  50000.0
  equity:   50000.0
  margin:   0.0  free: 50000.0  level: 0.0
  profit (floating): 0.0
  leverage: 1:100
  trade_allowed: True
OPEN POSITIONS: none
BACKEND PUSH: ok
========================================================================
{"timestamp": "2026-09-15T08:28:15.516607+00:00", "level": "INFO", "logger": "collector.runner", "message": "snapshot cycle complete", "context": {"mt5_connected": true, "open_positions": 0, "push_ok": true}}
{"timestamp": "2026-09-15T08:28:16.455958+00:00", "level": "INFO", "logger": "collector.runner", "message": "trade sync pushed", "context": {"date_from": "2026-09-15T08:22:11.860000+00:00", "deals_sent": 0, "trades_created": 0, "trades_updated": 0}}
RECENT DEALS (last 90d): none
========================================================================
CONNECTION STATUS: UP | broker link: UP | server: MetaQuotes-Demo
ACCOUNT INFO
  login:    5055783885
  server:   MetaQuotes-Demo
  currency: EUR
  balance:  50000.0
  equity:   50000.0
  margin:   0.0  free: 50000.0  level: 0.0
  profit (floating): 0.0
  leverage: 1:100
  trade_allowed: True
OPEN POSITIONS: none
BACKEND PUSH: ok
========================================================================
{"timestamp": "2026-09-15T08:28:26.621031+00:00", "level": "INFO", "logger": "collector.runner", "message": "snapshot cycle complete", "context": {"mt5_connected": true, "open_positions": 0, "push_ok": true}}
========================================================================
CONNECTION STATUS: UP | broker link: UP | server: MetaQuotes-Demo
ACCOUNT INFO
  login:    5055783885
  server:   MetaQuotes-Demo
  currency: EUR
  balance:  50000.0
  equity:   50000.0
  margin:   0.0  free: 50000.0  level: 0.0
  profit (floating): 0.0
  leverage: 1:100
  trade_allowed: True
OPEN POSITIONS: none
BACKEND PUSH: ok
========================================================================
{"timestamp": "2026-09-15T08:28:36.824361+00:00", "level": "INFO", "logger": "collector.runner", "message": "snapshot cycle complete", "context": {"mt5_connected": true, "open_positions": 0, "push_ok": true}}
========================================================================
CONNECTION STATUS: UP | broker link: UP | server: MetaQuotes-Demo
ACCOUNT INFO
  login:    5055783885
  server:   MetaQuotes-Demo
  currency: EUR
  balance:  50000.0
  equity:   50000.0
  margin:   0.0  free: 50000.0  level: 0.0
  profit (floating): 0.0
  leverage: 1:100
  trade_allowed: True
OPEN POSITIONS: none
BACKEND PUSH: ok
========================================================================
{"timestamp": "2026-09-15T08:28:46.958522+00:00", "level": "INFO", "logger": "collector.runner", "message": "snapshot cycle complete", "context": {"mt5_connected": true, "open_positions": 0, "push_ok": true}}
========================================================================
CONNECTION STATUS: UP | broker link: UP | server: MetaQuotes-Demo
ACCOUNT INFO
  login:    5055783885
  server:   MetaQuotes-Demo
  currency: EUR
  balance:  50000.0
  equity:   50000.0
  margin:   0.0  free: 50000.0  level: 0.0
  profit (floating): 0.0
  leverage: 1:100
  trade_allowed: True
OPEN POSITIONS: none
BACKEND PUSH: ok
========================================================================
{"timestamp": "2026-09-15T08:28:57.148398+00:00", "level": "INFO", "logger": "collector.runner", "message": "snapshot cycle complete", "context": {"mt5_connected": true, "open_positions": 0, "push_ok": true}}
========================================================================
CONNECTION STATUS: UP | broker link: UP | server: MetaQuotes-Demo
ACCOUNT INFO
  login:    5055783885
  server:   MetaQuotes-Demo
  currency: EUR
  balance:  50000.0
  equity:   50000.0
  margin:   0.0  free: 50000.0  level: 0.0
  profit (floating): 0.0
  leverage: 1:100
  trade_allowed: True
OPEN POSITIONS: none
BACKEND PUSH: ok
========================================================================
{"timestamp": "2026-09-15T08:29:07.289589+00:00", "level": "INFO", "logger": "collector.runner", "message": "snapshot cycle complete", "context": {"mt5_connected": true, "open_positions": 0, "push_ok": true}}
========================================================================
CONNECTION STATUS: UP | broker link: UP | server: MetaQuotes-Demo
ACCOUNT INFO
  login:    5055783885
  server:   MetaQuotes-Demo
  currency: EUR
  balance:  50000.0
  equity:   50000.0
  margin:   0.0  free: 50000.0  level: 0.0
  profit (floating): 0.0
  leverage: 1:100
  trade_allowed: True
OPEN POSITIONS: none
BACKEND PUSH: ok
========================================================================
{"timestamp": "2026-09-15T08:29:17.813811+00:00", "level": "INFO", "logger": "collector.runner", "message": "snapshot cycle complete", "context": {"mt5_connected": true, "open_positions": 0, "push_ok": true}}
{"timestamp": "2026-09-15T08:29:18.305563+00:00", "level": "INFO", "logger": "collector.runner", "message": "trade sync pushed", "context": {"date_from": "2026-09-15T08:23:16.443000+00:00", "deals_sent": 0, "trades_created": 0, "trades_updated": 0}}
RECENT DEALS (last 90d): none
========================================================================
CONNECTION STATUS: UP | broker link: UP | server: MetaQuotes-Demo
ACCOUNT INFO
  login:    5055783885
  server:   MetaQuotes-Demo
  currency: EUR
  balance:  50000.0
  equity:   50000.0
  margin:   0.0  free: 50000.0  level: 0.0
  profit (floating): 0.0
  leverage: 1:100
  trade_allowed: True
OPEN POSITIONS: none
BACKEND PUSH: ok
========================================================================
{"timestamp": "2026-09-15T08:29:28.520037+00:00", "level": "INFO", "logger": "collector.runner", "message": "snapshot cycle complete", "context": {"mt5_connected": true, "open_positions": 0, "push_ok": true}}
========================================================================
CONNECTION STATUS: UP | broker link: UP | server: MetaQuotes-Demo
ACCOUNT INFO
  login:    5055783885
  server:   MetaQuotes-Demo
  currency: EUR
  balance:  50000.0
  equity:   50000.0
  margin:   0.0  free: 50000.0  level: 0.0
  profit (floating): 0.0
  leverage: 1:100
  trade_allowed: True
OPEN POSITIONS: none
BACKEND PUSH: ok
========================================================================
{"timestamp": "2026-09-15T08:29:38.754014+00:00", "level": "INFO", "logger": "collector.runner", "message": "snapshot cycle complete", "context": {"mt5_connected": true, "open_positions": 0, "push_ok": true}}
========================================================================
CONNECTION STATUS: UP | broker link: UP | server: MetaQuotes-Demo
ACCOUNT INFO
  login:    5055783885
  server:   MetaQuotes-Demo
  currency: EUR
  balance:  50000.0
  equity:   50000.0
  margin:   0.0  free: 50000.0  level: 0.0
  profit (floating): 0.0
  leverage: 1:100
  trade_allowed: True
OPEN POSITIONS: none
BACKEND PUSH: ok
========================================================================
{"timestamp": "2026-09-15T08:29:48.930068+00:00", "level": "INFO", "logger": "collector.runner", "message": "snapshot cycle complete", "context": {"mt5_connected": true, "open_positions": 0, "push_ok": true}}
========================================================================
CONNECTION STATUS: UP | broker link: UP | server: MetaQuotes-Demo
ACCOUNT INFO
  login:    5055783885
  server:   MetaQuotes-Demo
  currency: EUR
  balance:  50000.0
  equity:   50000.0
  margin:   0.0  free: 50000.0  level: 0.0
  profit (floating): 0.0
  leverage: 1:100
  trade_allowed: True
OPEN POSITIONS: none
BACKEND PUSH: ok
========================================================================
{"timestamp": "2026-09-15T08:29:59.098526+00:00", "level": "INFO", "logger": "collector.runner", "message": "snapshot cycle complete", "context": {"mt5_connected": true, "open_positions": 0, "push_ok": true}}
========================================================================
CONNECTION STATUS: UP | broker link: UP | server: MetaQuotes-Demo
ACCOUNT INFO
  login:    5055783885
  server:   MetaQuotes-Demo
  currency: EUR
  balance:  50000.0
  equity:   50000.0
  margin:   0.0  free: 50000.0  level: 0.0
  profit (floating): 0.0
  leverage: 1:100
  trade_allowed: True
OPEN POSITIONS: none
BACKEND PUSH: ok
========================================================================
{"timestamp": "2026-09-15T08:30:09.317949+00:00", "level": "INFO", "logger": "collector.runner", "message": "snapshot cycle complete", "context": {"mt5_connected": true, "open_positions": 0, "push_ok": true}}
========================================================================
CONNECTION STATUS: UP | broker link: UP | server: MetaQuotes-Demo
ACCOUNT INFO
  login:    5055783885
  server:   MetaQuotes-Demo
  currency: EUR
  balance:  50000.0
  equity:   50000.0
  margin:   0.0  free: 50000.0  level: 0.0
  profit (floating): 0.0
  leverage: 1:100
  trade_allowed: True
OPEN POSITIONS: none
BACKEND PUSH: ok
========================================================================
{"timestamp": "2026-09-15T08:30:19.554616+00:00", "level": "INFO", "logger": "collector.runner", "message": "snapshot cycle complete", "context": {"mt5_connected": true, "open_positions": 0, "push_ok": true}}
{"timestamp": "2026-09-15T08:30:19.820563+00:00", "level": "INFO", "logger": "collector.runner", "message": "trade sync pushed", "context": {"date_from": "2026-09-15T08:24:18.272000+00:00", "deals_sent": 0, "trades_created": 0, "trades_updated": 0}}
RECENT DEALS (last 90d): none
========================================================================
CONNECTION STATUS: UP | broker link: UP | server: MetaQuotes-Demo
ACCOUNT INFO
  login:    5055783885
  server:   MetaQuotes-Demo
  currency: EUR
  balance:  50000.0
  equity:   50000.0
  margin:   0.0  free: 50000.0  level: 0.0
  profit (floating): 0.0
  leverage: 1:100
  trade_allowed: True
OPEN POSITIONS: none
BACKEND PUSH: ok
========================================================================
{"timestamp": "2026-09-15T08:30:30.002082+00:00", "level": "INFO", "logger": "collector.runner", "message": "snapshot cycle complete", "context": {"mt5_connected": true, "open_positions": 0, "push_ok": true}}
========================================================================
CONNECTION STATUS: UP | broker link: UP | server: MetaQuotes-Demo
ACCOUNT INFO
  login:    5055783885
  server:   MetaQuotes-Demo
  currency: EUR
  balance:  50000.0
  equity:   50000.0
  margin:   0.0  free: 50000.0  level: 0.0
  profit (floating): 0.0
  leverage: 1:100
  trade_allowed: True
OPEN POSITIONS: none
BACKEND PUSH: ok
========================================================================
{"timestamp": "2026-09-15T08:30:40.179887+00:00", "level": "INFO", "logger": "collector.runner", "message": "snapshot cycle complete", "context": {"mt5_connected": true, "open_positions": 0, "push_ok": true}}
========================================================================
CONNECTION STATUS: UP | broker link: UP | server: MetaQuotes-Demo
ACCOUNT INFO
  login:    5055783885
  server:   MetaQuotes-Demo
  currency: EUR
  balance:  50000.0
  equity:   50000.0
  margin:   0.0  free: 50000.0  level: 0.0
  profit (floating): 0.0
  leverage: 1:100
  trade_allowed: True
OPEN POSITIONS: none
BACKEND PUSH: ok
========================================================================
{"timestamp": "2026-09-15T08:30:50.335163+00:00", "level": "INFO", "logger": "collector.runner", "message": "snapshot cycle complete", "context": {"mt5_connected": true, "open_positions": 0, "push_ok": true}}
========================================================================
CONNECTION STATUS: UP | broker link: UP | server: MetaQuotes-Demo
ACCOUNT INFO
  login:    5055783885
  server:   MetaQuotes-Demo
  currency: EUR
  balance:  50000.0
  equity:   50000.0
  margin:   0.0  free: 50000.0  level: 0.0
  profit (floating): 0.0
  leverage: 1:100
  trade_allowed: True
OPEN POSITIONS: none
BACKEND PUSH: ok
========================================================================
{"timestamp": "2026-09-15T08:31:00.500420+00:00", "level": "INFO", "logger": "collector.runner", "message": "snapshot cycle complete", "context": {"mt5_connected": true, "open_positions": 0, "push_ok": true}}
========================================================================
CONNECTION STATUS: UP | broker link: UP | server: MetaQuotes-Demo
ACCOUNT INFO
  login:    5055783885
  server:   MetaQuotes-Demo
  currency: EUR
  balance:  50000.0
  equity:   50000.0
  margin:   0.0  free: 50000.0  level: 0.0
  profit (floating): 0.0
  leverage: 1:100
  trade_allowed: True
OPEN POSITIONS: none
BACKEND PUSH: ok
========================================================================
{"timestamp": "2026-09-15T08:31:10.651008+00:00", "level": "INFO", "logger": "collector.runner", "message": "snapshot cycle complete", "context": {"mt5_connected": true, "open_positions": 0, "push_ok": true}}
========================================================================
CONNECTION STATUS: UP | broker link: UP | server: MetaQuotes-Demo
ACCOUNT INFO
  login:    5055783885
  server:   MetaQuotes-Demo
  currency: EUR
  balance:  50000.0
  equity:   50000.0
  margin:   0.0  free: 50000.0  level: 0.0
  profit (floating): 0.0
  leverage: 1:100
  trade_allowed: True
OPEN POSITIONS: none
BACKEND PUSH: ok
========================================================================
{"timestamp": "2026-09-15T08:31:20.804295+00:00", "level": "INFO", "logger": "collector.runner", "message": "snapshot cycle complete", "context": {"mt5_connected": true, "open_positions": 0, "push_ok": true}}
{"timestamp": "2026-09-15T08:31:21.037118+00:00", "level": "INFO", "logger": "collector.runner", "message": "trade sync pushed", "context": {"date_from": "2026-09-15T08:25:19.810000+00:00", "deals_sent": 0, "trades_created": 0, "trades_updated": 0}}
RECENT DEALS (last 90d): none
========================================================================
CONNECTION STATUS: UP | broker link: UP | server: MetaQuotes-Demo
ACCOUNT INFO
  login:    5055783885
  server:   MetaQuotes-Demo
  currency: EUR
  balance:  50000.0
  equity:   50000.0
  margin:   0.0  free: 50000.0  level: 0.0
  profit (floating): 0.0
  leverage: 1:100
  trade_allowed: True
OPEN POSITIONS: none
BACKEND PUSH: ok
========================================================================
{"timestamp": "2026-09-15T08:31:31.173638+00:00", "level": "INFO", "logger": "collector.runner", "message": "snapshot cycle complete", "context": {"mt5_connected": true, "open_positions": 0, "push_ok": true}}
========================================================================
CONNECTION STATUS: UP | broker link: UP | server: MetaQuotes-Demo
ACCOUNT INFO
  login:    5055783885
  server:   MetaQuotes-Demo
  currency: EUR
  balance:  50000.0
  equity:   50000.0
  margin:   0.0  free: 50000.0  level: 0.0
  profit (floating): 0.0
  leverage: 1:100
  trade_allowed: True
OPEN POSITIONS: none
BACKEND PUSH: ok
========================================================================
{"timestamp": "2026-09-15T08:31:41.348366+00:00", "level": "INFO", "logger": "collector.runner", "message": "snapshot cycle complete", "context": {"mt5_connected": true, "open_positions": 0, "push_ok": true}}
========================================================================
CONNECTION STATUS: UP | broker link: UP | server: MetaQuotes-Demo
ACCOUNT INFO
  login:    5055783885
  server:   MetaQuotes-Demo
  currency: EUR
  balance:  50000.0
  equity:   50000.0
  margin:   0.0  free: 50000.0  level: 0.0
  profit (floating): 0.0
  leverage: 1:100
  trade_allowed: True
OPEN POSITIONS: none
BACKEND PUSH: ok
========================================================================
{"timestamp": "2026-09-15T08:31:51.467937+00:00", "level": "INFO", "logger": "collector.runner", "message": "snapshot cycle complete", "context": {"mt5_connected": true, "open_positions": 0, "push_ok": true}}
========================================================================
CONNECTION STATUS: UP | broker link: UP | server: MetaQuotes-Demo
ACCOUNT INFO
  login:    5055783885
  server:   MetaQuotes-Demo
  currency: EUR
  balance:  50000.0
  equity:   50000.0
  margin:   0.0  free: 50000.0  level: 0.0
  profit (floating): 0.0
  leverage: 1:100
  trade_allowed: True
OPEN POSITIONS: none
BACKEND PUSH: ok
========================================================================
{"timestamp": "2026-09-15T08:32:01.604547+00:00", "level": "INFO", "logger": "collector.runner", "message": "snapshot cycle complete", "context": {"mt5_connected": true, "open_positions": 0, "push_ok": true}}
========================================================================
CONNECTION STATUS: UP | broker link: UP | server: MetaQuotes-Demo
ACCOUNT INFO
  login:    5055783885
  server:   MetaQuotes-Demo
  currency: EUR
  balance:  50000.0
  equity:   50000.0
  margin:   0.0  free: 50000.0  level: 0.0
  profit (floating): 0.0
  leverage: 1:100
  trade_allowed: True
OPEN POSITIONS: none
BACKEND PUSH: ok
========================================================================
{"timestamp": "2026-09-15T08:32:11.766178+00:00", "level": "INFO", "logger": "collector.runner", "message": "snapshot cycle complete", "context": {"mt5_connected": true, "open_positions": 0, "push_ok": true}}
========================================================================
CONNECTION STATUS: UP | broker link: UP | server: MetaQuotes-Demo
ACCOUNT INFO
  login:    5055783885
  server:   MetaQuotes-Demo
  currency: EUR
  balance:  50000.0
  equity:   50000.0
  margin:   0.0  free: 50000.0  level: 0.0
  profit (floating): 0.0
  leverage: 1:100
  trade_allowed: True
OPEN POSITIONS: none
BACKEND PUSH: ok
========================================================================
{"timestamp": "2026-09-15T08:32:21.923923+00:00", "level": "INFO", "logger": "collector.runner", "message": "snapshot cycle complete", "context": {"mt5_connected": true, "open_positions": 0, "push_ok": true}}
{"timestamp": "2026-09-15T08:32:22.158336+00:00", "level": "INFO", "logger": "collector.runner", "message": "trade sync pushed", "context": {"date_from": "2026-09-15T08:26:21.029000+00:00", "deals_sent": 0, "trades_created": 0, "trades_updated": 0}}
RECENT DEALS (last 90d): none
========================================================================
CONNECTION STATUS: UP | broker link: UP | server: MetaQuotes-Demo
ACCOUNT INFO
  login:    5055783885
  server:   MetaQuotes-Demo
  currency: EUR
  balance:  50000.0
  equity:   50000.0
  margin:   0.0  free: 50000.0  level: 0.0
  profit (floating): 0.0
  leverage: 1:100
  trade_allowed: True
OPEN POSITIONS: none
BACKEND PUSH: ok
========================================================================
{"timestamp": "2026-09-15T08:32:32.296311+00:00", "level": "INFO", "logger": "collector.runner", "message": "snapshot cycle complete", "context": {"mt5_connected": true, "open_positions": 0, "push_ok": true}}
========================================================================
CONNECTION STATUS: UP | broker link: UP | server: MetaQuotes-Demo
ACCOUNT INFO
  login:    5055783885
  server:   MetaQuotes-Demo
  currency: EUR
  balance:  50000.0
  equity:   50000.0
  margin:   0.0  free: 50000.0  level: 0.0
  profit (floating): 0.0
  leverage: 1:100
  trade_allowed: True
OPEN POSITIONS: none
BACKEND PUSH: ok
========================================================================
{"timestamp": "2026-09-15T08:32:42.446465+00:00", "level": "INFO", "logger": "collector.runner", "message": "snapshot cycle complete", "context": {"mt5_connected": true, "open_positions": 0, "push_ok": true}}
========================================================================
CONNECTION STATUS: UP | broker link: UP | server: MetaQuotes-Demo
ACCOUNT INFO
  login:    5055783885
  server:   MetaQuotes-Demo
  currency: EUR
  balance:  50000.0
  equity:   50000.0
  margin:   0.0  free: 50000.0  level: 0.0
  profit (floating): 0.0
  leverage: 1:100
  trade_allowed: True
OPEN POSITIONS: none
BACKEND PUSH: ok
========================================================================
{"timestamp": "2026-09-15T08:32:52.613799+00:00", "level": "INFO", "logger": "collector.runner", "message": "snapshot cycle complete", "context": {"mt5_connected": true, "open_positions": 0, "push_ok": true}}
========================================================================
CONNECTION STATUS: UP | broker link: UP | server: MetaQuotes-Demo
ACCOUNT INFO
  login:    5055783885
  server:   MetaQuotes-Demo
  currency: EUR
  balance:  50000.0
  equity:   50000.0
  margin:   0.0  free: 50000.0  level: 0.0
  profit (floating): 0.0
  leverage: 1:100
  trade_allowed: True
OPEN POSITIONS: none
BACKEND PUSH: ok
========================================================================
{"timestamp": "2026-09-15T08:33:02.748395+00:00", "level": "INFO", "logger": "collector.runner", "message": "snapshot cycle complete", "context": {"mt5_connected": true, "open_positions": 0, "push_ok": true}}
========================================================================
CONNECTION STATUS: UP | broker link: UP | server: MetaQuotes-Demo
ACCOUNT INFO
  login:    5055783885
  server:   MetaQuotes-Demo
  currency: EUR
  balance:  50000.0
  equity:   50000.0
  margin:   0.0  free: 50000.0  level: 0.0
  profit (floating): 0.0
  leverage: 1:100
  trade_allowed: True
OPEN POSITIONS: none
BACKEND PUSH: ok
========================================================================
{"timestamp": "2026-09-15T08:33:12.909278+00:00", "level": "INFO", "logger": "collector.runner", "message": "snapshot cycle complete", "context": {"mt5_connected": true, "open_positions": 0, "push_ok": true}}
{"timestamp": "2026-09-15T08:33:13.025148+00:00", "level": "INFO", "logger": "collector.runner", "message": "candle sync (incremental)", "context": {"symbol": "EURUSD", "timeframe": "M5", "date_from": "2026-09-15T09:25:00+00:00"}}
{"timestamp": "2026-09-15T08:33:13.129750+00:00", "level": "INFO", "logger": "collector.runner", "message": "candle sync (incremental)", "context": {"symbol": "EURUSD", "timeframe": "M15", "date_from": "2026-09-15T08:45:00+00:00"}}
{"timestamp": "2026-09-15T08:33:13.233974+00:00", "level": "INFO", "logger": "collector.runner", "message": "candle sync (incremental)", "context": {"symbol": "EURUSD", "timeframe": "H1", "date_from": "2026-09-15T07:00:00+00:00"}}
{"timestamp": "2026-09-15T08:33:13.357257+00:00", "level": "INFO", "logger": "collector.runner", "message": "candle batch pushed", "context": {"symbol": "EURUSD", "timeframe": "H1", "batch_size": 1, "upserted": 1}}
{"timestamp": "2026-09-15T08:33:13.478710+00:00", "level": "INFO", "logger": "collector.runner", "message": "candle sync (incremental)", "context": {"symbol": "EURUSD", "timeframe": "M30", "date_from": "2026-09-15T09:00:00+00:00"}}
{"timestamp": "2026-09-15T08:33:13.594700+00:00", "level": "INFO", "logger": "collector.runner", "message": "candle sync (incremental)", "context": {"symbol": "EURUSD", "timeframe": "H4", "date_from": "2026-09-14T16:00:00+00:00"}}
{"timestamp": "2026-09-15T08:33:13.708519+00:00", "level": "INFO", "logger": "collector.runner", "message": "candle batch pushed", "context": {"symbol": "EURUSD", "timeframe": "H4", "batch_size": 3, "upserted": 3}}
{"timestamp": "2026-09-15T08:33:13.811918+00:00", "level": "INFO", "logger": "collector.runner", "message": "candle sync (incremental)", "context": {"symbol": "EURUSD", "timeframe": "D1", "date_from": "2026-09-11T00:00:00+00:00"}}
{"timestamp": "2026-09-15T08:33:13.931246+00:00", "level": "INFO", "logger": "collector.runner", "message": "candle batch pushed", "context": {"symbol": "EURUSD", "timeframe": "D1", "batch_size": 1, "upserted": 1}}
{"timestamp": "2026-09-15T08:33:14.051756+00:00", "level": "INFO", "logger": "collector.runner", "message": "candle sync (incremental)", "context": {"symbol": "EURUSD", "timeframe": "W1", "date_from": "2026-08-16T00:00:00+00:00"}}
{"timestamp": "2026-09-15T08:33:14.166044+00:00", "level": "INFO", "logger": "collector.runner", "message": "candle batch pushed", "context": {"symbol": "EURUSD", "timeframe": "W1", "batch_size": 3, "upserted": 3}}
{"timestamp": "2026-09-15T08:33:14.299867+00:00", "level": "INFO", "logger": "collector.runner", "message": "candle sync (incremental)", "context": {"symbol": "EURUSD", "timeframe": "MN1", "date_from": "2026-04-30T00:00:00+00:00"}}
{"timestamp": "2026-09-15T08:33:14.417164+00:00", "level": "INFO", "logger": "collector.runner", "message": "candle batch pushed", "context": {"symbol": "EURUSD", "timeframe": "MN1", "batch_size": 4, "upserted": 4}}
{"timestamp": "2026-09-15T08:33:14.543680+00:00", "level": "INFO", "logger": "collector.runner", "message": "candle sync (incremental)", "context": {"symbol": "XAUUSD", "timeframe": "M1", "date_from": "2026-09-15T09:42:00+00:00"}}
{"timestamp": "2026-09-15T08:33:14.652524+00:00", "level": "INFO", "logger": "collector.runner", "message": "candle sync (incremental)", "context": {"symbol": "XAUUSD", "timeframe": "M5", "date_from": "2026-09-15T09:25:00+00:00"}}
{"timestamp": "2026-09-15T08:33:14.753554+00:00", "level": "INFO", "logger": "collector.runner", "message": "candle sync (incremental)", "context": {"symbol": "XAUUSD", "timeframe": "M15", "date_from": "2026-09-15T08:45:00+00:00"}}
{"timestamp": "2026-09-15T08:33:14.843020+00:00", "level": "INFO", "logger": "collector.runner", "message": "candle sync (incremental)", "context": {"symbol": "XAUUSD", "timeframe": "M30", "date_from": "2026-09-15T09:00:00+00:00"}}
{"timestamp": "2026-09-15T08:33:14.931538+00:00", "level": "INFO", "logger": "collector.runner", "message": "candle sync (incremental)", "context": {"symbol": "XAUUSD", "timeframe": "H1", "date_from": "2026-09-15T07:00:00+00:00"}}
{"timestamp": "2026-09-15T08:33:15.025958+00:00", "level": "INFO", "logger": "collector.runner", "message": "candle batch pushed", "context": {"symbol": "XAUUSD", "timeframe": "H1", "batch_size": 1, "upserted": 1}}
{"timestamp": "2026-09-15T08:33:15.118280+00:00", "level": "INFO", "logger": "collector.runner", "message": "candle sync (incremental)", "context": {"symbol": "XAUUSD", "timeframe": "H4", "date_from": "2026-09-14T16:00:00+00:00"}}
{"timestamp": "2026-09-15T08:33:15.212454+00:00", "level": "INFO", "logger": "collector.runner", "message": "candle batch pushed", "context": {"symbol": "XAUUSD", "timeframe": "H4", "batch_size": 3, "upserted": 3}}
{"timestamp": "2026-09-15T08:33:15.304137+00:00", "level": "INFO", "logger": "collector.runner", "message": "candle sync (incremental)", "context": {"symbol": "XAUUSD", "timeframe": "D1", "date_from": "2026-09-11T00:00:00+00:00"}}
{"timestamp": "2026-09-15T08:33:15.414337+00:00", "level": "INFO", "logger": "collector.runner", "message": "candle batch pushed", "context": {"symbol": "XAUUSD", "timeframe": "D1", "batch_size": 1, "upserted": 1}}
========================================================================
CONNECTION STATUS: UP | broker link: UP | server: MetaQuotes-Demo
ACCOUNT INFO
  login:    5055783885
  server:   MetaQuotes-Demo
  currency: EUR
  balance:  50000.0
  equity:   50000.0
  margin:   0.0  free: 50000.0  level: 0.0
  profit (floating): 0.0
  leverage: 1:100
  trade_allowed: True
OPEN POSITIONS: none
BACKEND PUSH: ok
========================================================================
{"timestamp": "2026-09-15T08:33:25.550386+00:00", "level": "INFO", "logger": "collector.runner", "message": "snapshot cycle complete", "context": {"mt5_connected": true, "open_positions": 0, "push_ok": true}}
{"timestamp": "2026-09-15T08:33:25.790523+00:00", "level": "INFO", "logger": "collector.runner", "message": "trade sync pushed", "context": {"date_from": "2026-09-15T08:27:22.150000+00:00", "deals_sent": 0, "trades_created": 0, "trades_updated": 0}}
RECENT DEALS (last 90d): none
========================================================================
CONNECTION STATUS: UP | broker link: UP | server: MetaQuotes-Demo
ACCOUNT INFO
  login:    5055783885
  server:   MetaQuotes-Demo
  currency: EUR
  balance:  50000.0
  equity:   50000.0
  margin:   0.0  free: 50000.0  level: 0.0
  profit (floating): 0.0
  leverage: 1:100
  trade_allowed: True
OPEN POSITIONS: none
BACKEND PUSH: ok
========================================================================
{"timestamp": "2026-09-15T08:33:36.071975+00:00", "level": "INFO", "logger": "collector.runner", "message": "snapshot cycle complete", "context": {"mt5_connected": true, "open_positions": 0, "push_ok": true}}
========================================================================
CONNECTION STATUS: UP | broker link: UP | server: MetaQuotes-Demo
ACCOUNT INFO
  login:    5055783885
  server:   MetaQuotes-Demo
  currency: EUR
  balance:  50000.0
  equity:   50000.0
  margin:   0.0  free: 50000.0  level: 0.0
  profit (floating): 0.0
  leverage: 1:100
  trade_allowed: True
OPEN POSITIONS: none
BACKEND PUSH: ok
========================================================================
{"timestamp": "2026-09-15T08:33:46.339748+00:00", "level": "INFO", "logger": "collector.runner", "message": "snapshot cycle complete", "context": {"mt5_connected": true, "open_positions": 0, "push_ok": true}}
========================================================================
CONNECTION STATUS: UP | broker link: UP | server: MetaQuotes-Demo
ACCOUNT INFO
  login:    5055783885
  server:   MetaQuotes-Demo
  currency: EUR
  balance:  50000.0
  equity:   50000.0
  margin:   0.0  free: 50000.0  level: 0.0
  profit (floating): 0.0
  leverage: 1:100
  trade_allowed: True
OPEN POSITIONS: none
BACKEND PUSH: ok
========================================================================
{"timestamp": "2026-09-15T08:33:56.481622+00:00", "level": "INFO", "logger": "collector.runner", "message": "snapshot cycle complete", "context": {"mt5_connected": true, "open_positions": 0, "push_ok": true}}
========================================================================
CONNECTION STATUS: UP | broker link: UP | server: MetaQuotes-Demo
ACCOUNT INFO
  login:    5055783885
  server:   MetaQuotes-Demo
  currency: EUR
  balance:  50000.0
  equity:   50000.0
  margin:   0.0  free: 50000.0  level: 0.0
  profit (floating): 0.0
  leverage: 1:100
  trade_allowed: True
OPEN POSITIONS: none
BACKEND PUSH: ok
========================================================================
{"timestamp": "2026-09-15T08:34:06.651650+00:00", "level": "INFO", "logger": "collector.runner", "message": "snapshot cycle complete", "context": {"mt5_connected": true, "open_positions": 0, "push_ok": true}}
========================================================================
CONNECTION STATUS: UP | broker link: UP | server: MetaQuotes-Demo
ACCOUNT INFO
  login:    5055783885
  server:   MetaQuotes-Demo
  currency: EUR
  balance:  50000.0
  equity:   50000.0
  margin:   0.0  free: 50000.0  level: 0.0
  profit (floating): 0.0
  leverage: 1:100
  trade_allowed: True
OPEN POSITIONS: none
BACKEND PUSH: ok
========================================================================
{"timestamp": "2026-09-15T08:34:16.791173+00:00", "level": "INFO", "logger": "collector.runner", "message": "snapshot cycle complete", "context": {"mt5_connected": true, "open_positions": 0, "push_ok": true}}
========================================================================
CONNECTION STATUS: UP | broker link: UP | server: MetaQuotes-Demo
ACCOUNT INFO
  login:    5055783885
  server:   MetaQuotes-Demo
  currency: EUR
  balance:  50000.0
  equity:   50000.0
  margin:   0.0  free: 50000.0  level: 0.0
  profit (floating): 0.0
  leverage: 1:100
  trade_allowed: True
OPEN POSITIONS: none
BACKEND PUSH: ok
========================================================================
{"timestamp": "2026-09-15T08:34:26.958861+00:00", "level": "INFO", "logger": "collector.runner", "message": "snapshot cycle complete", "context": {"mt5_connected": true, "open_positions": 0, "push_ok": true}}
{"timestamp": "2026-09-15T08:34:27.183827+00:00", "level": "INFO", "logger": "collector.runner", "message": "trade sync pushed", "context": {"date_from": "2026-09-15T08:28:25.778000+00:00", "deals_sent": 0, "trades_created": 0, "trades_updated": 0}}
RECENT DEALS (last 90d): none
========================================================================
CONNECTION STATUS: UP | broker link: UP | server: MetaQuotes-Demo
ACCOUNT INFO
  login:    5055783885
  server:   MetaQuotes-Demo
  currency: EUR
  balance:  50000.0
  equity:   50000.0
  margin:   0.0  free: 50000.0  level: 0.0
  profit (floating): 0.0
  leverage: 1:100
  trade_allowed: True
OPEN POSITIONS: none
BACKEND PUSH: ok
========================================================================
{"timestamp": "2026-09-15T08:34:37.332206+00:00", "level": "INFO", "logger": "collector.runner", "message": "snapshot cycle complete", "context": {"mt5_connected": true, "open_positions": 0, "push_ok": true}}
========================================================================
CONNECTION STATUS: UP | broker link: UP | server: MetaQuotes-Demo
ACCOUNT INFO
  login:    5055783885
  server:   MetaQuotes-Demo
  currency: EUR
  balance:  50000.0
  equity:   50000.0
  margin:   0.0  free: 50000.0  level: 0.0
  profit (floating): 0.0
  leverage: 1:100
  trade_allowed: True
OPEN POSITIONS: none
BACKEND PUSH: ok
========================================================================
{"timestamp": "2026-09-15T08:34:47.492080+00:00", "level": "INFO", "logger": "collector.runner", "message": "snapshot cycle complete", "context": {"mt5_connected": true, "open_positions": 0, "push_ok": true}}
========================================================================
CONNECTION STATUS: UP | broker link: UP | server: MetaQuotes-Demo
ACCOUNT INFO
  login:    5055783885
  server:   MetaQuotes-Demo
  currency: EUR
  balance:  50000.0
  equity:   50000.0
  margin:   0.0  free: 50000.0  level: 0.0
  profit (floating): 0.0
  leverage: 1:100
  trade_allowed: True
OPEN POSITIONS: none
BACKEND PUSH: ok
========================================================================
{"timestamp": "2026-09-15T08:34:57.651365+00:00", "level": "INFO", "logger": "collector.runner", "message": "snapshot cycle complete", "context": {"mt5_connected": true, "open_positions": 0, "push_ok": true}}
========================================================================
CONNECTION STATUS: UP | broker link: UP | server: MetaQuotes-Demo
ACCOUNT INFO
  login:    5055783885
  server:   MetaQuotes-Demo
  currency: EUR
  balance:  50000.0
  equity:   50000.0
  margin:   0.0  free: 50000.0  level: 0.0
  profit (floating): 0.0
  leverage: 1:100
  trade_allowed: True
OPEN POSITIONS: none
BACKEND PUSH: ok
========================================================================
{"timestamp": "2026-09-15T08:35:07.882138+00:00", "level": "INFO", "logger": "collector.runner", "message": "snapshot cycle complete", "context": {"mt5_connected": true, "open_positions": 0, "push_ok": true}}
========================================================================
CONNECTION STATUS: UP | broker link: UP | server: MetaQuotes-Demo
ACCOUNT INFO
  login:    5055783885
  server:   MetaQuotes-Demo
  currency: EUR
  balance:  50000.0
  equity:   50000.0
  margin:   0.0  free: 50000.0  level: 0.0
  profit (floating): 0.0
  leverage: 1:100
  trade_allowed: True
OPEN POSITIONS: none
BACKEND PUSH: ok
========================================================================
{"timestamp": "2026-09-15T08:35:18.042727+00:00", "level": "INFO", "logger": "collector.runner", "message": "snapshot cycle complete", "context": {"mt5_connected": true, "open_positions": 0, "push_ok": true}}
========================================================================
CONNECTION STATUS: UP | broker link: UP | server: MetaQuotes-Demo
ACCOUNT INFO
  login:    5055783885
  server:   MetaQuotes-Demo
  currency: EUR
  balance:  50000.0
  equity:   50000.0
  margin:   0.0  free: 50000.0  level: 0.0
  profit (floating): 0.0
  leverage: 1:100
  trade_allowed: True
OPEN POSITIONS: none
BACKEND PUSH: ok
========================================================================
{"timestamp": "2026-09-15T08:35:28.234459+00:00", "level": "INFO", "logger": "collector.runner", "message": "snapshot cycle complete", "context": {"mt5_connected": true, "open_positions": 0, "push_ok": true}}
{"timestamp": "2026-09-15T08:35:28.472171+00:00", "level": "INFO", "logger": "collector.runner", "message": "trade sync pushed", "context": {"date_from": "2026-09-15T08:29:27.176000+00:00", "deals_sent": 0, "trades_created": 0, "trades_updated": 0}}
RECENT DEALS (last 90d): none
========================================================================
CONNECTION STATUS: UP | broker link: UP | server: MetaQuotes-Demo
ACCOUNT INFO
  login:    5055783885
  server:   MetaQuotes-Demo
  currency: EUR
  balance:  50000.0
  equity:   50000.0
  margin:   0.0  free: 50000.0  level: 0.0
  profit (floating): 0.0
  leverage: 1:100
  trade_allowed: True
OPEN POSITIONS: none
BACKEND PUSH: ok
========================================================================
{"timestamp": "2026-09-15T08:35:38.601197+00:00", "level": "INFO", "logger": "collector.runner", "message": "snapshot cycle complete", "context": {"mt5_connected": true, "open_positions": 0, "push_ok": true}}
========================================================================
CONNECTION STATUS: UP | broker link: UP | server: MetaQuotes-Demo
ACCOUNT INFO
  login:    5055783885
  server:   MetaQuotes-Demo
  currency: EUR
  balance:  50000.0
  equity:   50000.0
  margin:   0.0  free: 50000.0  level: 0.0
  profit (floating): 0.0
  leverage: 1:100
  trade_allowed: True
OPEN POSITIONS: none
BACKEND PUSH: ok
========================================================================
{"timestamp": "2026-09-15T08:35:48.778504+00:00", "level": "INFO", "logger": "collector.runner", "message": "snapshot cycle complete", "context": {"mt5_connected": true, "open_positions": 0, "push_ok": true}}
========================================================================
CONNECTION STATUS: UP | broker link: UP | server: MetaQuotes-Demo
ACCOUNT INFO
  login:    5055783885
  server:   MetaQuotes-Demo
  currency: EUR
  balance:  50000.0
  equity:   50000.0
  margin:   0.0  free: 50000.0  level: 0.0
  profit (floating): 0.0
  leverage: 1:100
  trade_allowed: True
OPEN POSITIONS: none
BACKEND PUSH: ok
========================================================================
{"timestamp": "2026-09-15T08:35:58.904519+00:00", "level": "INFO", "logger": "collector.runner", "message": "snapshot cycle complete", "context": {"mt5_connected": true, "open_positions": 0, "push_ok": true}}
========================================================================
CONNECTION STATUS: UP | broker link: UP | server: MetaQuotes-Demo
ACCOUNT INFO
  login:    5055783885
  server:   MetaQuotes-Demo
  currency: EUR
  balance:  50000.0
  equity:   50000.0
  margin:   0.0  free: 50000.0  level: 0.0
  profit (floating): 0.0
  leverage: 1:100
  trade_allowed: True
OPEN POSITIONS: none
BACKEND PUSH: ok
========================================================================
{"timestamp": "2026-09-15T08:36:09.076643+00:00", "level": "INFO", "logger": "collector.runner", "message": "snapshot cycle complete", "context": {"mt5_connected": true, "open_positions": 0, "push_ok": true}}
========================================================================
CONNECTION STATUS: UP | broker link: UP | server: MetaQuotes-Demo
ACCOUNT INFO
  login:    5055783885
  server:   MetaQuotes-Demo
  currency: EUR
  balance:  50000.0
  equity:   50000.0
  margin:   0.0  free: 50000.0  level: 0.0
  profit (floating): 0.0
  leverage: 1:100
  trade_allowed: True
OPEN POSITIONS: none
BACKEND PUSH: ok
========================================================================
{"timestamp": "2026-09-15T08:36:19.208866+00:00", "level": "INFO", "logger": "collector.runner", "message": "snapshot cycle complete", "context": {"mt5_connected": true, "open_positions": 0, "push_ok": true}}
========================================================================
CONNECTION STATUS: UP | broker link: UP | server: MetaQuotes-Demo
ACCOUNT INFO
  login:    5055783885
  server:   MetaQuotes-Demo
  currency: EUR
  balance:  50000.0
  equity:   50000.0
  margin:   0.0  free: 50000.0  level: 0.0
  profit (floating): 0.0
  leverage: 1:100
  trade_allowed: True
OPEN POSITIONS: none
BACKEND PUSH: ok
========================================================================
{"timestamp": "2026-09-15T08:36:29.368053+00:00", "level": "INFO", "logger": "collector.runner", "message": "snapshot cycle complete", "context": {"mt5_connected": true, "open_positions": 0, "push_ok": true}}
{"timestamp": "2026-09-15T08:36:29.572077+00:00", "level": "INFO", "logger": "collector.runner", "message": "trade sync pushed", "context": {"date_from": "2026-09-15T08:30:28.463000+00:00", "deals_sent": 0, "trades_created": 0, "trades_updated": 0}}
RECENT DEALS (last 90d): none
========================================================================
CONNECTION STATUS: UP | broker link: UP | server: MetaQuotes-Demo
ACCOUNT INFO
  login:    5055783885
  server:   MetaQuotes-Demo
  currency: EUR
  balance:  50000.0
  equity:   50000.0
  margin:   0.0  free: 50000.0  level: 0.0
  profit (floating): 0.0
  leverage: 1:100
  trade_allowed: True
OPEN POSITIONS: none
BACKEND PUSH: ok
========================================================================
{"timestamp": "2026-09-15T08:36:39.729433+00:00", "level": "INFO", "logger": "collector.runner", "message": "snapshot cycle complete", "context": {"mt5_connected": true, "open_positions": 0, "push_ok": true}}
========================================================================
CONNECTION STATUS: UP | broker link: UP | server: MetaQuotes-Demo
ACCOUNT INFO
  login:    5055783885
  server:   MetaQuotes-Demo
  currency: EUR
  balance:  50000.0
  equity:   50000.0
  margin:   0.0  free: 50000.0  level: 0.0
  profit (floating): 0.0
  leverage: 1:100
  trade_allowed: True
OPEN POSITIONS: none
BACKEND PUSH: ok
========================================================================
{"timestamp": "2026-09-15T08:36:49.870263+00:00", "level": "INFO", "logger": "collector.runner", "message": "snapshot cycle complete", "context": {"mt5_connected": true, "open_positions": 0, "push_ok": true}}
========================================================================
CONNECTION STATUS: UP | broker link: UP | server: MetaQuotes-Demo
ACCOUNT INFO
  login:    5055783885
  server:   MetaQuotes-Demo
  currency: EUR
  balance:  50000.0
  equity:   50000.0
  margin:   0.0  free: 50000.0  level: 0.0
  profit (floating): 0.0
  leverage: 1:100
  trade_allowed: True
OPEN POSITIONS: none
BACKEND PUSH: ok
========================================================================
{"timestamp": "2026-09-15T08:37:00.022561+00:00", "level": "INFO", "logger": "collector.runner", "message": "snapshot cycle complete", "context": {"mt5_connected": true, "open_positions": 0, "push_ok": true}}
========================================================================
CONNECTION STATUS: UP | broker link: UP | server: MetaQuotes-Demo
ACCOUNT INFO
  login:    5055783885
  server:   MetaQuotes-Demo
  currency: EUR
  balance:  50000.0
  equity:   50000.0
  margin:   0.0  free: 50000.0  level: 0.0
  profit (floating): 0.0
  leverage: 1:100
  trade_allowed: True
OPEN POSITIONS: none
BACKEND PUSH: ok
========================================================================
{"timestamp": "2026-09-15T08:37:10.158442+00:00", "level": "INFO", "logger": "collector.runner", "message": "snapshot cycle complete", "context": {"mt5_connected": true, "open_positions": 0, "push_ok": true}}
========================================================================
CONNECTION STATUS: UP | broker link: UP | server: MetaQuotes-Demo
ACCOUNT INFO
  login:    5055783885
  server:   MetaQuotes-Demo
  currency: EUR
  balance:  50000.0
  equity:   50000.0
  margin:   0.0  free: 50000.0  level: 0.0
  profit (floating): 0.0
  leverage: 1:100
  trade_allowed: True
OPEN POSITIONS: none
BACKEND PUSH: ok
========================================================================
{"timestamp": "2026-09-15T08:37:20.320158+00:00", "level": "INFO", "logger": "collector.runner", "message": "snapshot cycle complete", "context": {"mt5_connected": true, "open_positions": 0, "push_ok": true}}
========================================================================
CONNECTION STATUS: UP | broker link: UP | server: MetaQuotes-Demo
ACCOUNT INFO
  login:    5055783885
  server:   MetaQuotes-Demo
  currency: EUR
  balance:  50000.0
  equity:   50000.0
  margin:   0.0  free: 50000.0  level: 0.0
  profit (floating): 0.0
  leverage: 1:100
  trade_allowed: True
OPEN POSITIONS: none
BACKEND PUSH: ok
========================================================================
{"timestamp": "2026-09-15T08:37:30.445430+00:00", "level": "INFO", "logger": "collector.runner", "message": "snapshot cycle complete", "context": {"mt5_connected": true, "open_positions": 0, "push_ok": true}}
{"timestamp": "2026-09-15T08:37:30.673667+00:00", "level": "INFO", "logger": "collector.runner", "message": "trade sync pushed", "context": {"date_from": "2026-09-15T08:31:29.563000+00:00", "deals_sent": 0, "trades_created": 0, "trades_updated": 0}}
RECENT DEALS (last 90d): none
========================================================================
CONNECTION STATUS: UP | broker link: UP | server: MetaQuotes-Demo
ACCOUNT INFO
  login:    5055783885
  server:   MetaQuotes-Demo
  currency: EUR
  balance:  50000.0
  equity:   50000.0
  margin:   0.0  free: 50000.0  level: 0.0
  profit (floating): 0.0
  leverage: 1:100
  trade_allowed: True
OPEN POSITIONS: none
BACKEND PUSH: ok
========================================================================
{"timestamp": "2026-09-15T08:37:40.897446+00:00", "level": "INFO", "logger": "collector.runner", "message": "snapshot cycle complete", "context": {"mt5_connected": true, "open_positions": 0, "push_ok": true}}
========================================================================
CONNECTION STATUS: UP | broker link: UP | server: MetaQuotes-Demo
ACCOUNT INFO
  login:    5055783885
  server:   MetaQuotes-Demo
  currency: EUR
  balance:  50000.0
  equity:   50000.0
  margin:   0.0  free: 50000.0  level: 0.0
  profit (floating): 0.0
  leverage: 1:100
  trade_allowed: True
OPEN POSITIONS: none
BACKEND PUSH: ok
========================================================================
{"timestamp": "2026-09-15T08:37:51.061919+00:00", "level": "INFO", "logger": "collector.runner", "message": "snapshot cycle complete", "context": {"mt5_connected": true, "open_positions": 0, "push_ok": true}}
========================================================================
CONNECTION STATUS: UP | broker link: UP | server: MetaQuotes-Demo
ACCOUNT INFO
  login:    5055783885
  server:   MetaQuotes-Demo
  currency: EUR
  balance:  50000.0
  equity:   50000.0
  margin:   0.0  free: 50000.0  level: 0.0
  profit (floating): 0.0
  leverage: 1:100
  trade_allowed: True
OPEN POSITIONS: none
BACKEND PUSH: ok
========================================================================
{"timestamp": "2026-09-15T08:38:01.222001+00:00", "level": "INFO", "logger": "collector.runner", "message": "snapshot cycle complete", "context": {"mt5_connected": true, "open_positions": 0, "push_ok": true}}
========================================================================
CONNECTION STATUS: UP | broker link: UP | server: MetaQuotes-Demo
ACCOUNT INFO
  login:    5055783885
  server:   MetaQuotes-Demo
  currency: EUR
  balance:  50000.0
  equity:   50000.0
  margin:   0.0  free: 50000.0  level: 0.0
  profit (floating): 0.0
  leverage: 1:100
  trade_allowed: True
OPEN POSITIONS: none
BACKEND PUSH: ok
========================================================================
{"timestamp": "2026-09-15T08:38:11.382220+00:00", "level": "INFO", "logger": "collector.runner", "message": "snapshot cycle complete", "context": {"mt5_connected": true, "open_positions": 0, "push_ok": true}}
========================================================================
CONNECTION STATUS: UP | broker link: UP | server: MetaQuotes-Demo
ACCOUNT INFO
  login:    5055783885
  server:   MetaQuotes-Demo
  currency: EUR
  balance:  50000.0
  equity:   50000.0
  margin:   0.0  free: 50000.0  level: 0.0
  profit (floating): 0.0
  leverage: 1:100
  trade_allowed: True
OPEN POSITIONS: none
BACKEND PUSH: ok
========================================================================
{"timestamp": "2026-09-15T08:38:21.540100+00:00", "level": "INFO", "logger": "collector.runner", "message": "snapshot cycle complete", "context": {"mt5_connected": true, "open_positions": 0, "push_ok": true}}
{"timestamp": "2026-09-15T08:38:21.656970+00:00", "level": "INFO", "logger": "collector.runner", "message": "candle sync (incremental)", "context": {"symbol": "EURUSD", "timeframe": "M5", "date_from": "2026-09-15T09:25:00+00:00"}}
{"timestamp": "2026-09-15T08:38:21.754261+00:00", "level": "INFO", "logger": "collector.runner", "message": "candle sync (incremental)", "context": {"symbol": "EURUSD", "timeframe": "M15", "date_from": "2026-09-15T08:45:00+00:00"}}
{"timestamp": "2026-09-15T08:38:21.860621+00:00", "level": "INFO", "logger": "collector.runner", "message": "candle sync (incremental)", "context": {"symbol": "EURUSD", "timeframe": "H1", "date_from": "2026-09-15T07:00:00+00:00"}}
{"timestamp": "2026-09-15T08:38:21.958661+00:00", "level": "INFO", "logger": "collector.runner", "message": "candle batch pushed", "context": {"symbol": "EURUSD", "timeframe": "H1", "batch_size": 1, "upserted": 1}}
{"timestamp": "2026-09-15T08:38:22.054812+00:00", "level": "INFO", "logger": "collector.runner", "message": "candle sync (incremental)", "context": {"symbol": "EURUSD", "timeframe": "M30", "date_from": "2026-09-15T09:00:00+00:00"}}
{"timestamp": "2026-09-15T08:38:22.156226+00:00", "level": "INFO", "logger": "collector.runner", "message": "candle sync (incremental)", "context": {"symbol": "EURUSD", "timeframe": "H4", "date_from": "2026-09-14T16:00:00+00:00"}}
{"timestamp": "2026-09-15T08:38:22.261858+00:00", "level": "INFO", "logger": "collector.runner", "message": "candle batch pushed", "context": {"symbol": "EURUSD", "timeframe": "H4", "batch_size": 3, "upserted": 3}}
{"timestamp": "2026-09-15T08:38:22.350240+00:00", "level": "INFO", "logger": "collector.runner", "message": "candle sync (incremental)", "context": {"symbol": "EURUSD", "timeframe": "D1", "date_from": "2026-09-11T00:00:00+00:00"}}
{"timestamp": "2026-09-15T08:38:22.444711+00:00", "level": "INFO", "logger": "collector.runner", "message": "candle batch pushed", "context": {"symbol": "EURUSD", "timeframe": "D1", "batch_size": 1, "upserted": 1}}
{"timestamp": "2026-09-15T08:38:22.533828+00:00", "level": "INFO", "logger": "collector.runner", "message": "candle sync (incremental)", "context": {"symbol": "EURUSD", "timeframe": "W1", "date_from": "2026-08-16T00:00:00+00:00"}}
{"timestamp": "2026-09-15T08:38:22.677025+00:00", "level": "INFO", "logger": "collector.runner", "message": "candle batch pushed", "context": {"symbol": "EURUSD", "timeframe": "W1", "batch_size": 3, "upserted": 3}}
{"timestamp": "2026-09-15T08:38:22.771610+00:00", "level": "INFO", "logger": "collector.runner", "message": "candle sync (incremental)", "context": {"symbol": "EURUSD", "timeframe": "MN1", "date_from": "2026-04-30T00:00:00+00:00"}}
{"timestamp": "2026-09-15T08:38:22.886073+00:00", "level": "INFO", "logger": "collector.runner", "message": "candle batch pushed", "context": {"symbol": "EURUSD", "timeframe": "MN1", "batch_size": 4, "upserted": 4}}
{"timestamp": "2026-09-15T08:38:22.973951+00:00", "level": "INFO", "logger": "collector.runner", "message": "candle sync (incremental)", "context": {"symbol": "XAUUSD", "timeframe": "M1", "date_from": "2026-09-15T09:42:00+00:00"}}
{"timestamp": "2026-09-15T08:38:23.062687+00:00", "level": "INFO", "logger": "collector.runner", "message": "candle sync (incremental)", "context": {"symbol": "XAUUSD", "timeframe": "M5", "date_from": "2026-09-15T09:25:00+00:00"}}
{"timestamp": "2026-09-15T08:38:23.157645+00:00", "level": "INFO", "logger": "collector.runner", "message": "candle sync (incremental)", "context": {"symbol": "XAUUSD", "timeframe": "M15", "date_from": "2026-09-15T08:45:00+00:00"}}
{"timestamp": "2026-09-15T08:38:23.251617+00:00", "level": "INFO", "logger": "collector.runner", "message": "candle sync (incremental)", "context": {"symbol": "XAUUSD", "timeframe": "M30", "date_from": "2026-09-15T09:00:00+00:00"}}
{"timestamp": "2026-09-15T08:38:23.337867+00:00", "level": "INFO", "logger": "collector.runner", "message": "candle sync (incremental)", "context": {"symbol": "XAUUSD", "timeframe": "H1", "date_from": "2026-09-15T07:00:00+00:00"}}
{"timestamp": "2026-09-15T08:38:23.448967+00:00", "level": "INFO", "logger": "collector.runner", "message": "candle batch pushed", "context": {"symbol": "XAUUSD", "timeframe": "H1", "batch_size": 1, "upserted": 1}}
{"timestamp": "2026-09-15T08:38:23.557004+00:00", "level": "INFO", "logger": "collector.runner", "message": "candle sync (incremental)", "context": {"symbol": "XAUUSD", "timeframe": "H4", "date_from": "2026-09-14T16:00:00+00:00"}}
{"timestamp": "2026-09-15T08:38:23.704387+00:00", "level": "INFO", "logger": "collector.runner", "message": "candle batch pushed", "context": {"symbol": "XAUUSD", "timeframe": "H4", "batch_size": 3, "upserted": 3}}
{"timestamp": "2026-09-15T08:38:23.803884+00:00", "level": "INFO", "logger": "collector.runner", "message": "candle sync (incremental)", "context": {"symbol": "XAUUSD", "timeframe": "D1", "date_from": "2026-09-11T00:00:00+00:00"}}
{"timestamp": "2026-09-15T08:38:23.934174+00:00", "level": "INFO", "logger": "collector.runner", "message": "candle batch pushed", "context": {"symbol": "XAUUSD", "timeframe": "D1", "batch_size": 1, "upserted": 1}}
========================================================================
CONNECTION STATUS: UP | broker link: UP | server: MetaQuotes-Demo
ACCOUNT INFO
  login:    5055783885
  server:   MetaQuotes-Demo
  currency: EUR
  balance:  50000.0
  equity:   50000.0
  margin:   0.0  free: 50000.0  level: 0.0
  profit (floating): 0.0
  leverage: 1:100
  trade_allowed: True
OPEN POSITIONS: none
BACKEND PUSH: ok
========================================================================
{"timestamp": "2026-09-15T08:38:34.081282+00:00", "level": "INFO", "logger": "collector.runner", "message": "snapshot cycle complete", "context": {"mt5_connected": true, "open_positions": 0, "push_ok": true}}
{"timestamp": "2026-09-15T08:38:34.306859+00:00", "level": "INFO", "logger": "collector.runner", "message": "trade sync pushed", "context": {"date_from": "2026-09-15T08:32:30.666000+00:00", "deals_sent": 0, "trades_created": 0, "trades_updated": 0}}
RECENT DEALS (last 90d): none
========================================================================
CONNECTION STATUS: UP | broker link: UP | server: MetaQuotes-Demo
ACCOUNT INFO
  login:    5055783885
  server:   MetaQuotes-Demo
  currency: EUR
  balance:  50000.0
  equity:   50000.0
  margin:   0.0  free: 50000.0  level: 0.0
  profit (floating): 0.0
  leverage: 1:100
  trade_allowed: True
OPEN POSITIONS: none
BACKEND PUSH: ok
========================================================================
{"timestamp": "2026-09-15T08:38:44.490098+00:00", "level": "INFO", "logger": "collector.runner", "message": "snapshot cycle complete", "context": {"mt5_connected": true, "open_positions": 0, "push_ok": true}}
========================================================================
CONNECTION STATUS: UP | broker link: UP | server: MetaQuotes-Demo
ACCOUNT INFO
  login:    5055783885
  server:   MetaQuotes-Demo
  currency: EUR
  balance:  50000.0
  equity:   50000.0
  margin:   0.0  free: 50000.0  level: 0.0
  profit (floating): 0.0
  leverage: 1:100
  trade_allowed: True
OPEN POSITIONS: none
BACKEND PUSH: ok
========================================================================
{"timestamp": "2026-09-15T08:38:54.639828+00:00", "level": "INFO", "logger": "collector.runner", "message": "snapshot cycle complete", "context": {"mt5_connected": true, "open_positions": 0, "push_ok": true}}
========================================================================
CONNECTION STATUS: UP | broker link: UP | server: MetaQuotes-Demo
ACCOUNT INFO
  login:    5055783885
  server:   MetaQuotes-Demo
  currency: EUR
  balance:  50000.0
  equity:   50000.0
  margin:   0.0  free: 50000.0  level: 0.0
  profit (floating): 0.0
  leverage: 1:100
  trade_allowed: True
OPEN POSITIONS: none
BACKEND PUSH: ok
========================================================================
{"timestamp": "2026-09-15T08:39:04.794403+00:00", "level": "INFO", "logger": "collector.runner", "message": "snapshot cycle complete", "context": {"mt5_connected": true, "open_positions": 0, "push_ok": true}}
========================================================================
CONNECTION STATUS: UP | broker link: UP | server: MetaQuotes-Demo
ACCOUNT INFO
  login:    5055783885
  server:   MetaQuotes-Demo
  currency: EUR
  balance:  50000.0
  equity:   50000.0
  margin:   0.0  free: 50000.0  level: 0.0
  profit (floating): 0.0
  leverage: 1:100
  trade_allowed: True
OPEN POSITIONS: none
BACKEND PUSH: ok
========================================================================
{"timestamp": "2026-09-15T08:39:15.002995+00:00", "level": "INFO", "logger": "collector.runner", "message": "snapshot cycle complete", "context": {"mt5_connected": true, "open_positions": 0, "push_ok": true}}
========================================================================
CONNECTION STATUS: UP | broker link: UP | server: MetaQuotes-Demo
ACCOUNT INFO
  login:    5055783885
  server:   MetaQuotes-Demo
  currency: EUR
  balance:  50000.0
  equity:   50000.0
  margin:   0.0  free: 50000.0  level: 0.0
  profit (floating): 0.0
  leverage: 1:100
  trade_allowed: True
OPEN POSITIONS: none
BACKEND PUSH: ok
========================================================================
{"timestamp": "2026-09-15T08:39:25.164232+00:00", "level": "INFO", "logger": "collector.runner", "message": "snapshot cycle complete", "context": {"mt5_connected": true, "open_positions": 0, "push_ok": true}}
========================================================================
CONNECTION STATUS: UP | broker link: UP | server: MetaQuotes-Demo
ACCOUNT INFO
  login:    5055783885
  server:   MetaQuotes-Demo
  currency: EUR
  balance:  50000.0
  equity:   50000.0
  margin:   0.0  free: 50000.0  level: 0.0
  profit (floating): 0.0
  leverage: 1:100
  trade_allowed: True
OPEN POSITIONS: none
BACKEND PUSH: ok
========================================================================
{"timestamp": "2026-09-15T08:39:35.351823+00:00", "level": "INFO", "logger": "collector.runner", "message": "snapshot cycle complete", "context": {"mt5_connected": true, "open_positions": 0, "push_ok": true}}
{"timestamp": "2026-09-15T08:39:35.717917+00:00", "level": "INFO", "logger": "collector.runner", "message": "trade sync pushed", "context": {"date_from": "2026-09-15T08:33:34.296000+00:00", "deals_sent": 0, "trades_created": 0, "trades_updated": 0}}
RECENT DEALS (last 90d): none
========================================================================
CONNECTION STATUS: UP | broker link: UP | server: MetaQuotes-Demo
ACCOUNT INFO
  login:    5055783885
  server:   MetaQuotes-Demo
  currency: EUR
  balance:  50000.0
  equity:   50000.0
  margin:   0.0  free: 50000.0  level: 0.0
  profit (floating): 0.0
  leverage: 1:100
  trade_allowed: True
OPEN POSITIONS: none
BACKEND PUSH: ok
========================================================================
{"timestamp": "2026-09-15T08:39:45.854548+00:00", "level": "INFO", "logger": "collector.runner", "message": "snapshot cycle complete", "context": {"mt5_connected": true, "open_positions": 0, "push_ok": true}}
========================================================================
CONNECTION STATUS: UP | broker link: UP | server: MetaQuotes-Demo
ACCOUNT INFO
  login:    5055783885
  server:   MetaQuotes-Demo
  currency: EUR
  balance:  50000.0
  equity:   50000.0
  margin:   0.0  free: 50000.0  level: 0.0
  profit (floating): 0.0
  leverage: 1:100
  trade_allowed: True
OPEN POSITIONS: none
BACKEND PUSH: ok
========================================================================
{"timestamp": "2026-09-15T08:39:55.997700+00:00", "level": "INFO", "logger": "collector.runner", "message": "snapshot cycle complete", "context": {"mt5_connected": true, "open_positions": 0, "push_ok": true}}
========================================================================
CONNECTION STATUS: UP | broker link: UP | server: MetaQuotes-Demo
ACCOUNT INFO
  login:    5055783885
  server:   MetaQuotes-Demo
  currency: EUR
  balance:  50000.0
  equity:   50000.0
  margin:   0.0  free: 50000.0  level: 0.0
  profit (floating): 0.0
  leverage: 1:100
  trade_allowed: True
OPEN POSITIONS: none
BACKEND PUSH: ok
========================================================================
{"timestamp": "2026-09-15T08:40:06.165535+00:00", "level": "INFO", "logger": "collector.runner", "message": "snapshot cycle complete", "context": {"mt5_connected": true, "open_positions": 0, "push_ok": true}}
========================================================================
CONNECTION STATUS: UP | broker link: UP | server: MetaQuotes-Demo
ACCOUNT INFO
  login:    5055783885
  server:   MetaQuotes-Demo
  currency: EUR
  balance:  50000.0
  equity:   50000.0
  margin:   0.0  free: 50000.0  level: 0.0
  profit (floating): 0.0
  leverage: 1:100
  trade_allowed: True
OPEN POSITIONS: none
BACKEND PUSH: ok
========================================================================
{"timestamp": "2026-09-15T08:40:16.329982+00:00", "level": "INFO", "logger": "collector.runner", "message": "snapshot cycle complete", "context": {"mt5_connected": true, "open_positions": 0, "push_ok": true}}
========================================================================
CONNECTION STATUS: UP | broker link: UP | server: MetaQuotes-Demo
ACCOUNT INFO
  login:    5055783885
  server:   MetaQuotes-Demo
  currency: EUR
  balance:  50000.0
  equity:   50000.0
  margin:   0.0  free: 50000.0  level: 0.0
  profit (floating): 0.0
  leverage: 1:100
  trade_allowed: True
OPEN POSITIONS: none
BACKEND PUSH: ok
========================================================================
{"timestamp": "2026-09-15T08:40:26.549166+00:00", "level": "INFO", "logger": "collector.runner", "message": "snapshot cycle complete", "context": {"mt5_connected": true, "open_positions": 0, "push_ok": true}}
========================================================================
CONNECTION STATUS: UP | broker link: UP | server: MetaQuotes-Demo
ACCOUNT INFO
  login:    5055783885
  server:   MetaQuotes-Demo
  currency: EUR
  balance:  50000.0
  equity:   50000.0
  margin:   0.0  free: 50000.0  level: 0.0
  profit (floating): 0.0
  leverage: 1:100
  trade_allowed: True
OPEN POSITIONS: none
BACKEND PUSH: ok
========================================================================
{"timestamp": "2026-09-15T08:40:36.687726+00:00", "level": "INFO", "logger": "collector.runner", "message": "snapshot cycle complete", "context": {"mt5_connected": true, "open_positions": 0, "push_ok": true}}
{"timestamp": "2026-09-15T08:40:36.890231+00:00", "level": "INFO", "logger": "collector.runner", "message": "trade sync pushed", "context": {"date_from": "2026-09-15T08:34:35.711000+00:00", "deals_sent": 0, "trades_created": 0, "trades_updated": 0}}
RECENT DEALS (last 90d): none
========================================================================
CONNECTION STATUS: UP | broker link: UP | server: MetaQuotes-Demo
ACCOUNT INFO
  login:    5055783885
  server:   MetaQuotes-Demo
  currency: EUR
  balance:  50000.0
  equity:   50000.0
  margin:   0.0  free: 50000.0  level: 0.0
  profit (floating): 0.0
  leverage: 1:100
  trade_allowed: True
OPEN POSITIONS: none
BACKEND PUSH: ok
========================================================================
{"timestamp": "2026-09-15T08:40:47.027735+00:00", "level": "INFO", "logger": "collector.runner", "message": "snapshot cycle complete", "context": {"mt5_connected": true, "open_positions": 0, "push_ok": true}}
========================================================================
CONNECTION STATUS: UP | broker link: UP | server: MetaQuotes-Demo
ACCOUNT INFO
  login:    5055783885
  server:   MetaQuotes-Demo
  currency: EUR
  balance:  50000.0
  equity:   50000.0
  margin:   0.0  free: 50000.0  level: 0.0
  profit (floating): 0.0
  leverage: 1:100
  trade_allowed: True
OPEN POSITIONS: none
BACKEND PUSH: ok
========================================================================
{"timestamp": "2026-09-15T08:40:57.191582+00:00", "level": "INFO", "logger": "collector.runner", "message": "snapshot cycle complete", "context": {"mt5_connected": true, "open_positions": 0, "push_ok": true}}
========================================================================
CONNECTION STATUS: UP | broker link: UP | server: MetaQuotes-Demo
ACCOUNT INFO
  login:    5055783885
  server:   MetaQuotes-Demo
  currency: EUR
  balance:  50000.0
  equity:   50000.0
  margin:   0.0  free: 50000.0  level: 0.0
  profit (floating): 0.0
  leverage: 1:100
  trade_allowed: True
OPEN POSITIONS: none
BACKEND PUSH: ok
========================================================================
{"timestamp": "2026-09-15T08:41:07.347876+00:00", "level": "INFO", "logger": "collector.runner", "message": "snapshot cycle complete", "context": {"mt5_connected": true, "open_positions": 0, "push_ok": true}}
========================================================================
CONNECTION STATUS: UP | broker link: UP | server: MetaQuotes-Demo
ACCOUNT INFO
  login:    5055783885
  server:   MetaQuotes-Demo
  currency: EUR
  balance:  50000.0
  equity:   50000.0
  margin:   0.0  free: 50000.0  level: 0.0
  profit (floating): 0.0
  leverage: 1:100
  trade_allowed: True
OPEN POSITIONS: none
BACKEND PUSH: ok
========================================================================
{"timestamp": "2026-09-15T08:41:17.496873+00:00", "level": "INFO", "logger": "collector.runner", "message": "snapshot cycle complete", "context": {"mt5_connected": true, "open_positions": 0, "push_ok": true}}
========================================================================
CONNECTION STATUS: UP | broker link: UP | server: MetaQuotes-Demo
ACCOUNT INFO
  login:    5055783885
  server:   MetaQuotes-Demo
  currency: EUR
  balance:  50000.0
  equity:   50000.0
  margin:   0.0  free: 50000.0  level: 0.0
  profit (floating): 0.0
  leverage: 1:100
  trade_allowed: True
OPEN POSITIONS: none
BACKEND PUSH: ok
========================================================================
{"timestamp": "2026-09-15T08:41:27.642393+00:00", "level": "INFO", "logger": "collector.runner", "message": "snapshot cycle complete", "context": {"mt5_connected": true, "open_positions": 0, "push_ok": true}}
========================================================================
CONNECTION STATUS: UP | broker link: UP | server: MetaQuotes-Demo
ACCOUNT INFO
  login:    5055783885
  server:   MetaQuotes-Demo
  currency: EUR
  balance:  50000.0
  equity:   50000.0
  margin:   0.0  free: 50000.0  level: 0.0
  profit (floating): 0.0
  leverage: 1:100
  trade_allowed: True
OPEN POSITIONS: none
BACKEND PUSH: ok
========================================================================
{"timestamp": "2026-09-15T08:41:37.794292+00:00", "level": "INFO", "logger": "collector.runner", "message": "snapshot cycle complete", "context": {"mt5_connected": true, "open_positions": 0, "push_ok": true}}
{"timestamp": "2026-09-15T08:41:38.123143+00:00", "level": "INFO", "logger": "collector.runner", "message": "trade sync pushed", "context": {"date_from": "2026-09-15T08:35:36.883000+00:00", "deals_sent": 0, "trades_created": 0, "trades_updated": 0}}
RECENT DEALS (last 90d): none
========================================================================
CONNECTION STATUS: UP | broker link: UP | server: MetaQuotes-Demo
ACCOUNT INFO
  login:    5055783885
  server:   MetaQuotes-Demo
  currency: EUR
  balance:  50000.0
  equity:   50000.0
  margin:   0.0  free: 50000.0  level: 0.0
  profit (floating): 0.0
  leverage: 1:100
  trade_allowed: True
OPEN POSITIONS: none
BACKEND PUSH: ok
========================================================================
{"timestamp": "2026-09-15T08:41:48.290561+00:00", "level": "INFO", "logger": "collector.runner", "message": "snapshot cycle complete", "context": {"mt5_connected": true, "open_positions": 0, "push_ok": true}}
========================================================================
CONNECTION STATUS: UP | broker link: UP | server: MetaQuotes-Demo
ACCOUNT INFO
  login:    5055783885
  server:   MetaQuotes-Demo
  currency: EUR
  balance:  50000.0
  equity:   50000.0
  margin:   0.0  free: 50000.0  level: 0.0
  profit (floating): 0.0
  leverage: 1:100
  trade_allowed: True
OPEN POSITIONS: none
BACKEND PUSH: ok
========================================================================
{"timestamp": "2026-09-15T08:41:58.433282+00:00", "level": "INFO", "logger": "collector.runner", "message": "snapshot cycle complete", "context": {"mt5_connected": true, "open_positions": 0, "push_ok": true}}
========================================================================
CONNECTION STATUS: UP | broker link: UP | server: MetaQuotes-Demo
ACCOUNT INFO
  login:    5055783885
  server:   MetaQuotes-Demo
  currency: EUR
  balance:  50000.0
  equity:   50000.0
  margin:   0.0  free: 50000.0  level: 0.0
  profit (floating): 0.0
  leverage: 1:100
  trade_allowed: True
OPEN POSITIONS: none
BACKEND PUSH: ok
========================================================================
{"timestamp": "2026-09-15T08:42:08.591744+00:00", "level": "INFO", "logger": "collector.runner", "message": "snapshot cycle complete", "context": {"mt5_connected": true, "open_positions": 0, "push_ok": true}}
========================================================================
CONNECTION STATUS: UP | broker link: UP | server: MetaQuotes-Demo
ACCOUNT INFO
  login:    5055783885
  server:   MetaQuotes-Demo
  currency: EUR
  balance:  50000.0
  equity:   50000.0
  margin:   0.0  free: 50000.0  level: 0.0
  profit (floating): 0.0
  leverage: 1:100
  trade_allowed: True
OPEN POSITIONS: none
BACKEND PUSH: ok
========================================================================
{"timestamp": "2026-09-15T08:42:18.732939+00:00", "level": "INFO", "logger": "collector.runner", "message": "snapshot cycle complete", "context": {"mt5_connected": true, "open_positions": 0, "push_ok": true}}
========================================================================
CONNECTION STATUS: UP | broker link: UP | server: MetaQuotes-Demo
ACCOUNT INFO
  login:    5055783885
  server:   MetaQuotes-Demo
  currency: EUR
  balance:  50000.0
  equity:   50000.0
  margin:   0.0  free: 50000.0  level: 0.0
  profit (floating): 0.0
  leverage: 1:100
  trade_allowed: True
OPEN POSITIONS: none
BACKEND PUSH: ok
========================================================================
{"timestamp": "2026-09-15T08:42:28.882807+00:00", "level": "INFO", "logger": "collector.runner", "message": "snapshot cycle complete", "context": {"mt5_connected": true, "open_positions": 0, "push_ok": true}}
========================================================================
CONNECTION STATUS: UP | broker link: UP | server: MetaQuotes-Demo
ACCOUNT INFO
  login:    5055783885
  server:   MetaQuotes-Demo
  currency: EUR
  balance:  50000.0
  equity:   50000.0
  margin:   0.0  free: 50000.0  level: 0.0
  profit (floating): 0.0
  leverage: 1:100
  trade_allowed: True
OPEN POSITIONS: none
BACKEND PUSH: ok
========================================================================
{"timestamp": "2026-09-15T08:42:39.024251+00:00", "level": "INFO", "logger": "collector.runner", "message": "snapshot cycle complete", "context": {"mt5_connected": true, "open_positions": 0, "push_ok": true}}
{"timestamp": "2026-09-15T08:42:39.212493+00:00", "level": "INFO", "logger": "collector.runner", "message": "trade sync pushed", "context": {"date_from": "2026-09-15T08:36:38.113000+00:00", "deals_sent": 0, "trades_created": 0, "trades_updated": 0}}
RECENT DEALS (last 90d): none
========================================================================
CONNECTION STATUS: UP | broker link: UP | server: MetaQuotes-Demo
ACCOUNT INFO
  login:    5055783885
  server:   MetaQuotes-Demo
  currency: EUR
  balance:  50000.0
  equity:   50000.0
  margin:   0.0  free: 50000.0  level: 0.0
  profit (floating): 0.0
  leverage: 1:100
  trade_allowed: True
OPEN POSITIONS: none
BACKEND PUSH: ok
========================================================================
{"timestamp": "2026-09-15T08:42:49.377399+00:00", "level": "INFO", "logger": "collector.runner", "message": "snapshot cycle complete", "context": {"mt5_connected": true, "open_positions": 0, "push_ok": true}}
========================================================================
CONNECTION STATUS: UP | broker link: UP | server: MetaQuotes-Demo
ACCOUNT INFO
  login:    5055783885
  server:   MetaQuotes-Demo
  currency: EUR
  balance:  50000.0
  equity:   50000.0
  margin:   0.0  free: 50000.0  level: 0.0
  profit (floating): 0.0
  leverage: 1:100
  trade_allowed: True
OPEN POSITIONS: none
BACKEND PUSH: ok
========================================================================
{"timestamp": "2026-09-15T08:42:59.558665+00:00", "level": "INFO", "logger": "collector.runner", "message": "snapshot cycle complete", "context": {"mt5_connected": true, "open_positions": 0, "push_ok": true}}
{"timestamp": "2026-09-15T08:43:00.380901+00:00", "level": "INFO", "logger": "collector.runner", "message": "ongoing tick sync pushed", "context": {"symbol": "EURUSD", "row_count": 2030, "inserted": 2008}}
{"timestamp": "2026-09-15T08:43:01.228696+00:00", "level": "WARNING", "logger": "collector.runner", "message": "ongoing tick sync push failed, will retry next cycle", "context": {"symbol": "XAUUSD", "error": "POST /collector/ticks returned 413: {\"statusCode\":413,\"message\":\"Request body is too large\"}"}}
========================================================================
CONNECTION STATUS: UP | broker link: UP | server: MetaQuotes-Demo
ACCOUNT INFO
  login:    5055783885
  server:   MetaQuotes-Demo
  currency: EUR
  balance:  50000.0
  equity:   50000.0
  margin:   0.0  free: 50000.0  level: 0.0
  profit (floating): 0.0
  leverage: 1:100
  trade_allowed: True
OPEN POSITIONS: none
BACKEND PUSH: ok
========================================================================
{"timestamp": "2026-09-15T08:43:09.998130+00:00", "level": "INFO", "logger": "collector.runner", "message": "snapshot cycle complete", "context": {"mt5_connected": true, "open_positions": 0, "push_ok": true}}
========================================================================
CONNECTION STATUS: UP | broker link: UP | server: MetaQuotes-Demo
ACCOUNT INFO
  login:    5055783885
  server:   MetaQuotes-Demo
  currency: EUR
  balance:  50000.0
  equity:   50000.0
  margin:   0.0  free: 50000.0  level: 0.0
  profit (floating): 0.0
  leverage: 1:100
  trade_allowed: True
OPEN POSITIONS: none
BACKEND PUSH: ok
========================================================================
{"timestamp": "2026-09-15T08:43:20.161391+00:00", "level": "INFO", "logger": "collector.runner", "message": "snapshot cycle complete", "context": {"mt5_connected": true, "open_positions": 0, "push_ok": true}}
========================================================================
CONNECTION STATUS: UP | broker link: UP | server: MetaQuotes-Demo
ACCOUNT INFO
  login:    5055783885
  server:   MetaQuotes-Demo
  currency: EUR
  balance:  50000.0
  equity:   50000.0
  margin:   0.0  free: 50000.0  level: 0.0
  profit (floating): 0.0
  leverage: 1:100
  trade_allowed: True
OPEN POSITIONS: none
BACKEND PUSH: ok
========================================================================
{"timestamp": "2026-09-15T08:43:30.332472+00:00", "level": "INFO", "logger": "collector.runner", "message": "snapshot cycle complete", "context": {"mt5_connected": true, "open_positions": 0, "push_ok": true}}
{"timestamp": "2026-09-15T08:43:30.428200+00:00", "level": "INFO", "logger": "collector.runner", "message": "candle sync (incremental)", "context": {"symbol": "EURUSD", "timeframe": "M5", "date_from": "2026-09-15T09:25:00+00:00"}}
{"timestamp": "2026-09-15T08:43:30.516319+00:00", "level": "INFO", "logger": "collector.runner", "message": "candle sync (incremental)", "context": {"symbol": "EURUSD", "timeframe": "M15", "date_from": "2026-09-15T08:45:00+00:00"}}
{"timestamp": "2026-09-15T08:43:30.607705+00:00", "level": "INFO", "logger": "collector.runner", "message": "candle sync (incremental)", "context": {"symbol": "EURUSD", "timeframe": "H1", "date_from": "2026-09-15T07:00:00+00:00"}}
{"timestamp": "2026-09-15T08:43:30.706574+00:00", "level": "INFO", "logger": "collector.runner", "message": "candle batch pushed", "context": {"symbol": "EURUSD", "timeframe": "H1", "batch_size": 1, "upserted": 1}}
{"timestamp": "2026-09-15T08:43:30.810908+00:00", "level": "INFO", "logger": "collector.runner", "message": "candle sync (incremental)", "context": {"symbol": "EURUSD", "timeframe": "M30", "date_from": "2026-09-15T09:00:00+00:00"}}
{"timestamp": "2026-09-15T08:43:30.933140+00:00", "level": "INFO", "logger": "collector.runner", "message": "candle sync (incremental)", "context": {"symbol": "EURUSD", "timeframe": "H4", "date_from": "2026-09-14T16:00:00+00:00"}}
{"timestamp": "2026-09-15T08:43:31.038058+00:00", "level": "INFO", "logger": "collector.runner", "message": "candle batch pushed", "context": {"symbol": "EURUSD", "timeframe": "H4", "batch_size": 3, "upserted": 3}}
{"timestamp": "2026-09-15T08:43:31.131529+00:00", "level": "INFO", "logger": "collector.runner", "message": "candle sync (incremental)", "context": {"symbol": "EURUSD", "timeframe": "D1", "date_from": "2026-09-11T00:00:00+00:00"}}
{"timestamp": "2026-09-15T08:43:31.276978+00:00", "level": "INFO", "logger": "collector.runner", "message": "candle batch pushed", "context": {"symbol": "EURUSD", "timeframe": "D1", "batch_size": 1, "upserted": 1}}
{"timestamp": "2026-09-15T08:43:31.405153+00:00", "level": "INFO", "logger": "collector.runner", "message": "candle sync (incremental)", "context": {"symbol": "EURUSD", "timeframe": "W1", "date_from": "2026-08-16T00:00:00+00:00"}}
{"timestamp": "2026-09-15T08:43:31.501235+00:00", "level": "INFO", "logger": "collector.runner", "message": "candle batch pushed", "context": {"symbol": "EURUSD", "timeframe": "W1", "batch_size": 3, "upserted": 3}}
{"timestamp": "2026-09-15T08:43:31.592721+00:00", "level": "INFO", "logger": "collector.runner", "message": "candle sync (incremental)", "context": {"symbol": "EURUSD", "timeframe": "MN1", "date_from": "2026-04-30T00:00:00+00:00"}}
{"timestamp": "2026-09-15T08:43:31.730532+00:00", "level": "INFO", "logger": "collector.runner", "message": "candle batch pushed", "context": {"symbol": "EURUSD", "timeframe": "MN1", "batch_size": 4, "upserted": 4}}
{"timestamp": "2026-09-15T08:43:31.833070+00:00", "level": "INFO", "logger": "collector.runner", "message": "candle sync (incremental)", "context": {"symbol": "XAUUSD", "timeframe": "M1", "date_from": "2026-09-15T09:42:00+00:00"}}
{"timestamp": "2026-09-15T08:43:31.919487+00:00", "level": "INFO", "logger": "collector.runner", "message": "candle sync (incremental)", "context": {"symbol": "XAUUSD", "timeframe": "M5", "date_from": "2026-09-15T09:25:00+00:00"}}
{"timestamp": "2026-09-15T08:43:32.019483+00:00", "level": "INFO", "logger": "collector.runner", "message": "candle sync (incremental)", "context": {"symbol": "XAUUSD", "timeframe": "M15", "date_from": "2026-09-15T08:45:00+00:00"}}
{"timestamp": "2026-09-15T08:43:32.119304+00:00", "level": "INFO", "logger": "collector.runner", "message": "candle sync (incremental)", "context": {"symbol": "XAUUSD", "timeframe": "M30", "date_from": "2026-09-15T09:00:00+00:00"}}
{"timestamp": "2026-09-15T08:43:32.229319+00:00", "level": "INFO", "logger": "collector.runner", "message": "candle sync (incremental)", "context": {"symbol": "XAUUSD", "timeframe": "H1", "date_from": "2026-09-15T07:00:00+00:00"}}
{"timestamp": "2026-09-15T08:43:32.349463+00:00", "level": "INFO", "logger": "collector.runner", "message": "candle batch pushed", "context": {"symbol": "XAUUSD", "timeframe": "H1", "batch_size": 1, "upserted": 1}}
{"timestamp": "2026-09-15T08:43:32.448902+00:00", "level": "INFO", "logger": "collector.runner", "message": "candle sync (incremental)", "context": {"symbol": "XAUUSD", "timeframe": "H4", "date_from": "2026-09-14T16:00:00+00:00"}}
{"timestamp": "2026-09-15T08:43:32.553598+00:00", "level": "INFO", "logger": "collector.runner", "message": "candle batch pushed", "context": {"symbol": "XAUUSD", "timeframe": "H4", "batch_size": 3, "upserted": 3}}
{"timestamp": "2026-09-15T08:43:32.641646+00:00", "level": "INFO", "logger": "collector.runner", "message": "candle sync (incremental)", "context": {"symbol": "XAUUSD", "timeframe": "D1", "date_from": "2026-09-11T00:00:00+00:00"}}
{"timestamp": "2026-09-15T08:43:32.747569+00:00", "level": "INFO", "logger": "collector.runner", "message": "candle batch pushed", "context": {"symbol": "XAUUSD", "timeframe": "D1", "batch_size": 1, "upserted": 1}}
========================================================================
CONNECTION STATUS: UP | broker link: UP | server: MetaQuotes-Demo
ACCOUNT INFO
  login:    5055783885
  server:   MetaQuotes-Demo
  currency: EUR
  balance:  50000.0
  equity:   50000.0
  margin:   0.0  free: 50000.0  level: 0.0
  profit (floating): 0.0
  leverage: 1:100
  trade_allowed: True
OPEN POSITIONS: none
BACKEND PUSH: ok
========================================================================
{"timestamp": "2026-09-15T08:43:42.883818+00:00", "level": "INFO", "logger": "collector.runner", "message": "snapshot cycle complete", "context": {"mt5_connected": true, "open_positions": 0, "push_ok": true}}
{"timestamp": "2026-09-15T08:43:43.080218+00:00", "level": "INFO", "logger": "collector.runner", "message": "trade sync pushed", "context": {"date_from": "2026-09-15T08:37:39.205000+00:00", "deals_sent": 0, "trades_created": 0, "trades_updated": 0}}
RECENT DEALS (last 90d): none
========================================================================
CONNECTION STATUS: UP | broker link: UP | server: MetaQuotes-Demo
ACCOUNT INFO
  login:    5055783885
  server:   MetaQuotes-Demo
  currency: EUR
  balance:  50000.0
  equity:   50000.0
  margin:   0.0  free: 50000.0  level: 0.0
  profit (floating): 0.0
  leverage: 1:100
  trade_allowed: True
OPEN POSITIONS: none
BACKEND PUSH: ok
========================================================================
{"timestamp": "2026-09-15T08:43:53.214240+00:00", "level": "INFO", "logger": "collector.runner", "message": "snapshot cycle complete", "context": {"mt5_connected": true, "open_positions": 0, "push_ok": true}}
========================================================================
CONNECTION STATUS: UP | broker link: UP | server: MetaQuotes-Demo
ACCOUNT INFO
  login:    5055783885
  server:   MetaQuotes-Demo
  currency: EUR
  balance:  50000.0
  equity:   50000.0
  margin:   0.0  free: 50000.0  level: 0.0
  profit (floating): 0.0
  leverage: 1:100
  trade_allowed: True
OPEN POSITIONS: none
BACKEND PUSH: ok
========================================================================
{"timestamp": "2026-09-15T08:44:03.342423+00:00", "level": "INFO", "logger": "collector.runner", "message": "snapshot cycle complete", "context": {"mt5_connected": true, "open_positions": 0, "push_ok": true}}
========================================================================
CONNECTION STATUS: UP | broker link: UP | server: MetaQuotes-Demo
ACCOUNT INFO
  login:    5055783885
  server:   MetaQuotes-Demo
  currency: EUR
  balance:  50000.0
  equity:   50000.0
  margin:   0.0  free: 50000.0  level: 0.0
  profit (floating): 0.0
  leverage: 1:100
  trade_allowed: True
OPEN POSITIONS: none
BACKEND PUSH: ok
========================================================================
{"timestamp": "2026-09-15T08:44:13.512704+00:00", "level": "INFO", "logger": "collector.runner", "message": "snapshot cycle complete", "context": {"mt5_connected": true, "open_positions": 0, "push_ok": true}}
========================================================================
CONNECTION STATUS: UP | broker link: UP | server: MetaQuotes-Demo
ACCOUNT INFO
  login:    5055783885
  server:   MetaQuotes-Demo
  currency: EUR
  balance:  50000.0
  equity:   50000.0
  margin:   0.0  free: 50000.0  level: 0.0
  profit (floating): 0.0
  leverage: 1:100
  trade_allowed: True
OPEN POSITIONS: none
BACKEND PUSH: ok
========================================================================
{"timestamp": "2026-09-15T08:44:23.654014+00:00", "level": "INFO", "logger": "collector.runner", "message": "snapshot cycle complete", "context": {"mt5_connected": true, "open_positions": 0, "push_ok": true}}
========================================================================
CONNECTION STATUS: UP | broker link: UP | server: MetaQuotes-Demo
ACCOUNT INFO
  login:    5055783885
  server:   MetaQuotes-Demo
  currency: EUR
  balance:  50000.0
  equity:   50000.0
  margin:   0.0  free: 50000.0  level: 0.0
  profit (floating): 0.0
  leverage: 1:100
  trade_allowed: True
OPEN POSITIONS: none
BACKEND PUSH: ok
========================================================================
{"timestamp": "2026-09-15T08:44:33.800137+00:00", "level": "INFO", "logger": "collector.runner", "message": "snapshot cycle complete", "context": {"mt5_connected": true, "open_positions": 0, "push_ok": true}}
========================================================================
CONNECTION STATUS: UP | broker link: UP | server: MetaQuotes-Demo
ACCOUNT INFO
  login:    5055783885
  server:   MetaQuotes-Demo
  currency: EUR
  balance:  50000.0
  equity:   50000.0
  margin:   0.0  free: 50000.0  level: 0.0
  profit (floating): 0.0
  leverage: 1:100
  trade_allowed: True
OPEN POSITIONS: none
BACKEND PUSH: ok
========================================================================
{"timestamp": "2026-09-15T08:44:43.953216+00:00", "level": "INFO", "logger": "collector.runner", "message": "snapshot cycle complete", "context": {"mt5_connected": true, "open_positions": 0, "push_ok": true}}
{"timestamp": "2026-09-15T08:44:44.169843+00:00", "level": "INFO", "logger": "collector.runner", "message": "trade sync pushed", "context": {"date_from": "2026-09-15T08:38:43.071000+00:00", "deals_sent": 0, "trades_created": 0, "trades_updated": 0}}
RECENT DEALS (last 90d): none
========================================================================
CONNECTION STATUS: UP | broker link: UP | server: MetaQuotes-Demo
ACCOUNT INFO
  login:    5055783885
  server:   MetaQuotes-Demo
  currency: EUR
  balance:  50000.0
  equity:   50000.0
  margin:   0.0  free: 50000.0  level: 0.0
  profit (floating): 0.0
  leverage: 1:100
  trade_allowed: True
OPEN POSITIONS: none
BACKEND PUSH: ok
========================================================================
{"timestamp": "2026-09-15T08:44:54.299810+00:00", "level": "INFO", "logger": "collector.runner", "message": "snapshot cycle complete", "context": {"mt5_connected": true, "open_positions": 0, "push_ok": true}}
========================================================================
CONNECTION STATUS: UP | broker link: UP | server: MetaQuotes-Demo
ACCOUNT INFO
  login:    5055783885
  server:   MetaQuotes-Demo
  currency: EUR
  balance:  50000.0
  equity:   50000.0
  margin:   0.0  free: 50000.0  level: 0.0
  profit (floating): 0.0
  leverage: 1:100
  trade_allowed: True
OPEN POSITIONS: none
BACKEND PUSH: ok
========================================================================
{"timestamp": "2026-09-15T08:45:04.440578+00:00", "level": "INFO", "logger": "collector.runner", "message": "snapshot cycle complete", "context": {"mt5_connected": true, "open_positions": 0, "push_ok": true}}
========================================================================
CONNECTION STATUS: UP | broker link: UP | server: MetaQuotes-Demo
ACCOUNT INFO
  login:    5055783885
  server:   MetaQuotes-Demo
  currency: EUR
  balance:  50000.0
  equity:   50000.0
  margin:   0.0  free: 50000.0  level: 0.0
  profit (floating): 0.0
  leverage: 1:100
  trade_allowed: True
OPEN POSITIONS: none
BACKEND PUSH: ok
========================================================================
{"timestamp": "2026-09-15T08:45:14.600724+00:00", "level": "INFO", "logger": "collector.runner", "message": "snapshot cycle complete", "context": {"mt5_connected": true, "open_positions": 0, "push_ok": true}}
========================================================================
CONNECTION STATUS: UP | broker link: UP | server: MetaQuotes-Demo
ACCOUNT INFO
  login:    5055783885
  server:   MetaQuotes-Demo
  currency: EUR
  balance:  50000.0
  equity:   50000.0
  margin:   0.0  free: 50000.0  level: 0.0
  profit (floating): 0.0
  leverage: 1:100
  trade_allowed: True
OPEN POSITIONS: none
BACKEND PUSH: ok
========================================================================
{"timestamp": "2026-09-15T08:45:24.747630+00:00", "level": "INFO", "logger": "collector.runner", "message": "snapshot cycle complete", "context": {"mt5_connected": true, "open_positions": 0, "push_ok": true}}
========================================================================
CONNECTION STATUS: UP | broker link: UP | server: MetaQuotes-Demo
ACCOUNT INFO
  login:    5055783885
  server:   MetaQuotes-Demo
  currency: EUR
  balance:  50000.0
  equity:   50000.0
  margin:   0.0  free: 50000.0  level: 0.0
  profit (floating): 0.0
  leverage: 1:100
  trade_allowed: True
OPEN POSITIONS: none
BACKEND PUSH: ok
========================================================================
{"timestamp": "2026-09-15T08:45:34.901333+00:00", "level": "INFO", "logger": "collector.runner", "message": "snapshot cycle complete", "context": {"mt5_connected": true, "open_positions": 0, "push_ok": true}}
========================================================================
CONNECTION STATUS: UP | broker link: UP | server: MetaQuotes-Demo
ACCOUNT INFO
  login:    5055783885
  server:   MetaQuotes-Demo
  currency: EUR
  balance:  50000.0
  equity:   50000.0
  margin:   0.0  free: 50000.0  level: 0.0
  profit (floating): 0.0
  leverage: 1:100
  trade_allowed: True
OPEN POSITIONS: none
BACKEND PUSH: ok
========================================================================
{"timestamp": "2026-09-15T08:45:45.048621+00:00", "level": "INFO", "logger": "collector.runner", "message": "snapshot cycle complete", "context": {"mt5_connected": true, "open_positions": 0, "push_ok": true}}
{"timestamp": "2026-09-15T08:45:45.269089+00:00", "level": "INFO", "logger": "collector.runner", "message": "trade sync pushed", "context": {"date_from": "2026-09-15T08:39:44.162000+00:00", "deals_sent": 0, "trades_created": 0, "trades_updated": 0}}
RECENT DEALS (last 90d): none
========================================================================
CONNECTION STATUS: UP | broker link: UP | server: MetaQuotes-Demo
ACCOUNT INFO
  login:    5055783885
  server:   MetaQuotes-Demo
  currency: EUR
  balance:  50000.0
  equity:   50000.0
  margin:   0.0  free: 50000.0  level: 0.0
  profit (floating): 0.0
  leverage: 1:100
  trade_allowed: True
OPEN POSITIONS: none
BACKEND PUSH: ok
========================================================================
{"timestamp": "2026-09-15T08:45:55.442004+00:00", "level": "INFO", "logger": "collector.runner", "message": "snapshot cycle complete", "context": {"mt5_connected": true, "open_positions": 0, "push_ok": true}}
========================================================================
CONNECTION STATUS: UP | broker link: UP | server: MetaQuotes-Demo
ACCOUNT INFO
  login:    5055783885
  server:   MetaQuotes-Demo
  currency: EUR
  balance:  50000.0
  equity:   50000.0
  margin:   0.0  free: 50000.0  level: 0.0
  profit (floating): 0.0
  leverage: 1:100
  trade_allowed: True
OPEN POSITIONS: none
BACKEND PUSH: ok
========================================================================
{"timestamp": "2026-09-15T08:46:05.621561+00:00", "level": "INFO", "logger": "collector.runner", "message": "snapshot cycle complete", "context": {"mt5_connected": true, "open_positions": 0, "push_ok": true}}
========================================================================
CONNECTION STATUS: UP | broker link: UP | server: MetaQuotes-Demo
ACCOUNT INFO
  login:    5055783885
  server:   MetaQuotes-Demo
  currency: EUR
  balance:  50000.0
  equity:   50000.0
  margin:   0.0  free: 50000.0  level: 0.0
  profit (floating): 0.0
  leverage: 1:100
  trade_allowed: True
OPEN POSITIONS: none
BACKEND PUSH: ok
========================================================================
{"timestamp": "2026-09-15T08:46:15.772890+00:00", "level": "INFO", "logger": "collector.runner", "message": "snapshot cycle complete", "context": {"mt5_connected": true, "open_positions": 0, "push_ok": true}}
========================================================================
CONNECTION STATUS: UP | broker link: UP | server: MetaQuotes-Demo
ACCOUNT INFO
  login:    5055783885
  server:   MetaQuotes-Demo
  currency: EUR
  balance:  50000.0
  equity:   50000.0
  margin:   0.0  free: 50000.0  level: 0.0
  profit (floating): 0.0
  leverage: 1:100
  trade_allowed: True
OPEN POSITIONS: none
BACKEND PUSH: ok
========================================================================
{"timestamp": "2026-09-15T08:46:25.949723+00:00", "level": "INFO", "logger": "collector.runner", "message": "snapshot cycle complete", "context": {"mt5_connected": true, "open_positions": 0, "push_ok": true}}
========================================================================
CONNECTION STATUS: UP | broker link: UP | server: MetaQuotes-Demo
ACCOUNT INFO
  login:    5055783885
  server:   MetaQuotes-Demo
  currency: EUR
  balance:  50000.0
  equity:   50000.0
  margin:   0.0  free: 50000.0  level: 0.0
  profit (floating): 0.0
  leverage: 1:100
  trade_allowed: True
OPEN POSITIONS: none
BACKEND PUSH: ok
========================================================================
{"timestamp": "2026-09-15T08:46:36.087755+00:00", "level": "INFO", "logger": "collector.runner", "message": "snapshot cycle complete", "context": {"mt5_connected": true, "open_positions": 0, "push_ok": true}}
========================================================================
CONNECTION STATUS: UP | broker link: UP | server: MetaQuotes-Demo
ACCOUNT INFO
  login:    5055783885
  server:   MetaQuotes-Demo
  currency: EUR
  balance:  50000.0
  equity:   50000.0
  margin:   0.0  free: 50000.0  level: 0.0
  profit (floating): 0.0
  leverage: 1:100
  trade_allowed: True
OPEN POSITIONS: none
BACKEND PUSH: ok
========================================================================
{"timestamp": "2026-09-15T08:46:46.312359+00:00", "level": "INFO", "logger": "collector.runner", "message": "snapshot cycle complete", "context": {"mt5_connected": true, "open_positions": 0, "push_ok": true}}
{"timestamp": "2026-09-15T08:46:46.864323+00:00", "level": "INFO", "logger": "collector.runner", "message": "trade sync pushed", "context": {"date_from": "2026-09-15T08:40:45.261000+00:00", "deals_sent": 0, "trades_created": 0, "trades_updated": 0}}
RECENT DEALS (last 90d): none
========================================================================
CONNECTION STATUS: UP | broker link: UP | server: MetaQuotes-Demo
ACCOUNT INFO
  login:    5055783885
  server:   MetaQuotes-Demo
  currency: EUR
  balance:  50000.0
  equity:   50000.0
  margin:   0.0  free: 50000.0  level: 0.0
  profit (floating): 0.0
  leverage: 1:100
  trade_allowed: True
OPEN POSITIONS: none
BACKEND PUSH: ok
========================================================================
{"timestamp": "2026-09-15T08:46:57.041688+00:00", "level": "INFO", "logger": "collector.runner", "message": "snapshot cycle complete", "context": {"mt5_connected": true, "open_positions": 0, "push_ok": true}}
========================================================================
CONNECTION STATUS: UP | broker link: UP | server: MetaQuotes-Demo
ACCOUNT INFO
  login:    5055783885
  server:   MetaQuotes-Demo
  currency: EUR
  balance:  50000.0
  equity:   50000.0
  margin:   0.0  free: 50000.0  level: 0.0
  profit (floating): 0.0
  leverage: 1:100
  trade_allowed: True
OPEN POSITIONS: none
BACKEND PUSH: ok
========================================================================
{"timestamp": "2026-09-15T08:47:07.195015+00:00", "level": "INFO", "logger": "collector.runner", "message": "snapshot cycle complete", "context": {"mt5_connected": true, "open_positions": 0, "push_ok": true}}
========================================================================
CONNECTION STATUS: UP | broker link: UP | server: MetaQuotes-Demo
ACCOUNT INFO
  login:    5055783885
  server:   MetaQuotes-Demo
  currency: EUR
  balance:  50000.0
  equity:   50000.0
  margin:   0.0  free: 50000.0  level: 0.0
  profit (floating): 0.0
  leverage: 1:100
  trade_allowed: True
OPEN POSITIONS: none
BACKEND PUSH: ok
========================================================================
{"timestamp": "2026-09-15T08:47:17.329394+00:00", "level": "INFO", "logger": "collector.runner", "message": "snapshot cycle complete", "context": {"mt5_connected": true, "open_positions": 0, "push_ok": true}}
========================================================================
CONNECTION STATUS: UP | broker link: UP | server: MetaQuotes-Demo
ACCOUNT INFO
  login:    5055783885
  server:   MetaQuotes-Demo
  currency: EUR
  balance:  50000.0
  equity:   50000.0
  margin:   0.0  free: 50000.0  level: 0.0
  profit (floating): 0.0
  leverage: 1:100
  trade_allowed: True
OPEN POSITIONS: none
BACKEND PUSH: ok
========================================================================
{"timestamp": "2026-09-15T08:47:27.479578+00:00", "level": "INFO", "logger": "collector.runner", "message": "snapshot cycle complete", "context": {"mt5_connected": true, "open_positions": 0, "push_ok": true}}
========================================================================
CONNECTION STATUS: UP | broker link: UP | server: MetaQuotes-Demo
ACCOUNT INFO
  login:    5055783885
  server:   MetaQuotes-Demo
  currency: EUR
  balance:  50000.0
  equity:   50000.0
  margin:   0.0  free: 50000.0  level: 0.0
  profit (floating): 0.0
  leverage: 1:100
  trade_allowed: True
OPEN POSITIONS: none
BACKEND PUSH: ok
========================================================================
{"timestamp": "2026-09-15T08:47:37.618629+00:00", "level": "INFO", "logger": "collector.runner", "message": "snapshot cycle complete", "context": {"mt5_connected": true, "open_positions": 0, "push_ok": true}}
========================================================================
CONNECTION STATUS: UP | broker link: UP | server: MetaQuotes-Demo
ACCOUNT INFO
  login:    5055783885
  server:   MetaQuotes-Demo
  currency: EUR
  balance:  50000.0
  equity:   50000.0
  margin:   0.0  free: 50000.0  level: 0.0
  profit (floating): 0.0
  leverage: 1:100
  trade_allowed: True
OPEN POSITIONS: none
BACKEND PUSH: ok
========================================================================
{"timestamp": "2026-09-15T08:47:47.753292+00:00", "level": "INFO", "logger": "collector.runner", "message": "snapshot cycle complete", "context": {"mt5_connected": true, "open_positions": 0, "push_ok": true}}
{"timestamp": "2026-09-15T08:47:47.956241+00:00", "level": "INFO", "logger": "collector.runner", "message": "trade sync pushed", "context": {"date_from": "2026-09-15T08:41:46.848000+00:00", "deals_sent": 0, "trades_created": 0, "trades_updated": 0}}
RECENT DEALS (last 90d): none
{"timestamp": "2026-09-15T08:47:59.200865+00:00", "level": "INFO", "logger": "collector.runner", "message": "connected to MT5 terminal"}
{"timestamp": "2026-09-15T08:47:59.537181+00:00", "level": "INFO", "logger": "collector.runner", "message": "symbol metadata pushed", "context": {"symbol": "EURUSD"}}
{"timestamp": "2026-09-15T08:47:59.669398+00:00", "level": "INFO", "logger": "collector.runner", "message": "symbol metadata pushed", "context": {"symbol": "XAUUSD"}}
========================================================================
CONNECTION STATUS: UP | broker link: UP | server: MetaQuotes-Demo
ACCOUNT INFO
  login:    5055783885
  server:   MetaQuotes-Demo
  currency: EUR
  balance:  50000.0
  equity:   50000.0
  margin:   0.0  free: 50000.0  level: 0.0
  profit (floating): 0.0
  leverage: 1:100
  trade_allowed: True
OPEN POSITIONS: none
BACKEND PUSH: ok
========================================================================
{"timestamp": "2026-09-15T08:47:59.976798+00:00", "level": "INFO", "logger": "collector.runner", "message": "snapshot cycle complete", "context": {"mt5_connected": true, "open_positions": 0, "push_ok": true}}
========================================================================
CONNECTION STATUS: UP | broker link: UP | server: MetaQuotes-Demo
ACCOUNT INFO
  login:    5055783885
  server:   MetaQuotes-Demo
  currency: EUR
  balance:  50000.0
  equity:   50000.0
  margin:   0.0  free: 50000.0  level: 0.0
  profit (floating): 0.0
  leverage: 1:100
  trade_allowed: True
OPEN POSITIONS: none
BACKEND PUSH: ok
========================================================================
{"timestamp": "2026-09-15T08:48:10.106530+00:00", "level": "INFO", "logger": "collector.runner", "message": "snapshot cycle complete", "context": {"mt5_connected": true, "open_positions": 0, "push_ok": true}}
========================================================================
CONNECTION STATUS: UP | broker link: UP | server: MetaQuotes-Demo
ACCOUNT INFO
  login:    5055783885
  server:   MetaQuotes-Demo
  currency: EUR
  balance:  50000.0
  equity:   50000.0
  margin:   0.0  free: 50000.0  level: 0.0
  profit (floating): 0.0
  leverage: 1:100
  trade_allowed: True
OPEN POSITIONS: none
BACKEND PUSH: ok
========================================================================
{"timestamp": "2026-09-15T08:48:20.270748+00:00", "level": "INFO", "logger": "collector.runner", "message": "snapshot cycle complete", "context": {"mt5_connected": true, "open_positions": 0, "push_ok": true}}
========================================================================
CONNECTION STATUS: UP | broker link: UP | server: MetaQuotes-Demo
ACCOUNT INFO
  login:    5055783885
  server:   MetaQuotes-Demo
  currency: EUR
  balance:  50000.0
  equity:   50000.0
  margin:   0.0  free: 50000.0  level: 0.0
  profit (floating): 0.0
  leverage: 1:100
  trade_allowed: True
OPEN POSITIONS: none
BACKEND PUSH: ok
========================================================================
{"timestamp": "2026-09-15T08:48:30.420258+00:00", "level": "INFO", "logger": "collector.runner", "message": "snapshot cycle complete", "context": {"mt5_connected": true, "open_positions": 0, "push_ok": true}}
========================================================================
CONNECTION STATUS: UP | broker link: UP | server: MetaQuotes-Demo
ACCOUNT INFO
  login:    5055783885
  server:   MetaQuotes-Demo
  currency: EUR
  balance:  50000.0
  equity:   50000.0
  margin:   0.0  free: 50000.0  level: 0.0
  profit (floating): 0.0
  leverage: 1:100
  trade_allowed: True
OPEN POSITIONS: none
BACKEND PUSH: ok
========================================================================
{"timestamp": "2026-09-15T08:48:40.549092+00:00", "level": "INFO", "logger": "collector.runner", "message": "snapshot cycle complete", "context": {"mt5_connected": true, "open_positions": 0, "push_ok": true}}
{"timestamp": "2026-09-15T08:48:40.654499+00:00", "level": "INFO", "logger": "collector.runner", "message": "candle sync (incremental)", "context": {"symbol": "EURUSD", "timeframe": "M5", "date_from": "2026-09-15T09:25:00+00:00"}}
{"timestamp": "2026-09-15T08:48:40.760016+00:00", "level": "INFO", "logger": "collector.runner", "message": "candle sync (incremental)", "context": {"symbol": "EURUSD", "timeframe": "M15", "date_from": "2026-09-15T08:45:00+00:00"}}
{"timestamp": "2026-09-15T08:48:40.862710+00:00", "level": "INFO", "logger": "collector.runner", "message": "candle sync (incremental)", "context": {"symbol": "EURUSD", "timeframe": "H1", "date_from": "2026-09-15T07:00:00+00:00"}}
{"timestamp": "2026-09-15T08:48:40.967888+00:00", "level": "INFO", "logger": "collector.runner", "message": "candle batch pushed", "context": {"symbol": "EURUSD", "timeframe": "H1", "batch_size": 1, "upserted": 1}}
{"timestamp": "2026-09-15T08:48:41.054308+00:00", "level": "INFO", "logger": "collector.runner", "message": "candle sync (incremental)", "context": {"symbol": "EURUSD", "timeframe": "M30", "date_from": "2026-09-15T09:00:00+00:00"}}
{"timestamp": "2026-09-15T08:48:41.155402+00:00", "level": "INFO", "logger": "collector.runner", "message": "candle sync (incremental)", "context": {"symbol": "EURUSD", "timeframe": "H4", "date_from": "2026-09-14T16:00:00+00:00"}}
{"timestamp": "2026-09-15T08:48:41.259980+00:00", "level": "INFO", "logger": "collector.runner", "message": "candle batch pushed", "context": {"symbol": "EURUSD", "timeframe": "H4", "batch_size": 3, "upserted": 3}}
{"timestamp": "2026-09-15T08:48:41.358768+00:00", "level": "INFO", "logger": "collector.runner", "message": "candle sync (incremental)", "context": {"symbol": "EURUSD", "timeframe": "D1", "date_from": "2026-09-11T00:00:00+00:00"}}
{"timestamp": "2026-09-15T08:48:41.486683+00:00", "level": "INFO", "logger": "collector.runner", "message": "candle batch pushed", "context": {"symbol": "EURUSD", "timeframe": "D1", "batch_size": 1, "upserted": 1}}
{"timestamp": "2026-09-15T08:48:41.596351+00:00", "level": "INFO", "logger": "collector.runner", "message": "candle sync (incremental)", "context": {"symbol": "EURUSD", "timeframe": "W1", "date_from": "2026-08-16T00:00:00+00:00"}}
{"timestamp": "2026-09-15T08:48:41.709926+00:00", "level": "INFO", "logger": "collector.runner", "message": "candle batch pushed", "context": {"symbol": "EURUSD", "timeframe": "W1", "batch_size": 3, "upserted": 3}}
{"timestamp": "2026-09-15T08:48:41.801756+00:00", "level": "INFO", "logger": "collector.runner", "message": "candle sync (incremental)", "context": {"symbol": "EURUSD", "timeframe": "MN1", "date_from": "2026-04-30T00:00:00+00:00"}}
{"timestamp": "2026-09-15T08:48:41.931216+00:00", "level": "INFO", "logger": "collector.runner", "message": "candle batch pushed", "context": {"symbol": "EURUSD", "timeframe": "MN1", "batch_size": 4, "upserted": 4}}
{"timestamp": "2026-09-15T08:48:42.039748+00:00", "level": "INFO", "logger": "collector.runner", "message": "candle sync (incremental)", "context": {"symbol": "XAUUSD", "timeframe": "M1", "date_from": "2026-09-15T09:42:00+00:00"}}
{"timestamp": "2026-09-15T08:48:42.128701+00:00", "level": "INFO", "logger": "collector.runner", "message": "candle sync (incremental)", "context": {"symbol": "XAUUSD", "timeframe": "M5", "date_from": "2026-09-15T09:25:00+00:00"}}
{"timestamp": "2026-09-15T08:48:42.228815+00:00", "level": "INFO", "logger": "collector.runner", "message": "candle sync (incremental)", "context": {"symbol": "XAUUSD", "timeframe": "M15", "date_from": "2026-09-15T08:45:00+00:00"}}
{"timestamp": "2026-09-15T08:48:42.346068+00:00", "level": "INFO", "logger": "collector.runner", "message": "candle sync (incremental)", "context": {"symbol": "XAUUSD", "timeframe": "M30", "date_from": "2026-09-15T09:00:00+00:00"}}
{"timestamp": "2026-09-15T08:48:42.464707+00:00", "level": "INFO", "logger": "collector.runner", "message": "candle sync (incremental)", "context": {"symbol": "XAUUSD", "timeframe": "H1", "date_from": "2026-09-15T07:00:00+00:00"}}
{"timestamp": "2026-09-15T08:48:42.640569+00:00", "level": "INFO", "logger": "collector.runner", "message": "candle batch pushed", "context": {"symbol": "XAUUSD", "timeframe": "H1", "batch_size": 1, "upserted": 1}}
{"timestamp": "2026-09-15T08:48:42.736881+00:00", "level": "INFO", "logger": "collector.runner", "message": "candle sync (incremental)", "context": {"symbol": "XAUUSD", "timeframe": "H4", "date_from": "2026-09-14T16:00:00+00:00"}}
{"timestamp": "2026-09-15T08:48:42.843014+00:00", "level": "INFO", "logger": "collector.runner", "message": "candle batch pushed", "context": {"symbol": "XAUUSD", "timeframe": "H4", "batch_size": 3, "upserted": 3}}
{"timestamp": "2026-09-15T08:48:42.938002+00:00", "level": "INFO", "logger": "collector.runner", "message": "candle sync (incremental)", "context": {"symbol": "XAUUSD", "timeframe": "D1", "date_from": "2026-09-11T00:00:00+00:00"}}
{"timestamp": "2026-09-15T08:48:43.044727+00:00", "level": "INFO", "logger": "collector.runner", "message": "candle batch pushed", "context": {"symbol": "XAUUSD", "timeframe": "D1", "batch_size": 1, "upserted": 1}}
========================================================================
CONNECTION STATUS: UP | broker link: UP | server: MetaQuotes-Demo
ACCOUNT INFO
  login:    5055783885
  server:   MetaQuotes-Demo
  currency: EUR
  balance:  50000.0
  equity:   50000.0
  margin:   0.0  free: 50000.0  level: 0.0
  profit (floating): 0.0
  leverage: 1:100
  trade_allowed: True
OPEN POSITIONS: none
BACKEND PUSH: ok
========================================================================
{"timestamp": "2026-09-15T08:48:53.245509+00:00", "level": "INFO", "logger": "collector.runner", "message": "snapshot cycle complete", "context": {"mt5_connected": true, "open_positions": 0, "push_ok": true}}
{"timestamp": "2026-09-15T08:48:53.459328+00:00", "level": "INFO", "logger": "collector.runner", "message": "trade sync pushed", "context": {"date_from": "2026-09-15T08:42:47.949000+00:00", "deals_sent": 0, "trades_created": 0, "trades_updated": 0}}
RECENT DEALS (last 90d): none
========================================================================
CONNECTION STATUS: UP | broker link: UP | server: MetaQuotes-Demo
ACCOUNT INFO
  login:    5055783885
  server:   MetaQuotes-Demo
  currency: EUR
  balance:  50000.0
  equity:   50000.0
  margin:   0.0  free: 50000.0  level: 0.0
  profit (floating): 0.0
  leverage: 1:100
  trade_allowed: True
OPEN POSITIONS: none
BACKEND PUSH: ok
========================================================================
{"timestamp": "2026-09-15T08:49:03.583473+00:00", "level": "INFO", "logger": "collector.runner", "message": "snapshot cycle complete", "context": {"mt5_connected": true, "open_positions": 0, "push_ok": true}}
========================================================================
CONNECTION STATUS: UP | broker link: UP | server: MetaQuotes-Demo
ACCOUNT INFO
  login:    5055783885
  server:   MetaQuotes-Demo
  currency: EUR
  balance:  50000.0
  equity:   50000.0
  margin:   0.0  free: 50000.0  level: 0.0
  profit (floating): 0.0
  leverage: 1:100
  trade_allowed: True
OPEN POSITIONS: none
BACKEND PUSH: ok
========================================================================
{"timestamp": "2026-09-15T08:49:13.745841+00:00", "level": "INFO", "logger": "collector.runner", "message": "snapshot cycle complete", "context": {"mt5_connected": true, "open_positions": 0, "push_ok": true}}
========================================================================
CONNECTION STATUS: UP | broker link: UP | server: MetaQuotes-Demo
ACCOUNT INFO
  login:    5055783885
  server:   MetaQuotes-Demo
  currency: EUR
  balance:  50000.0
  equity:   50000.0
  margin:   0.0  free: 50000.0  level: 0.0
  profit (floating): 0.0
  leverage: 1:100
  trade_allowed: True
OPEN POSITIONS: none
BACKEND PUSH: ok
========================================================================
{"timestamp": "2026-09-15T08:49:23.906030+00:00", "level": "INFO", "logger": "collector.runner", "message": "snapshot cycle complete", "context": {"mt5_connected": true, "open_positions": 0, "push_ok": true}}
========================================================================
CONNECTION STATUS: UP | broker link: UP | server: MetaQuotes-Demo
ACCOUNT INFO
  login:    5055783885
  server:   MetaQuotes-Demo
  currency: EUR
  balance:  50000.0
  equity:   50000.0
  margin:   0.0  free: 50000.0  level: 0.0
  profit (floating): 0.0
  leverage: 1:100
  trade_allowed: True
OPEN POSITIONS: none
BACKEND PUSH: ok
========================================================================
{"timestamp": "2026-09-15T08:49:34.043097+00:00", "level": "INFO", "logger": "collector.runner", "message": "snapshot cycle complete", "context": {"mt5_connected": true, "open_positions": 0, "push_ok": true}}
========================================================================
CONNECTION STATUS: UP | broker link: UP | server: MetaQuotes-Demo
ACCOUNT INFO
  login:    5055783885
  server:   MetaQuotes-Demo
  currency: EUR
  balance:  50000.0
  equity:   50000.0
  margin:   0.0  free: 50000.0  level: 0.0
  profit (floating): 0.0
  leverage: 1:100
  trade_allowed: True
OPEN POSITIONS: none
BACKEND PUSH: ok
========================================================================
{"timestamp": "2026-09-15T08:49:44.251220+00:00", "level": "INFO", "logger": "collector.runner", "message": "snapshot cycle complete", "context": {"mt5_connected": true, "open_positions": 0, "push_ok": true}}
========================================================================
CONNECTION STATUS: UP | broker link: UP | server: MetaQuotes-Demo
ACCOUNT INFO
  login:    5055783885
  server:   MetaQuotes-Demo
  currency: EUR
  balance:  50000.0
  equity:   50000.0
  margin:   0.0  free: 50000.0  level: 0.0
  profit (floating): 0.0
  leverage: 1:100
  trade_allowed: True
OPEN POSITIONS: none
BACKEND PUSH: ok
========================================================================
{"timestamp": "2026-09-15T08:49:54.397265+00:00", "level": "INFO", "logger": "collector.runner", "message": "snapshot cycle complete", "context": {"mt5_connected": true, "open_positions": 0, "push_ok": true}}
{"timestamp": "2026-09-15T08:49:54.604612+00:00", "level": "INFO", "logger": "collector.runner", "message": "trade sync pushed", "context": {"date_from": "2026-09-15T08:43:53.451000+00:00", "deals_sent": 0, "trades_created": 0, "trades_updated": 0}}
RECENT DEALS (last 90d): none
========================================================================
CONNECTION STATUS: UP | broker link: UP | server: MetaQuotes-Demo
ACCOUNT INFO
  login:    5055783885
  server:   MetaQuotes-Demo
  currency: EUR
  balance:  50000.0
  equity:   50000.0
  margin:   0.0  free: 50000.0  level: 0.0
  profit (floating): 0.0
  leverage: 1:100
  trade_allowed: True
OPEN POSITIONS: none
BACKEND PUSH: ok
========================================================================
{"timestamp": "2026-09-15T08:50:04.755659+00:00", "level": "INFO", "logger": "collector.runner", "message": "snapshot cycle complete", "context": {"mt5_connected": true, "open_positions": 0, "push_ok": true}}
========================================================================
CONNECTION STATUS: UP | broker link: UP | server: MetaQuotes-Demo
ACCOUNT INFO
  login:    5055783885
  server:   MetaQuotes-Demo
  currency: EUR
  balance:  50000.0
  equity:   50000.0
  margin:   0.0  free: 50000.0  level: 0.0
  profit (floating): 0.0
  leverage: 1:100
  trade_allowed: True
OPEN POSITIONS: none
BACKEND PUSH: ok
========================================================================
{"timestamp": "2026-09-15T08:50:15.005646+00:00", "level": "INFO", "logger": "collector.runner", "message": "snapshot cycle complete", "context": {"mt5_connected": true, "open_positions": 0, "push_ok": true}}
========================================================================
CONNECTION STATUS: UP | broker link: UP | server: MetaQuotes-Demo
ACCOUNT INFO
  login:    5055783885
  server:   MetaQuotes-Demo
  currency: EUR
  balance:  50000.0
  equity:   50000.0
  margin:   0.0  free: 50000.0  level: 0.0
  profit (floating): 0.0
  leverage: 1:100
  trade_allowed: True
OPEN POSITIONS: none
BACKEND PUSH: ok
========================================================================
{"timestamp": "2026-09-15T08:50:25.184737+00:00", "level": "INFO", "logger": "collector.runner", "message": "snapshot cycle complete", "context": {"mt5_connected": true, "open_positions": 0, "push_ok": true}}
========================================================================
CONNECTION STATUS: UP | broker link: UP | server: MetaQuotes-Demo
ACCOUNT INFO
  login:    5055783885
  server:   MetaQuotes-Demo
  currency: EUR
  balance:  50000.0
  equity:   50000.0
  margin:   0.0  free: 50000.0  level: 0.0
  profit (floating): 0.0
  leverage: 1:100
  trade_allowed: True
OPEN POSITIONS: none
BACKEND PUSH: ok
========================================================================
{"timestamp": "2026-09-15T08:50:35.331433+00:00", "level": "INFO", "logger": "collector.runner", "message": "snapshot cycle complete", "context": {"mt5_connected": true, "open_positions": 0, "push_ok": true}}
========================================================================
CONNECTION STATUS: UP | broker link: UP | server: MetaQuotes-Demo
ACCOUNT INFO
  login:    5055783885
  server:   MetaQuotes-Demo
  currency: EUR
  balance:  50000.0
  equity:   50000.0
  margin:   0.0  free: 50000.0  level: 0.0
  profit (floating): 0.0
  leverage: 1:100
  trade_allowed: True
OPEN POSITIONS: none
BACKEND PUSH: ok
========================================================================
{"timestamp": "2026-09-15T08:50:45.498195+00:00", "level": "INFO", "logger": "collector.runner", "message": "snapshot cycle complete", "context": {"mt5_connected": true, "open_positions": 0, "push_ok": true}}
========================================================================
CONNECTION STATUS: UP | broker link: UP | server: MetaQuotes-Demo
ACCOUNT INFO
  login:    5055783885
  server:   MetaQuotes-Demo
  currency: EUR
  balance:  50000.0
  equity:   50000.0
  margin:   0.0  free: 50000.0  level: 0.0
  profit (floating): 0.0
  leverage: 1:100
  trade_allowed: True
OPEN POSITIONS: none
BACKEND PUSH: ok
========================================================================
{"timestamp": "2026-09-15T08:50:55.638374+00:00", "level": "INFO", "logger": "collector.runner", "message": "snapshot cycle complete", "context": {"mt5_connected": true, "open_positions": 0, "push_ok": true}}
{"timestamp": "2026-09-15T08:50:55.841780+00:00", "level": "INFO", "logger": "collector.runner", "message": "trade sync pushed", "context": {"date_from": "2026-09-15T08:44:54.596000+00:00", "deals_sent": 0, "trades_created": 0, "trades_updated": 0}}
RECENT DEALS (last 90d): none
========================================================================
CONNECTION STATUS: UP | broker link: UP | server: MetaQuotes-Demo
ACCOUNT INFO
  login:    5055783885
  server:   MetaQuotes-Demo
  currency: EUR
  balance:  50000.0
  equity:   50000.0
  margin:   0.0  free: 50000.0  level: 0.0
  profit (floating): 0.0
  leverage: 1:100
  trade_allowed: True
OPEN POSITIONS: none
BACKEND PUSH: ok
========================================================================
{"timestamp": "2026-09-15T08:51:05.978606+00:00", "level": "INFO", "logger": "collector.runner", "message": "snapshot cycle complete", "context": {"mt5_connected": true, "open_positions": 0, "push_ok": true}}
========================================================================
CONNECTION STATUS: UP | broker link: UP | server: MetaQuotes-Demo
ACCOUNT INFO
  login:    5055783885
  server:   MetaQuotes-Demo
  currency: EUR
  balance:  50000.0
  equity:   50000.0
  margin:   0.0  free: 50000.0  level: 0.0
  profit (floating): 0.0
  leverage: 1:100
  trade_allowed: True
OPEN POSITIONS: none
BACKEND PUSH: ok
========================================================================
{"timestamp": "2026-09-15T08:51:16.131082+00:00", "level": "INFO", "logger": "collector.runner", "message": "snapshot cycle complete", "context": {"mt5_connected": true, "open_positions": 0, "push_ok": true}}
========================================================================
CONNECTION STATUS: UP | broker link: UP | server: MetaQuotes-Demo
ACCOUNT INFO
  login:    5055783885
  server:   MetaQuotes-Demo
  currency: EUR
  balance:  50000.0
  equity:   50000.0
  margin:   0.0  free: 50000.0  level: 0.0
  profit (floating): 0.0
  leverage: 1:100
  trade_allowed: True
OPEN POSITIONS: none
BACKEND PUSH: ok
========================================================================
{"timestamp": "2026-09-15T08:51:26.274263+00:00", "level": "INFO", "logger": "collector.runner", "message": "snapshot cycle complete", "context": {"mt5_connected": true, "open_positions": 0, "push_ok": true}}
========================================================================
CONNECTION STATUS: UP | broker link: UP | server: MetaQuotes-Demo
ACCOUNT INFO
  login:    5055783885
  server:   MetaQuotes-Demo
  currency: EUR
  balance:  50000.0
  equity:   50000.0
  margin:   0.0  free: 50000.0  level: 0.0
  profit (floating): 0.0
  leverage: 1:100
  trade_allowed: True
OPEN POSITIONS: none
BACKEND PUSH: ok
========================================================================
{"timestamp": "2026-09-15T08:51:36.444828+00:00", "level": "INFO", "logger": "collector.runner", "message": "snapshot cycle complete", "context": {"mt5_connected": true, "open_positions": 0, "push_ok": true}}
========================================================================
CONNECTION STATUS: UP | broker link: UP | server: MetaQuotes-Demo
ACCOUNT INFO
  login:    5055783885
  server:   MetaQuotes-Demo
  currency: EUR
  balance:  50000.0
  equity:   50000.0
  margin:   0.0  free: 50000.0  level: 0.0
  profit (floating): 0.0
  leverage: 1:100
  trade_allowed: True
OPEN POSITIONS: none
BACKEND PUSH: ok
========================================================================
{"timestamp": "2026-09-15T08:51:46.692572+00:00", "level": "INFO", "logger": "collector.runner", "message": "snapshot cycle complete", "context": {"mt5_connected": true, "open_positions": 0, "push_ok": true}}
========================================================================
CONNECTION STATUS: UP | broker link: UP | server: MetaQuotes-Demo
ACCOUNT INFO
  login:    5055783885
  server:   MetaQuotes-Demo
  currency: EUR
  balance:  50000.0
  equity:   50000.0
  margin:   0.0  free: 50000.0  level: 0.0
  profit (floating): 0.0
  leverage: 1:100
  trade_allowed: True
OPEN POSITIONS: none
BACKEND PUSH: ok
========================================================================
{"timestamp": "2026-09-15T08:51:57.031133+00:00", "level": "INFO", "logger": "collector.runner", "message": "snapshot cycle complete", "context": {"mt5_connected": true, "open_positions": 0, "push_ok": true}}
{"timestamp": "2026-09-15T08:51:57.423480+00:00", "level": "INFO", "logger": "collector.runner", "message": "trade sync pushed", "context": {"date_from": "2026-09-15T08:45:55.832000+00:00", "deals_sent": 0, "trades_created": 0, "trades_updated": 0}}
RECENT DEALS (last 90d): none
========================================================================
CONNECTION STATUS: UP | broker link: UP | server: MetaQuotes-Demo
ACCOUNT INFO
  login:    5055783885
  server:   MetaQuotes-Demo
  currency: EUR
  balance:  50000.0
  equity:   50000.0
  margin:   0.0  free: 50000.0  level: 0.0
  profit (floating): 0.0
  leverage: 1:100
  trade_allowed: True
OPEN POSITIONS: none
BACKEND PUSH: ok
========================================================================
{"timestamp": "2026-09-15T08:52:07.591697+00:00", "level": "INFO", "logger": "collector.runner", "message": "snapshot cycle complete", "context": {"mt5_connected": true, "open_positions": 0, "push_ok": true}}
========================================================================
CONNECTION STATUS: UP | broker link: UP | server: MetaQuotes-Demo
ACCOUNT INFO
  login:    5055783885
  server:   MetaQuotes-Demo
  currency: EUR
  balance:  50000.0
  equity:   50000.0
  margin:   0.0  free: 50000.0  level: 0.0
  profit (floating): 0.0
  leverage: 1:100
  trade_allowed: True
OPEN POSITIONS: none
BACKEND PUSH: ok
========================================================================
{"timestamp": "2026-09-15T08:52:17.778581+00:00", "level": "INFO", "logger": "collector.runner", "message": "snapshot cycle complete", "context": {"mt5_connected": true, "open_positions": 0, "push_ok": true}}
========================================================================
CONNECTION STATUS: UP | broker link: UP | server: MetaQuotes-Demo
ACCOUNT INFO
  login:    5055783885
  server:   MetaQuotes-Demo
  currency: EUR
  balance:  50000.0
  equity:   50000.0
  margin:   0.0  free: 50000.0  level: 0.0
  profit (floating): 0.0
  leverage: 1:100
  trade_allowed: True
OPEN POSITIONS: none
BACKEND PUSH: ok
========================================================================
{"timestamp": "2026-09-15T08:52:27.914375+00:00", "level": "INFO", "logger": "collector.runner", "message": "snapshot cycle complete", "context": {"mt5_connected": true, "open_positions": 0, "push_ok": true}}
========================================================================
CONNECTION STATUS: UP | broker link: UP | server: MetaQuotes-Demo
ACCOUNT INFO
  login:    5055783885
  server:   MetaQuotes-Demo
  currency: EUR
  balance:  50000.0
  equity:   50000.0
  margin:   0.0  free: 50000.0  level: 0.0
  profit (floating): 0.0
  leverage: 1:100
  trade_allowed: True
OPEN POSITIONS: none
BACKEND PUSH: ok
========================================================================
{"timestamp": "2026-09-15T08:52:38.053721+00:00", "level": "INFO", "logger": "collector.runner", "message": "snapshot cycle complete", "context": {"mt5_connected": true, "open_positions": 0, "push_ok": true}}
========================================================================
CONNECTION STATUS: UP | broker link: UP | server: MetaQuotes-Demo
ACCOUNT INFO
  login:    5055783885
  server:   MetaQuotes-Demo
  currency: EUR
  balance:  50000.0
  equity:   50000.0
  margin:   0.0  free: 50000.0  level: 0.0
  profit (floating): 0.0
  leverage: 1:100
  trade_allowed: True
OPEN POSITIONS: none
BACKEND PUSH: ok
========================================================================
{"timestamp": "2026-09-15T08:52:48.211973+00:00", "level": "INFO", "logger": "collector.runner", "message": "snapshot cycle complete", "context": {"mt5_connected": true, "open_positions": 0, "push_ok": true}}
========================================================================
CONNECTION STATUS: UP | broker link: UP | server: MetaQuotes-Demo
ACCOUNT INFO
  login:    5055783885
  server:   MetaQuotes-Demo
  currency: EUR
  balance:  50000.0
  equity:   50000.0
  margin:   0.0  free: 50000.0  level: 0.0
  profit (floating): 0.0
  leverage: 1:100
  trade_allowed: True
OPEN POSITIONS: none
BACKEND PUSH: ok
========================================================================
{"timestamp": "2026-09-15T08:52:58.416387+00:00", "level": "INFO", "logger": "collector.runner", "message": "snapshot cycle complete", "context": {"mt5_connected": true, "open_positions": 0, "push_ok": true}}
{"timestamp": "2026-09-15T08:52:58.648245+00:00", "level": "INFO", "logger": "collector.runner", "message": "trade sync pushed", "context": {"date_from": "2026-09-15T08:46:57.413000+00:00", "deals_sent": 0, "trades_created": 0, "trades_updated": 0}}
RECENT DEALS (last 90d): none
========================================================================
CONNECTION STATUS: UP | broker link: UP | server: MetaQuotes-Demo
ACCOUNT INFO
  login:    5055783885
  server:   MetaQuotes-Demo
  currency: EUR
  balance:  50000.0
  equity:   50000.0
  margin:   0.0  free: 50000.0  level: 0.0
  profit (floating): 0.0
  leverage: 1:100
  trade_allowed: True
OPEN POSITIONS: none
BACKEND PUSH: ok
========================================================================
{"timestamp": "2026-09-15T08:53:08.865503+00:00", "level": "INFO", "logger": "collector.runner", "message": "snapshot cycle complete", "context": {"mt5_connected": true, "open_positions": 0, "push_ok": true}}
========================================================================
CONNECTION STATUS: UP | broker link: UP | server: MetaQuotes-Demo
ACCOUNT INFO
  login:    5055783885
  server:   MetaQuotes-Demo
  currency: EUR
  balance:  50000.0
  equity:   50000.0
  margin:   0.0  free: 50000.0  level: 0.0
  profit (floating): 0.0
  leverage: 1:100
  trade_allowed: True
OPEN POSITIONS: none
BACKEND PUSH: ok
========================================================================
{"timestamp": "2026-09-15T08:53:19.048841+00:00", "level": "INFO", "logger": "collector.runner", "message": "snapshot cycle complete", "context": {"mt5_connected": true, "open_positions": 0, "push_ok": true}}
========================================================================
CONNECTION STATUS: UP | broker link: UP | server: MetaQuotes-Demo
ACCOUNT INFO
  login:    5055783885
  server:   MetaQuotes-Demo
  currency: EUR
  balance:  50000.0
  equity:   50000.0
  margin:   0.0  free: 50000.0  level: 0.0
  profit (floating): 0.0
  leverage: 1:100
  trade_allowed: True
OPEN POSITIONS: none
BACKEND PUSH: ok
========================================================================
{"timestamp": "2026-09-15T08:53:29.246375+00:00", "level": "INFO", "logger": "collector.runner", "message": "snapshot cycle complete", "context": {"mt5_connected": true, "open_positions": 0, "push_ok": true}}
========================================================================
CONNECTION STATUS: UP | broker link: UP | server: MetaQuotes-Demo
ACCOUNT INFO
  login:    5055783885
  server:   MetaQuotes-Demo
  currency: EUR
  balance:  50000.0
  equity:   50000.0
  margin:   0.0  free: 50000.0  level: 0.0
  profit (floating): 0.0
  leverage: 1:100
  trade_allowed: True
OPEN POSITIONS: none
BACKEND PUSH: ok
========================================================================
{"timestamp": "2026-09-15T08:53:39.391261+00:00", "level": "INFO", "logger": "collector.runner", "message": "snapshot cycle complete", "context": {"mt5_connected": true, "open_positions": 0, "push_ok": true}}
========================================================================
CONNECTION STATUS: UP | broker link: UP | server: MetaQuotes-Demo
ACCOUNT INFO
  login:    5055783885
  server:   MetaQuotes-Demo
  currency: EUR
  balance:  50000.0
  equity:   50000.0
  margin:   0.0  free: 50000.0  level: 0.0
  profit (floating): 0.0
  leverage: 1:100
  trade_allowed: True
OPEN POSITIONS: none
BACKEND PUSH: ok
========================================================================
{"timestamp": "2026-09-15T08:53:49.555113+00:00", "level": "INFO", "logger": "collector.runner", "message": "snapshot cycle complete", "context": {"mt5_connected": true, "open_positions": 0, "push_ok": true}}
{"timestamp": "2026-09-15T08:53:49.650852+00:00", "level": "INFO", "logger": "collector.runner", "message": "candle sync (incremental)", "context": {"symbol": "EURUSD", "timeframe": "M5", "date_from": "2026-09-15T09:25:00+00:00"}}
{"timestamp": "2026-09-15T08:53:49.743840+00:00", "level": "INFO", "logger": "collector.runner", "message": "candle sync (incremental)", "context": {"symbol": "EURUSD", "timeframe": "M15", "date_from": "2026-09-15T08:45:00+00:00"}}
{"timestamp": "2026-09-15T08:53:49.846972+00:00", "level": "INFO", "logger": "collector.runner", "message": "candle sync (incremental)", "context": {"symbol": "EURUSD", "timeframe": "H1", "date_from": "2026-09-15T07:00:00+00:00"}}
{"timestamp": "2026-09-15T08:53:49.940471+00:00", "level": "INFO", "logger": "collector.runner", "message": "candle batch pushed", "context": {"symbol": "EURUSD", "timeframe": "H1", "batch_size": 1, "upserted": 1}}
{"timestamp": "2026-09-15T08:53:50.045859+00:00", "level": "INFO", "logger": "collector.runner", "message": "candle sync (incremental)", "context": {"symbol": "EURUSD", "timeframe": "M30", "date_from": "2026-09-15T09:00:00+00:00"}}
{"timestamp": "2026-09-15T08:53:50.158240+00:00", "level": "INFO", "logger": "collector.runner", "message": "candle sync (incremental)", "context": {"symbol": "EURUSD", "timeframe": "H4", "date_from": "2026-09-14T16:00:00+00:00"}}
{"timestamp": "2026-09-15T08:53:50.285239+00:00", "level": "INFO", "logger": "collector.runner", "message": "candle batch pushed", "context": {"symbol": "EURUSD", "timeframe": "H4", "batch_size": 3, "upserted": 3}}
{"timestamp": "2026-09-15T08:53:50.387643+00:00", "level": "INFO", "logger": "collector.runner", "message": "candle sync (incremental)", "context": {"symbol": "EURUSD", "timeframe": "D1", "date_from": "2026-09-11T00:00:00+00:00"}}
{"timestamp": "2026-09-15T08:53:50.478863+00:00", "level": "INFO", "logger": "collector.runner", "message": "candle batch pushed", "context": {"symbol": "EURUSD", "timeframe": "D1", "batch_size": 1, "upserted": 1}}
{"timestamp": "2026-09-15T08:53:50.599649+00:00", "level": "INFO", "logger": "collector.runner", "message": "candle sync (incremental)", "context": {"symbol": "EURUSD", "timeframe": "W1", "date_from": "2026-08-16T00:00:00+00:00"}}
{"timestamp": "2026-09-15T08:53:50.764856+00:00", "level": "INFO", "logger": "collector.runner", "message": "candle batch pushed", "context": {"symbol": "EURUSD", "timeframe": "W1", "batch_size": 3, "upserted": 3}}
{"timestamp": "2026-09-15T08:53:50.890734+00:00", "level": "INFO", "logger": "collector.runner", "message": "candle sync (incremental)", "context": {"symbol": "EURUSD", "timeframe": "MN1", "date_from": "2026-04-30T00:00:00+00:00"}}
{"timestamp": "2026-09-15T08:53:50.989641+00:00", "level": "INFO", "logger": "collector.runner", "message": "candle batch pushed", "context": {"symbol": "EURUSD", "timeframe": "MN1", "batch_size": 4, "upserted": 4}}
{"timestamp": "2026-09-15T08:53:51.089413+00:00", "level": "INFO", "logger": "collector.runner", "message": "candle sync (incremental)", "context": {"symbol": "XAUUSD", "timeframe": "M1", "date_from": "2026-09-15T09:42:00+00:00"}}
{"timestamp": "2026-09-15T08:53:51.194560+00:00", "level": "INFO", "logger": "collector.runner", "message": "candle sync (incremental)", "context": {"symbol": "XAUUSD", "timeframe": "M5", "date_from": "2026-09-15T09:25:00+00:00"}}
{"timestamp": "2026-09-15T08:53:51.312077+00:00", "level": "INFO", "logger": "collector.runner", "message": "candle sync (incremental)", "context": {"symbol": "XAUUSD", "timeframe": "M15", "date_from": "2026-09-15T08:45:00+00:00"}}
{"timestamp": "2026-09-15T08:53:51.417149+00:00", "level": "INFO", "logger": "collector.runner", "message": "candle sync (incremental)", "context": {"symbol": "XAUUSD", "timeframe": "M30", "date_from": "2026-09-15T09:00:00+00:00"}}
{"timestamp": "2026-09-15T08:53:51.517677+00:00", "level": "INFO", "logger": "collector.runner", "message": "candle sync (incremental)", "context": {"symbol": "XAUUSD", "timeframe": "H1", "date_from": "2026-09-15T07:00:00+00:00"}}
{"timestamp": "2026-09-15T08:53:51.624316+00:00", "level": "INFO", "logger": "collector.runner", "message": "candle batch pushed", "context": {"symbol": "XAUUSD", "timeframe": "H1", "batch_size": 1, "upserted": 1}}
{"timestamp": "2026-09-15T08:53:51.726440+00:00", "level": "INFO", "logger": "collector.runner", "message": "candle sync (incremental)", "context": {"symbol": "XAUUSD", "timeframe": "H4", "date_from": "2026-09-14T16:00:00+00:00"}}
{"timestamp": "2026-09-15T08:53:51.836491+00:00", "level": "INFO", "logger": "collector.runner", "message": "candle batch pushed", "context": {"symbol": "XAUUSD", "timeframe": "H4", "batch_size": 3, "upserted": 3}}
{"timestamp": "2026-09-15T08:53:51.939529+00:00", "level": "INFO", "logger": "collector.runner", "message": "candle sync (incremental)", "context": {"symbol": "XAUUSD", "timeframe": "D1", "date_from": "2026-09-11T00:00:00+00:00"}}
{"timestamp": "2026-09-15T08:53:52.029564+00:00", "level": "INFO", "logger": "collector.runner", "message": "candle batch pushed", "context": {"symbol": "XAUUSD", "timeframe": "D1", "batch_size": 1, "upserted": 1}}
========================================================================
CONNECTION STATUS: UP | broker link: UP | server: MetaQuotes-Demo
ACCOUNT INFO
  login:    5055783885
  server:   MetaQuotes-Demo
  currency: EUR
  balance:  50000.0
  equity:   50000.0
  margin:   0.0  free: 50000.0  level: 0.0
  profit (floating): 0.0
  leverage: 1:100
  trade_allowed: True
OPEN POSITIONS: none
BACKEND PUSH: ok
========================================================================
{"timestamp": "2026-09-15T08:54:02.217344+00:00", "level": "INFO", "logger": "collector.runner", "message": "snapshot cycle complete", "context": {"mt5_connected": true, "open_positions": 0, "push_ok": true}}
{"timestamp": "2026-09-15T08:54:02.417515+00:00", "level": "INFO", "logger": "collector.runner", "message": "trade sync pushed", "context": {"date_from": "2026-09-15T08:47:58.641000+00:00", "deals_sent": 0, "trades_created": 0, "trades_updated": 0}}
RECENT DEALS (last 90d): none
========================================================================
CONNECTION STATUS: UP | broker link: UP | server: MetaQuotes-Demo
ACCOUNT INFO
  login:    5055783885
  server:   MetaQuotes-Demo
  currency: EUR
  balance:  50000.0
  equity:   50000.0
  margin:   0.0  free: 50000.0  level: 0.0
  profit (floating): 0.0
  leverage: 1:100
  trade_allowed: True
OPEN POSITIONS: none
BACKEND PUSH: ok
========================================================================
{"timestamp": "2026-09-15T08:54:12.562733+00:00", "level": "INFO", "logger": "collector.runner", "message": "snapshot cycle complete", "context": {"mt5_connected": true, "open_positions": 0, "push_ok": true}}
========================================================================
CONNECTION STATUS: UP | broker link: UP | server: MetaQuotes-Demo
ACCOUNT INFO
  login:    5055783885
  server:   MetaQuotes-Demo
  currency: EUR
  balance:  50000.0
  equity:   50000.0
  margin:   0.0  free: 50000.0  level: 0.0
  profit (floating): 0.0
  leverage: 1:100
  trade_allowed: True
OPEN POSITIONS: none
BACKEND PUSH: ok
========================================================================
{"timestamp": "2026-09-15T08:54:22.691279+00:00", "level": "INFO", "logger": "collector.runner", "message": "snapshot cycle complete", "context": {"mt5_connected": true, "open_positions": 0, "push_ok": true}}
========================================================================
CONNECTION STATUS: UP | broker link: UP | server: MetaQuotes-Demo
ACCOUNT INFO
  login:    5055783885
  server:   MetaQuotes-Demo
  currency: EUR
  balance:  50000.0
  equity:   50000.0
  margin:   0.0  free: 50000.0  level: 0.0
  profit (floating): 0.0
  leverage: 1:100
  trade_allowed: True
OPEN POSITIONS: none
BACKEND PUSH: ok
========================================================================
{"timestamp": "2026-09-15T08:54:32.846033+00:00", "level": "INFO", "logger": "collector.runner", "message": "snapshot cycle complete", "context": {"mt5_connected": true, "open_positions": 0, "push_ok": true}}
========================================================================
CONNECTION STATUS: UP | broker link: UP | server: MetaQuotes-Demo
ACCOUNT INFO
  login:    5055783885
  server:   MetaQuotes-Demo
  currency: EUR
  balance:  50000.0
  equity:   50000.0
  margin:   0.0  free: 50000.0  level: 0.0
  profit (floating): 0.0
  leverage: 1:100
  trade_allowed: True
OPEN POSITIONS: none
BACKEND PUSH: ok
========================================================================
{"timestamp": "2026-09-15T08:54:43.025001+00:00", "level": "INFO", "logger": "collector.runner", "message": "snapshot cycle complete", "context": {"mt5_connected": true, "open_positions": 0, "push_ok": true}}
========================================================================
CONNECTION STATUS: UP | broker link: UP | server: MetaQuotes-Demo
ACCOUNT INFO
  login:    5055783885
  server:   MetaQuotes-Demo
  currency: EUR
  balance:  50000.0
  equity:   50000.0
  margin:   0.0  free: 50000.0  level: 0.0
  profit (floating): 0.0
  leverage: 1:100
  trade_allowed: True
OPEN POSITIONS: none
BACKEND PUSH: ok
========================================================================
{"timestamp": "2026-09-15T08:54:53.198031+00:00", "level": "INFO", "logger": "collector.runner", "message": "snapshot cycle complete", "context": {"mt5_connected": true, "open_positions": 0, "push_ok": true}}
========================================================================
CONNECTION STATUS: UP | broker link: UP | server: MetaQuotes-Demo
ACCOUNT INFO
  login:    5055783885
  server:   MetaQuotes-Demo
  currency: EUR
  balance:  50000.0
  equity:   50000.0
  margin:   0.0  free: 50000.0  level: 0.0
  profit (floating): 0.0
  leverage: 1:100
  trade_allowed: True
OPEN POSITIONS: none
BACKEND PUSH: ok
========================================================================
{"timestamp": "2026-09-15T08:55:03.343388+00:00", "level": "INFO", "logger": "collector.runner", "message": "snapshot cycle complete", "context": {"mt5_connected": true, "open_positions": 0, "push_ok": true}}
{"timestamp": "2026-09-15T08:55:03.534028+00:00", "level": "INFO", "logger": "collector.runner", "message": "trade sync pushed", "context": {"date_from": "2026-09-15T08:49:02.409000+00:00", "deals_sent": 0, "trades_created": 0, "trades_updated": 0}}
RECENT DEALS (last 90d): none
========================================================================
CONNECTION STATUS: UP | broker link: UP | server: MetaQuotes-Demo
ACCOUNT INFO
  login:    5055783885
  server:   MetaQuotes-Demo
  currency: EUR
  balance:  50000.0
  equity:   50000.0
  margin:   0.0  free: 50000.0  level: 0.0
  profit (floating): 0.0
  leverage: 1:100
  trade_allowed: True
OPEN POSITIONS: none
BACKEND PUSH: ok
========================================================================
{"timestamp": "2026-09-15T08:55:13.692838+00:00", "level": "INFO", "logger": "collector.runner", "message": "snapshot cycle complete", "context": {"mt5_connected": true, "open_positions": 0, "push_ok": true}}
========================================================================
CONNECTION STATUS: UP | broker link: UP | server: MetaQuotes-Demo
ACCOUNT INFO
  login:    5055783885
  server:   MetaQuotes-Demo
  currency: EUR
  balance:  50000.0
  equity:   50000.0
  margin:   0.0  free: 50000.0  level: 0.0
  profit (floating): 0.0
  leverage: 1:100
  trade_allowed: True
OPEN POSITIONS: none
BACKEND PUSH: ok
========================================================================
{"timestamp": "2026-09-15T08:55:23.882331+00:00", "level": "INFO", "logger": "collector.runner", "message": "snapshot cycle complete", "context": {"mt5_connected": true, "open_positions": 0, "push_ok": true}}
========================================================================
CONNECTION STATUS: UP | broker link: UP | server: MetaQuotes-Demo
ACCOUNT INFO
  login:    5055783885
  server:   MetaQuotes-Demo
  currency: EUR
  balance:  50000.0
  equity:   50000.0
  margin:   0.0  free: 50000.0  level: 0.0
  profit (floating): 0.0
  leverage: 1:100
  trade_allowed: True
OPEN POSITIONS: none
BACKEND PUSH: ok
========================================================================
{"timestamp": "2026-09-15T08:55:34.020335+00:00", "level": "INFO", "logger": "collector.runner", "message": "snapshot cycle complete", "context": {"mt5_connected": true, "open_positions": 0, "push_ok": true}}
========================================================================
CONNECTION STATUS: UP | broker link: UP | server: MetaQuotes-Demo
ACCOUNT INFO
  login:    5055783885
  server:   MetaQuotes-Demo
  currency: EUR
  balance:  50000.0
  equity:   50000.0
  margin:   0.0  free: 50000.0  level: 0.0
  profit (floating): 0.0
  leverage: 1:100
  trade_allowed: True
OPEN POSITIONS: none
BACKEND PUSH: ok
========================================================================
{"timestamp": "2026-09-15T08:55:44.175301+00:00", "level": "INFO", "logger": "collector.runner", "message": "snapshot cycle complete", "context": {"mt5_connected": true, "open_positions": 0, "push_ok": true}}
========================================================================
CONNECTION STATUS: UP | broker link: UP | server: MetaQuotes-Demo
ACCOUNT INFO
  login:    5055783885
  server:   MetaQuotes-Demo
  currency: EUR
  balance:  50000.0
  equity:   50000.0
  margin:   0.0  free: 50000.0  level: 0.0
  profit (floating): 0.0
  leverage: 1:100
  trade_allowed: True
OPEN POSITIONS: none
BACKEND PUSH: ok
========================================================================
{"timestamp": "2026-09-15T08:55:54.330875+00:00", "level": "INFO", "logger": "collector.runner", "message": "snapshot cycle complete", "context": {"mt5_connected": true, "open_positions": 0, "push_ok": true}}
========================================================================
CONNECTION STATUS: UP | broker link: UP | server: MetaQuotes-Demo
ACCOUNT INFO
  login:    5055783885
  server:   MetaQuotes-Demo
  currency: EUR
  balance:  50000.0
  equity:   50000.0
  margin:   0.0  free: 50000.0  level: 0.0
  profit (floating): 0.0
  leverage: 1:100
  trade_allowed: True
OPEN POSITIONS: none
BACKEND PUSH: ok
========================================================================
{"timestamp": "2026-09-15T08:56:04.478357+00:00", "level": "INFO", "logger": "collector.runner", "message": "snapshot cycle complete", "context": {"mt5_connected": true, "open_positions": 0, "push_ok": true}}
{"timestamp": "2026-09-15T08:56:04.695513+00:00", "level": "INFO", "logger": "collector.runner", "message": "trade sync pushed", "context": {"date_from": "2026-09-15T08:50:03.527000+00:00", "deals_sent": 0, "trades_created": 0, "trades_updated": 0}}
RECENT DEALS (last 90d): none
========================================================================
CONNECTION STATUS: UP | broker link: UP | server: MetaQuotes-Demo
ACCOUNT INFO
  login:    5055783885
  server:   MetaQuotes-Demo
  currency: EUR
  balance:  50000.0
  equity:   50000.0
  margin:   0.0  free: 50000.0  level: 0.0
  profit (floating): 0.0
  leverage: 1:100
  trade_allowed: True
OPEN POSITIONS: none
BACKEND PUSH: ok
========================================================================
{"timestamp": "2026-09-15T08:56:14.873927+00:00", "level": "INFO", "logger": "collector.runner", "message": "snapshot cycle complete", "context": {"mt5_connected": true, "open_positions": 0, "push_ok": true}}
========================================================================
CONNECTION STATUS: UP | broker link: UP | server: MetaQuotes-Demo
ACCOUNT INFO
  login:    5055783885
  server:   MetaQuotes-Demo
  currency: EUR
  balance:  50000.0
  equity:   50000.0
  margin:   0.0  free: 50000.0  level: 0.0
  profit (floating): 0.0
  leverage: 1:100
  trade_allowed: True
OPEN POSITIONS: none
BACKEND PUSH: ok
========================================================================
{"timestamp": "2026-09-15T08:56:25.011822+00:00", "level": "INFO", "logger": "collector.runner", "message": "snapshot cycle complete", "context": {"mt5_connected": true, "open_positions": 0, "push_ok": true}}
========================================================================
CONNECTION STATUS: UP | broker link: UP | server: MetaQuotes-Demo
ACCOUNT INFO
  login:    5055783885
  server:   MetaQuotes-Demo
  currency: EUR
  balance:  50000.0
  equity:   50000.0
  margin:   0.0  free: 50000.0  level: 0.0
  profit (floating): 0.0
  leverage: 1:100
  trade_allowed: True
OPEN POSITIONS: none
BACKEND PUSH: ok
========================================================================
{"timestamp": "2026-09-15T08:56:35.160318+00:00", "level": "INFO", "logger": "collector.runner", "message": "snapshot cycle complete", "context": {"mt5_connected": true, "open_positions": 0, "push_ok": true}}
========================================================================
CONNECTION STATUS: UP | broker link: UP | server: MetaQuotes-Demo
ACCOUNT INFO
  login:    5055783885
  server:   MetaQuotes-Demo
  currency: EUR
  balance:  50000.0
  equity:   50000.0
  margin:   0.0  free: 50000.0  level: 0.0
  profit (floating): 0.0
  leverage: 1:100
  trade_allowed: True
OPEN POSITIONS: none
BACKEND PUSH: ok
========================================================================
{"timestamp": "2026-09-15T08:56:45.303179+00:00", "level": "INFO", "logger": "collector.runner", "message": "snapshot cycle complete", "context": {"mt5_connected": true, "open_positions": 0, "push_ok": true}}
========================================================================
CONNECTION STATUS: UP | broker link: UP | server: MetaQuotes-Demo
ACCOUNT INFO
  login:    5055783885
  server:   MetaQuotes-Demo
  currency: EUR
  balance:  50000.0
  equity:   50000.0
  margin:   0.0  free: 50000.0  level: 0.0
  profit (floating): 0.0
  leverage: 1:100
  trade_allowed: True
OPEN POSITIONS: none
BACKEND PUSH: ok
========================================================================
{"timestamp": "2026-09-15T08:56:55.521052+00:00", "level": "INFO", "logger": "collector.runner", "message": "snapshot cycle complete", "context": {"mt5_connected": true, "open_positions": 0, "push_ok": true}}
========================================================================
CONNECTION STATUS: UP | broker link: UP | server: MetaQuotes-Demo
ACCOUNT INFO
  login:    5055783885
  server:   MetaQuotes-Demo
  currency: EUR
  balance:  50000.0
  equity:   50000.0
  margin:   0.0  free: 50000.0  level: 0.0
  profit (floating): 0.0
  leverage: 1:100
  trade_allowed: True
OPEN POSITIONS: none
BACKEND PUSH: ok
========================================================================
{"timestamp": "2026-09-15T08:57:05.669575+00:00", "level": "INFO", "logger": "collector.runner", "message": "snapshot cycle complete", "context": {"mt5_connected": true, "open_positions": 0, "push_ok": true}}
{"timestamp": "2026-09-15T08:57:05.868555+00:00", "level": "INFO", "logger": "collector.runner", "message": "trade sync pushed", "context": {"date_from": "2026-09-15T08:51:04.686000+00:00", "deals_sent": 0, "trades_created": 0, "trades_updated": 0}}
RECENT DEALS (last 90d): none
========================================================================
CONNECTION STATUS: UP | broker link: UP | server: MetaQuotes-Demo
ACCOUNT INFO
  login:    5055783885
  server:   MetaQuotes-Demo
  currency: EUR
  balance:  50000.0
  equity:   50000.0
  margin:   0.0  free: 50000.0  level: 0.0
  profit (floating): 0.0
  leverage: 1:100
  trade_allowed: True
OPEN POSITIONS: none
BACKEND PUSH: ok
========================================================================
{"timestamp": "2026-09-15T08:57:16.030846+00:00", "level": "INFO", "logger": "collector.runner", "message": "snapshot cycle complete", "context": {"mt5_connected": true, "open_positions": 0, "push_ok": true}}
========================================================================
CONNECTION STATUS: UP | broker link: UP | server: MetaQuotes-Demo
ACCOUNT INFO
  login:    5055783885
  server:   MetaQuotes-Demo
  currency: EUR
  balance:  50000.0
  equity:   50000.0
  margin:   0.0  free: 50000.0  level: 0.0
  profit (floating): 0.0
  leverage: 1:100
  trade_allowed: True
OPEN POSITIONS: none
BACKEND PUSH: ok
========================================================================
{"timestamp": "2026-09-15T08:57:26.177667+00:00", "level": "INFO", "logger": "collector.runner", "message": "snapshot cycle complete", "context": {"mt5_connected": true, "open_positions": 0, "push_ok": true}}
========================================================================
CONNECTION STATUS: UP | broker link: UP | server: MetaQuotes-Demo
ACCOUNT INFO
  login:    5055783885
  server:   MetaQuotes-Demo
  currency: EUR
  balance:  50000.0
  equity:   50000.0
  margin:   0.0  free: 50000.0  level: 0.0
  profit (floating): 0.0
  leverage: 1:100
  trade_allowed: True
OPEN POSITIONS: none
BACKEND PUSH: ok
========================================================================
{"timestamp": "2026-09-15T08:57:36.352143+00:00", "level": "INFO", "logger": "collector.runner", "message": "snapshot cycle complete", "context": {"mt5_connected": true, "open_positions": 0, "push_ok": true}}
========================================================================
CONNECTION STATUS: UP | broker link: UP | server: MetaQuotes-Demo
ACCOUNT INFO
  login:    5055783885
  server:   MetaQuotes-Demo
  currency: EUR
  balance:  50000.0
  equity:   50000.0
  margin:   0.0  free: 50000.0  level: 0.0
  profit (floating): 0.0
  leverage: 1:100
  trade_allowed: True
OPEN POSITIONS: none
BACKEND PUSH: ok
========================================================================
{"timestamp": "2026-09-15T08:57:46.518578+00:00", "level": "INFO", "logger": "collector.runner", "message": "snapshot cycle complete", "context": {"mt5_connected": true, "open_positions": 0, "push_ok": true}}
========================================================================
CONNECTION STATUS: UP | broker link: UP | server: MetaQuotes-Demo
ACCOUNT INFO
  login:    5055783885
  server:   MetaQuotes-Demo
  currency: EUR
  balance:  50000.0
  equity:   50000.0
  margin:   0.0  free: 50000.0  level: 0.0
  profit (floating): 0.0
  leverage: 1:100
  trade_allowed: True
OPEN POSITIONS: none
BACKEND PUSH: ok
========================================================================
{"timestamp": "2026-09-15T08:57:56.653620+00:00", "level": "INFO", "logger": "collector.runner", "message": "snapshot cycle complete", "context": {"mt5_connected": true, "open_positions": 0, "push_ok": true}}
========================================================================
CONNECTION STATUS: UP | broker link: UP | server: MetaQuotes-Demo
ACCOUNT INFO
  login:    5055783885
  server:   MetaQuotes-Demo
  currency: EUR
  balance:  50000.0
  equity:   50000.0
  margin:   0.0  free: 50000.0  level: 0.0
  profit (floating): 0.0
  leverage: 1:100
  trade_allowed: True
OPEN POSITIONS: none
BACKEND PUSH: ok
========================================================================
{"timestamp": "2026-09-15T08:58:06.825970+00:00", "level": "INFO", "logger": "collector.runner", "message": "snapshot cycle complete", "context": {"mt5_connected": true, "open_positions": 0, "push_ok": true}}
{"timestamp": "2026-09-15T08:58:07.078023+00:00", "level": "INFO", "logger": "collector.runner", "message": "trade sync pushed", "context": {"date_from": "2026-09-15T08:52:05.860000+00:00", "deals_sent": 0, "trades_created": 0, "trades_updated": 0}}
RECENT DEALS (last 90d): none
========================================================================
CONNECTION STATUS: UP | broker link: UP | server: MetaQuotes-Demo
ACCOUNT INFO
  login:    5055783885
  server:   MetaQuotes-Demo
  currency: EUR
  balance:  50000.0
  equity:   50000.0
  margin:   0.0  free: 50000.0  level: 0.0
  profit (floating): 0.0
  leverage: 1:100
  trade_allowed: True
OPEN POSITIONS: none
BACKEND PUSH: ok
========================================================================
{"timestamp": "2026-09-15T08:58:17.258855+00:00", "level": "INFO", "logger": "collector.runner", "message": "snapshot cycle complete", "context": {"mt5_connected": true, "open_positions": 0, "push_ok": true}}
========================================================================
CONNECTION STATUS: UP | broker link: UP | server: MetaQuotes-Demo
ACCOUNT INFO
  login:    5055783885
  server:   MetaQuotes-Demo
  currency: EUR
  balance:  50000.0
  equity:   50000.0
  margin:   0.0  free: 50000.0  level: 0.0
  profit (floating): 0.0
  leverage: 1:100
  trade_allowed: True
OPEN POSITIONS: none
BACKEND PUSH: ok
========================================================================
{"timestamp": "2026-09-15T08:58:27.455767+00:00", "level": "INFO", "logger": "collector.runner", "message": "snapshot cycle complete", "context": {"mt5_connected": true, "open_positions": 0, "push_ok": true}}
========================================================================
CONNECTION STATUS: UP | broker link: UP | server: MetaQuotes-Demo
ACCOUNT INFO
  login:    5055783885
  server:   MetaQuotes-Demo
  currency: EUR
  balance:  50000.0
  equity:   50000.0
  margin:   0.0  free: 50000.0  level: 0.0
  profit (floating): 0.0
  leverage: 1:100
  trade_allowed: True
OPEN POSITIONS: none
BACKEND PUSH: ok
========================================================================
{"timestamp": "2026-09-15T08:58:37.584206+00:00", "level": "INFO", "logger": "collector.runner", "message": "snapshot cycle complete", "context": {"mt5_connected": true, "open_positions": 0, "push_ok": true}}
========================================================================
CONNECTION STATUS: UP | broker link: UP | server: MetaQuotes-Demo
ACCOUNT INFO
  login:    5055783885
  server:   MetaQuotes-Demo
  currency: EUR
  balance:  50000.0
  equity:   50000.0
  margin:   0.0  free: 50000.0  level: 0.0
  profit (floating): 0.0
  leverage: 1:100
  trade_allowed: True
OPEN POSITIONS: none
BACKEND PUSH: ok
========================================================================
{"timestamp": "2026-09-15T08:58:47.731713+00:00", "level": "INFO", "logger": "collector.runner", "message": "snapshot cycle complete", "context": {"mt5_connected": true, "open_positions": 0, "push_ok": true}}
========================================================================
CONNECTION STATUS: UP | broker link: UP | server: MetaQuotes-Demo
ACCOUNT INFO
  login:    5055783885
  server:   MetaQuotes-Demo
  currency: EUR
  balance:  50000.0
  equity:   50000.0
  margin:   0.0  free: 50000.0  level: 0.0
  profit (floating): 0.0
  leverage: 1:100
  trade_allowed: True
OPEN POSITIONS: none
BACKEND PUSH: ok
========================================================================
{"timestamp": "2026-09-15T08:58:57.878281+00:00", "level": "INFO", "logger": "collector.runner", "message": "snapshot cycle complete", "context": {"mt5_connected": true, "open_positions": 0, "push_ok": true}}
{"timestamp": "2026-09-15T08:58:57.978408+00:00", "level": "INFO", "logger": "collector.runner", "message": "candle sync (incremental)", "context": {"symbol": "EURUSD", "timeframe": "M5", "date_from": "2026-09-15T09:25:00+00:00"}}
{"timestamp": "2026-09-15T08:58:58.067405+00:00", "level": "INFO", "logger": "collector.runner", "message": "candle sync (incremental)", "context": {"symbol": "EURUSD", "timeframe": "M15", "date_from": "2026-09-15T08:45:00+00:00"}}
{"timestamp": "2026-09-15T08:58:58.175492+00:00", "level": "INFO", "logger": "collector.runner", "message": "candle sync (incremental)", "context": {"symbol": "EURUSD", "timeframe": "H1", "date_from": "2026-09-15T07:00:00+00:00"}}
{"timestamp": "2026-09-15T08:58:58.312705+00:00", "level": "INFO", "logger": "collector.runner", "message": "candle batch pushed", "context": {"symbol": "EURUSD", "timeframe": "H1", "batch_size": 1, "upserted": 1}}
{"timestamp": "2026-09-15T08:58:58.412177+00:00", "level": "INFO", "logger": "collector.runner", "message": "candle sync (incremental)", "context": {"symbol": "EURUSD", "timeframe": "M30", "date_from": "2026-09-15T09:00:00+00:00"}}
{"timestamp": "2026-09-15T08:58:58.524790+00:00", "level": "INFO", "logger": "collector.runner", "message": "candle sync (incremental)", "context": {"symbol": "EURUSD", "timeframe": "H4", "date_from": "2026-09-14T16:00:00+00:00"}}
{"timestamp": "2026-09-15T08:58:58.655138+00:00", "level": "INFO", "logger": "collector.runner", "message": "candle batch pushed", "context": {"symbol": "EURUSD", "timeframe": "H4", "batch_size": 3, "upserted": 3}}
{"timestamp": "2026-09-15T08:58:58.742722+00:00", "level": "INFO", "logger": "collector.runner", "message": "candle sync (incremental)", "context": {"symbol": "EURUSD", "timeframe": "D1", "date_from": "2026-09-11T00:00:00+00:00"}}
{"timestamp": "2026-09-15T08:58:58.845782+00:00", "level": "INFO", "logger": "collector.runner", "message": "candle batch pushed", "context": {"symbol": "EURUSD", "timeframe": "D1", "batch_size": 1, "upserted": 1}}
{"timestamp": "2026-09-15T08:58:58.968373+00:00", "level": "INFO", "logger": "collector.runner", "message": "candle sync (incremental)", "context": {"symbol": "EURUSD", "timeframe": "W1", "date_from": "2026-08-16T00:00:00+00:00"}}
{"timestamp": "2026-09-15T08:58:59.108557+00:00", "level": "INFO", "logger": "collector.runner", "message": "candle batch pushed", "context": {"symbol": "EURUSD", "timeframe": "W1", "batch_size": 3, "upserted": 3}}
{"timestamp": "2026-09-15T08:58:59.234446+00:00", "level": "INFO", "logger": "collector.runner", "message": "candle sync (incremental)", "context": {"symbol": "EURUSD", "timeframe": "MN1", "date_from": "2026-04-30T00:00:00+00:00"}}
{"timestamp": "2026-09-15T08:58:59.352558+00:00", "level": "INFO", "logger": "collector.runner", "message": "candle batch pushed", "context": {"symbol": "EURUSD", "timeframe": "MN1", "batch_size": 4, "upserted": 4}}
{"timestamp": "2026-09-15T08:58:59.456522+00:00", "level": "INFO", "logger": "collector.runner", "message": "candle sync (incremental)", "context": {"symbol": "XAUUSD", "timeframe": "M1", "date_from": "2026-09-15T09:42:00+00:00"}}
{"timestamp": "2026-09-15T08:58:59.564067+00:00", "level": "INFO", "logger": "collector.runner", "message": "candle sync (incremental)", "context": {"symbol": "XAUUSD", "timeframe": "M5", "date_from": "2026-09-15T09:25:00+00:00"}}
{"timestamp": "2026-09-15T08:58:59.733806+00:00", "level": "INFO", "logger": "collector.runner", "message": "candle sync (incremental)", "context": {"symbol": "XAUUSD", "timeframe": "M15", "date_from": "2026-09-15T08:45:00+00:00"}}
{"timestamp": "2026-09-15T08:58:59.857649+00:00", "level": "INFO", "logger": "collector.runner", "message": "candle sync (incremental)", "context": {"symbol": "XAUUSD", "timeframe": "M30", "date_from": "2026-09-15T09:00:00+00:00"}}
{"timestamp": "2026-09-15T08:58:59.965846+00:00", "level": "INFO", "logger": "collector.runner", "message": "candle sync (incremental)", "context": {"symbol": "XAUUSD", "timeframe": "H1", "date_from": "2026-09-15T07:00:00+00:00"}}
{"timestamp": "2026-09-15T08:59:00.083192+00:00", "level": "INFO", "logger": "collector.runner", "message": "candle batch pushed", "context": {"symbol": "XAUUSD", "timeframe": "H1", "batch_size": 1, "upserted": 1}}
{"timestamp": "2026-09-15T08:59:00.173994+00:00", "level": "INFO", "logger": "collector.runner", "message": "candle sync (incremental)", "context": {"symbol": "XAUUSD", "timeframe": "H4", "date_from": "2026-09-14T16:00:00+00:00"}}
{"timestamp": "2026-09-15T08:59:00.292129+00:00", "level": "INFO", "logger": "collector.runner", "message": "candle batch pushed", "context": {"symbol": "XAUUSD", "timeframe": "H4", "batch_size": 3, "upserted": 3}}
{"timestamp": "2026-09-15T08:59:00.402540+00:00", "level": "INFO", "logger": "collector.runner", "message": "candle sync (incremental)", "context": {"symbol": "XAUUSD", "timeframe": "D1", "date_from": "2026-09-11T00:00:00+00:00"}}
{"timestamp": "2026-09-15T08:59:00.512335+00:00", "level": "INFO", "logger": "collector.runner", "message": "candle batch pushed", "context": {"symbol": "XAUUSD", "timeframe": "D1", "batch_size": 1, "upserted": 1}}
========================================================================
CONNECTION STATUS: UP | broker link: UP | server: MetaQuotes-Demo
ACCOUNT INFO
  login:    5055783885
  server:   MetaQuotes-Demo
  currency: EUR
  balance:  50000.0
  equity:   50000.0
  margin:   0.0  free: 50000.0  level: 0.0
  profit (floating): 0.0
  leverage: 1:100
  trade_allowed: True
OPEN POSITIONS: none
BACKEND PUSH: ok
========================================================================
{"timestamp": "2026-09-15T08:59:10.648249+00:00", "level": "INFO", "logger": "collector.runner", "message": "snapshot cycle complete", "context": {"mt5_connected": true, "open_positions": 0, "push_ok": true}}
{"timestamp": "2026-09-15T08:59:10.879518+00:00", "level": "INFO", "logger": "collector.runner", "message": "trade sync pushed", "context": {"date_from": "2026-09-15T08:53:07.069000+00:00", "deals_sent": 0, "trades_created": 0, "trades_updated": 0}}
RECENT DEALS (last 90d): none
========================================================================
CONNECTION STATUS: UP | broker link: UP | server: MetaQuotes-Demo
ACCOUNT INFO
  login:    5055783885
  server:   MetaQuotes-Demo
  currency: EUR
  balance:  50000.0
  equity:   50000.0
  margin:   0.0  free: 50000.0  level: 0.0
  profit (floating): 0.0
  leverage: 1:100
  trade_allowed: True
OPEN POSITIONS: none
BACKEND PUSH: ok
========================================================================
{"timestamp": "2026-09-15T08:59:21.039811+00:00", "level": "INFO", "logger": "collector.runner", "message": "snapshot cycle complete", "context": {"mt5_connected": true, "open_positions": 0, "push_ok": true}}
========================================================================
CONNECTION STATUS: UP | broker link: UP | server: MetaQuotes-Demo
ACCOUNT INFO
  login:    5055783885
  server:   MetaQuotes-Demo
  currency: EUR
  balance:  50000.0
  equity:   50000.0
  margin:   0.0  free: 50000.0  level: 0.0
  profit (floating): 0.0
  leverage: 1:100
  trade_allowed: True
OPEN POSITIONS: none
BACKEND PUSH: ok
========================================================================
{"timestamp": "2026-09-15T08:59:31.181648+00:00", "level": "INFO", "logger": "collector.runner", "message": "snapshot cycle complete", "context": {"mt5_connected": true, "open_positions": 0, "push_ok": true}}
========================================================================
CONNECTION STATUS: UP | broker link: UP | server: MetaQuotes-Demo
ACCOUNT INFO
  login:    5055783885
  server:   MetaQuotes-Demo
  currency: EUR
  balance:  50000.0
  equity:   50000.0
  margin:   0.0  free: 50000.0  level: 0.0
  profit (floating): 0.0
  leverage: 1:100
  trade_allowed: True
OPEN POSITIONS: none
BACKEND PUSH: ok
========================================================================
{"timestamp": "2026-09-15T08:59:41.327618+00:00", "level": "INFO", "logger": "collector.runner", "message": "snapshot cycle complete", "context": {"mt5_connected": true, "open_positions": 0, "push_ok": true}}
========================================================================
CONNECTION STATUS: UP | broker link: UP | server: MetaQuotes-Demo
ACCOUNT INFO
  login:    5055783885
  server:   MetaQuotes-Demo
  currency: EUR
  balance:  50000.0
  equity:   50000.0
  margin:   0.0  free: 50000.0  level: 0.0
  profit (floating): 0.0
  leverage: 1:100
  trade_allowed: True
OPEN POSITIONS: none
BACKEND PUSH: ok
========================================================================
{"timestamp": "2026-09-15T08:59:51.498750+00:00", "level": "INFO", "logger": "collector.runner", "message": "snapshot cycle complete", "context": {"mt5_connected": true, "open_positions": 0, "push_ok": true}}
========================================================================
CONNECTION STATUS: UP | broker link: UP | server: MetaQuotes-Demo
ACCOUNT INFO
  login:    5055783885
  server:   MetaQuotes-Demo
  currency: EUR
  balance:  50000.0
  equity:   50000.0
  margin:   0.0  free: 50000.0  level: 0.0
  profit (floating): 0.0
  leverage: 1:100
  trade_allowed: True
OPEN POSITIONS: none
BACKEND PUSH: ok
========================================================================
{"timestamp": "2026-09-15T09:00:01.631936+00:00", "level": "INFO", "logger": "collector.runner", "message": "snapshot cycle complete", "context": {"mt5_connected": true, "open_positions": 0, "push_ok": true}}
========================================================================
CONNECTION STATUS: UP | broker link: UP | server: MetaQuotes-Demo
ACCOUNT INFO
  login:    5055783885
  server:   MetaQuotes-Demo
  currency: EUR
  balance:  50000.0
  equity:   50000.0
  margin:   0.0  free: 50000.0  level: 0.0
  profit (floating): 0.0
  leverage: 1:100
  trade_allowed: True
OPEN POSITIONS: none
BACKEND PUSH: ok
========================================================================
{"timestamp": "2026-09-15T09:00:11.785652+00:00", "level": "INFO", "logger": "collector.runner", "message": "snapshot cycle complete", "context": {"mt5_connected": true, "open_positions": 0, "push_ok": true}}
{"timestamp": "2026-09-15T09:00:12.025046+00:00", "level": "INFO", "logger": "collector.runner", "message": "trade sync pushed", "context": {"date_from": "2026-09-15T08:54:10.873000+00:00", "deals_sent": 0, "trades_created": 0, "trades_updated": 0}}
RECENT DEALS (last 90d): none
========================================================================
CONNECTION STATUS: UP | broker link: UP | server: MetaQuotes-Demo
ACCOUNT INFO
  login:    5055783885
  server:   MetaQuotes-Demo
  currency: EUR
  balance:  50000.0
  equity:   50000.0
  margin:   0.0  free: 50000.0  level: 0.0
  profit (floating): 0.0
  leverage: 1:100
  trade_allowed: True
OPEN POSITIONS: none
BACKEND PUSH: ok
========================================================================
{"timestamp": "2026-09-15T09:00:22.174182+00:00", "level": "INFO", "logger": "collector.runner", "message": "snapshot cycle complete", "context": {"mt5_connected": true, "open_positions": 0, "push_ok": true}}
========================================================================
CONNECTION STATUS: UP | broker link: UP | server: MetaQuotes-Demo
ACCOUNT INFO
  login:    5055783885
  server:   MetaQuotes-Demo
  currency: EUR
  balance:  50000.0
  equity:   50000.0
  margin:   0.0  free: 50000.0  level: 0.0
  profit (floating): 0.0
  leverage: 1:100
  trade_allowed: True
OPEN POSITIONS: none
BACKEND PUSH: ok
========================================================================
{"timestamp": "2026-09-15T09:00:32.309303+00:00", "level": "INFO", "logger": "collector.runner", "message": "snapshot cycle complete", "context": {"mt5_connected": true, "open_positions": 0, "push_ok": true}}
========================================================================
CONNECTION STATUS: UP | broker link: UP | server: MetaQuotes-Demo
ACCOUNT INFO
  login:    5055783885
  server:   MetaQuotes-Demo
  currency: EUR
  balance:  50000.0
  equity:   50000.0
  margin:   0.0  free: 50000.0  level: 0.0
  profit (floating): 0.0
  leverage: 1:100
  trade_allowed: True
OPEN POSITIONS: none
BACKEND PUSH: ok
========================================================================
{"timestamp": "2026-09-15T09:00:42.438902+00:00", "level": "INFO", "logger": "collector.runner", "message": "snapshot cycle complete", "context": {"mt5_connected": true, "open_positions": 0, "push_ok": true}}
========================================================================
CONNECTION STATUS: UP | broker link: UP | server: MetaQuotes-Demo
ACCOUNT INFO
  login:    5055783885
  server:   MetaQuotes-Demo
  currency: EUR
  balance:  50000.0
  equity:   50000.0
  margin:   0.0  free: 50000.0  level: 0.0
  profit (floating): 0.0
  leverage: 1:100
  trade_allowed: True
OPEN POSITIONS: none
BACKEND PUSH: ok
========================================================================
{"timestamp": "2026-09-15T09:00:52.641651+00:00", "level": "INFO", "logger": "collector.runner", "message": "snapshot cycle complete", "context": {"mt5_connected": true, "open_positions": 0, "push_ok": true}}
========================================================================
CONNECTION STATUS: UP | broker link: UP | server: MetaQuotes-Demo
ACCOUNT INFO
  login:    5055783885
  server:   MetaQuotes-Demo
  currency: EUR
  balance:  50000.0
  equity:   50000.0
  margin:   0.0  free: 50000.0  level: 0.0
  profit (floating): 0.0
  leverage: 1:100
  trade_allowed: True
OPEN POSITIONS: none
BACKEND PUSH: ok
========================================================================
{"timestamp": "2026-09-15T09:01:02.793420+00:00", "level": "INFO", "logger": "collector.runner", "message": "snapshot cycle complete", "context": {"mt5_connected": true, "open_positions": 0, "push_ok": true}}
========================================================================
CONNECTION STATUS: UP | broker link: UP | server: MetaQuotes-Demo
ACCOUNT INFO
  login:    5055783885
  server:   MetaQuotes-Demo
  currency: EUR
  balance:  50000.0
  equity:   50000.0
  margin:   0.0  free: 50000.0  level: 0.0
  profit (floating): 0.0
  leverage: 1:100
  trade_allowed: True
OPEN POSITIONS: none
BACKEND PUSH: ok
========================================================================
{"timestamp": "2026-09-15T09:01:12.933325+00:00", "level": "INFO", "logger": "collector.runner", "message": "snapshot cycle complete", "context": {"mt5_connected": true, "open_positions": 0, "push_ok": true}}
{"timestamp": "2026-09-15T09:01:13.205464+00:00", "level": "INFO", "logger": "collector.runner", "message": "trade sync pushed", "context": {"date_from": "2026-09-15T08:55:12.018000+00:00", "deals_sent": 0, "trades_created": 0, "trades_updated": 0}}
RECENT DEALS (last 90d): none
========================================================================
CONNECTION STATUS: UP | broker link: UP | server: MetaQuotes-Demo
ACCOUNT INFO
  login:    5055783885
  server:   MetaQuotes-Demo
  currency: EUR
  balance:  50000.0
  equity:   50000.0
  margin:   0.0  free: 50000.0  level: 0.0
  profit (floating): 0.0
  leverage: 1:100
  trade_allowed: True
OPEN POSITIONS: none
BACKEND PUSH: ok
========================================================================
{"timestamp": "2026-09-15T09:01:23.388559+00:00", "level": "INFO", "logger": "collector.runner", "message": "snapshot cycle complete", "context": {"mt5_connected": true, "open_positions": 0, "push_ok": true}}
========================================================================
CONNECTION STATUS: UP | broker link: UP | server: MetaQuotes-Demo
ACCOUNT INFO
  login:    5055783885
  server:   MetaQuotes-Demo
  currency: EUR
  balance:  50000.0
  equity:   50000.0
  margin:   0.0  free: 50000.0  level: 0.0
  profit (floating): 0.0
  leverage: 1:100
  trade_allowed: True
OPEN POSITIONS: none
BACKEND PUSH: ok
========================================================================
{"timestamp": "2026-09-15T09:01:33.543058+00:00", "level": "INFO", "logger": "collector.runner", "message": "snapshot cycle complete", "context": {"mt5_connected": true, "open_positions": 0, "push_ok": true}}
========================================================================
CONNECTION STATUS: UP | broker link: UP | server: MetaQuotes-Demo
ACCOUNT INFO
  login:    5055783885
  server:   MetaQuotes-Demo
  currency: EUR
  balance:  50000.0
  equity:   50000.0
  margin:   0.0  free: 50000.0  level: 0.0
  profit (floating): 0.0
  leverage: 1:100
  trade_allowed: True
OPEN POSITIONS: none
BACKEND PUSH: ok
========================================================================
{"timestamp": "2026-09-15T09:01:43.694052+00:00", "level": "INFO", "logger": "collector.runner", "message": "snapshot cycle complete", "context": {"mt5_connected": true, "open_positions": 0, "push_ok": true}}
========================================================================
CONNECTION STATUS: UP | broker link: UP | server: MetaQuotes-Demo
ACCOUNT INFO
  login:    5055783885
  server:   MetaQuotes-Demo
  currency: EUR
  balance:  50000.0
  equity:   50000.0
  margin:   0.0  free: 50000.0  level: 0.0
  profit (floating): 0.0
  leverage: 1:100
  trade_allowed: True
OPEN POSITIONS: none
BACKEND PUSH: ok
========================================================================
{"timestamp": "2026-09-15T09:01:53.893809+00:00", "level": "INFO", "logger": "collector.runner", "message": "snapshot cycle complete", "context": {"mt5_connected": true, "open_positions": 0, "push_ok": true}}
========================================================================
CONNECTION STATUS: UP | broker link: UP | server: MetaQuotes-Demo
ACCOUNT INFO
  login:    5055783885
  server:   MetaQuotes-Demo
  currency: EUR
  balance:  50000.0
  equity:   50000.0
  margin:   0.0  free: 50000.0  level: 0.0
  profit (floating): 0.0
  leverage: 1:100
  trade_allowed: True
OPEN POSITIONS: none
BACKEND PUSH: ok
========================================================================
{"timestamp": "2026-09-15T09:02:04.032508+00:00", "level": "INFO", "logger": "collector.runner", "message": "snapshot cycle complete", "context": {"mt5_connected": true, "open_positions": 0, "push_ok": true}}
========================================================================
CONNECTION STATUS: UP | broker link: UP | server: MetaQuotes-Demo
ACCOUNT INFO
  login:    5055783885
  server:   MetaQuotes-Demo
  currency: EUR
  balance:  50000.0
  equity:   50000.0
  margin:   0.0  free: 50000.0  level: 0.0
  profit (floating): 0.0
  leverage: 1:100
  trade_allowed: True
OPEN POSITIONS: none
BACKEND PUSH: ok
========================================================================
{"timestamp": "2026-09-15T09:02:14.193360+00:00", "level": "INFO", "logger": "collector.runner", "message": "snapshot cycle complete", "context": {"mt5_connected": true, "open_positions": 0, "push_ok": true}}
{"timestamp": "2026-09-15T09:02:14.416451+00:00", "level": "INFO", "logger": "collector.runner", "message": "trade sync pushed", "context": {"date_from": "2026-09-15T08:56:13.196000+00:00", "deals_sent": 0, "trades_created": 0, "trades_updated": 0}}
RECENT DEALS (last 90d): none
========================================================================
CONNECTION STATUS: UP | broker link: UP | server: MetaQuotes-Demo
ACCOUNT INFO
  login:    5055783885
  server:   MetaQuotes-Demo
  currency: EUR
  balance:  50000.0
  equity:   50000.0
  margin:   0.0  free: 50000.0  level: 0.0
  profit (floating): 0.0
  leverage: 1:100
  trade_allowed: True
OPEN POSITIONS: none
BACKEND PUSH: ok
========================================================================
{"timestamp": "2026-09-15T09:02:24.565148+00:00", "level": "INFO", "logger": "collector.runner", "message": "snapshot cycle complete", "context": {"mt5_connected": true, "open_positions": 0, "push_ok": true}}
========================================================================
CONNECTION STATUS: UP | broker link: UP | server: MetaQuotes-Demo
ACCOUNT INFO
  login:    5055783885
  server:   MetaQuotes-Demo
  currency: EUR
  balance:  50000.0
  equity:   50000.0
  margin:   0.0  free: 50000.0  level: 0.0
  profit (floating): 0.0
  leverage: 1:100
  trade_allowed: True
OPEN POSITIONS: none
BACKEND PUSH: ok
========================================================================
{"timestamp": "2026-09-15T09:02:34.731131+00:00", "level": "INFO", "logger": "collector.runner", "message": "snapshot cycle complete", "context": {"mt5_connected": true, "open_positions": 0, "push_ok": true}}
========================================================================
CONNECTION STATUS: UP | broker link: UP | server: MetaQuotes-Demo
ACCOUNT INFO
  login:    5055783885
  server:   MetaQuotes-Demo
  currency: EUR
  balance:  50000.0
  equity:   50000.0
  margin:   0.0  free: 50000.0  level: 0.0
  profit (floating): 0.0
  leverage: 1:100
  trade_allowed: True
OPEN POSITIONS: none
BACKEND PUSH: ok
========================================================================
{"timestamp": "2026-09-15T09:02:44.870445+00:00", "level": "INFO", "logger": "collector.runner", "message": "snapshot cycle complete", "context": {"mt5_connected": true, "open_positions": 0, "push_ok": true}}
========================================================================
CONNECTION STATUS: UP | broker link: UP | server: MetaQuotes-Demo
ACCOUNT INFO
  login:    5055783885
  server:   MetaQuotes-Demo
  currency: EUR
  balance:  50000.0
  equity:   50000.0
  margin:   0.0  free: 50000.0  level: 0.0
  profit (floating): 0.0
  leverage: 1:100
  trade_allowed: True
OPEN POSITIONS: none
BACKEND PUSH: ok
========================================================================
{"timestamp": "2026-09-15T09:02:55.001000+00:00", "level": "INFO", "logger": "collector.runner", "message": "snapshot cycle complete", "context": {"mt5_connected": true, "open_positions": 0, "push_ok": true}}
========================================================================
CONNECTION STATUS: UP | broker link: UP | server: MetaQuotes-Demo
ACCOUNT INFO
  login:    5055783885
  server:   MetaQuotes-Demo
  currency: EUR
  balance:  50000.0
  equity:   50000.0
  margin:   0.0  free: 50000.0  level: 0.0
  profit (floating): 0.0
  leverage: 1:100
  trade_allowed: True
OPEN POSITIONS: none
BACKEND PUSH: ok
========================================================================
{"timestamp": "2026-09-15T09:03:05.140224+00:00", "level": "INFO", "logger": "collector.runner", "message": "snapshot cycle complete", "context": {"mt5_connected": true, "open_positions": 0, "push_ok": true}}
========================================================================
CONNECTION STATUS: UP | broker link: UP | server: MetaQuotes-Demo
ACCOUNT INFO
  login:    5055783885
  server:   MetaQuotes-Demo
  currency: EUR
  balance:  50000.0
  equity:   50000.0
  margin:   0.0  free: 50000.0  level: 0.0
  profit (floating): 0.0
  leverage: 1:100
  trade_allowed: True
OPEN POSITIONS: none
BACKEND PUSH: ok
========================================================================
{"timestamp": "2026-09-15T09:03:15.272125+00:00", "level": "INFO", "logger": "collector.runner", "message": "snapshot cycle complete", "context": {"mt5_connected": true, "open_positions": 0, "push_ok": true}}
{"timestamp": "2026-09-15T09:03:15.462297+00:00", "level": "INFO", "logger": "collector.runner", "message": "trade sync pushed", "context": {"date_from": "2026-09-15T08:57:14.407000+00:00", "deals_sent": 0, "trades_created": 0, "trades_updated": 0}}
RECENT DEALS (last 90d): none
========================================================================
CONNECTION STATUS: UP | broker link: UP | server: MetaQuotes-Demo
ACCOUNT INFO
  login:    5055783885
  server:   MetaQuotes-Demo
  currency: EUR
  balance:  50000.0
  equity:   50000.0
  margin:   0.0  free: 50000.0  level: 0.0
  profit (floating): 0.0
  leverage: 1:100
  trade_allowed: True
OPEN POSITIONS: none
BACKEND PUSH: ok
========================================================================
{"timestamp": "2026-09-15T09:03:25.610860+00:00", "level": "INFO", "logger": "collector.runner", "message": "snapshot cycle complete", "context": {"mt5_connected": true, "open_positions": 0, "push_ok": true}}
========================================================================
CONNECTION STATUS: UP | broker link: UP | server: MetaQuotes-Demo
ACCOUNT INFO
  login:    5055783885
  server:   MetaQuotes-Demo
  currency: EUR
  balance:  50000.0
  equity:   50000.0
  margin:   0.0  free: 50000.0  level: 0.0
  profit (floating): 0.0
  leverage: 1:100
  trade_allowed: True
OPEN POSITIONS: none
BACKEND PUSH: ok
========================================================================
{"timestamp": "2026-09-15T09:03:35.760353+00:00", "level": "INFO", "logger": "collector.runner", "message": "snapshot cycle complete", "context": {"mt5_connected": true, "open_positions": 0, "push_ok": true}}
========================================================================
CONNECTION STATUS: UP | broker link: UP | server: MetaQuotes-Demo
ACCOUNT INFO
  login:    5055783885
  server:   MetaQuotes-Demo
  currency: EUR
  balance:  50000.0
  equity:   50000.0
  margin:   0.0  free: 50000.0  level: 0.0
  profit (floating): 0.0
  leverage: 1:100
  trade_allowed: True
OPEN POSITIONS: none
BACKEND PUSH: ok
========================================================================
{"timestamp": "2026-09-15T09:03:45.895021+00:00", "level": "INFO", "logger": "collector.runner", "message": "snapshot cycle complete", "context": {"mt5_connected": true, "open_positions": 0, "push_ok": true}}
========================================================================
CONNECTION STATUS: UP | broker link: UP | server: MetaQuotes-Demo
ACCOUNT INFO
  login:    5055783885
  server:   MetaQuotes-Demo
  currency: EUR
  balance:  50000.0
  equity:   50000.0
  margin:   0.0  free: 50000.0  level: 0.0
  profit (floating): 0.0
  leverage: 1:100
  trade_allowed: True
OPEN POSITIONS: none
BACKEND PUSH: ok
========================================================================
{"timestamp": "2026-09-15T09:03:56.047858+00:00", "level": "INFO", "logger": "collector.runner", "message": "snapshot cycle complete", "context": {"mt5_connected": true, "open_positions": 0, "push_ok": true}}
========================================================================
CONNECTION STATUS: UP | broker link: UP | server: MetaQuotes-Demo
ACCOUNT INFO
  login:    5055783885
  server:   MetaQuotes-Demo
  currency: EUR
  balance:  50000.0
  equity:   50000.0
  margin:   0.0  free: 50000.0  level: 0.0
  profit (floating): 0.0
  leverage: 1:100
  trade_allowed: True
OPEN POSITIONS: none
BACKEND PUSH: ok
========================================================================
{"timestamp": "2026-09-15T09:04:06.203650+00:00", "level": "INFO", "logger": "collector.runner", "message": "snapshot cycle complete", "context": {"mt5_connected": true, "open_positions": 0, "push_ok": true}}
{"timestamp": "2026-09-15T09:04:06.299071+00:00", "level": "INFO", "logger": "collector.runner", "message": "candle sync (incremental)", "context": {"symbol": "EURUSD", "timeframe": "M5", "date_from": "2026-09-15T09:25:00+00:00"}}
{"timestamp": "2026-09-15T09:04:06.416998+00:00", "level": "INFO", "logger": "collector.runner", "message": "candle sync (incremental)", "context": {"symbol": "EURUSD", "timeframe": "M15", "date_from": "2026-09-15T08:45:00+00:00"}}
{"timestamp": "2026-09-15T09:04:06.541402+00:00", "level": "INFO", "logger": "collector.runner", "message": "candle batch pushed", "context": {"symbol": "EURUSD", "timeframe": "M15", "batch_size": 1, "upserted": 1}}
{"timestamp": "2026-09-15T09:04:06.630634+00:00", "level": "INFO", "logger": "collector.runner", "message": "candle sync (incremental)", "context": {"symbol": "EURUSD", "timeframe": "H1", "date_from": "2026-09-15T07:00:00+00:00"}}
{"timestamp": "2026-09-15T09:04:06.736104+00:00", "level": "INFO", "logger": "collector.runner", "message": "candle batch pushed", "context": {"symbol": "EURUSD", "timeframe": "H1", "batch_size": 2, "upserted": 2}}
{"timestamp": "2026-09-15T09:04:06.859294+00:00", "level": "INFO", "logger": "collector.runner", "message": "candle sync (incremental)", "context": {"symbol": "EURUSD", "timeframe": "M30", "date_from": "2026-09-15T09:00:00+00:00"}}
{"timestamp": "2026-09-15T09:04:06.978759+00:00", "level": "INFO", "logger": "collector.runner", "message": "candle sync (incremental)", "context": {"symbol": "EURUSD", "timeframe": "H4", "date_from": "2026-09-14T16:00:00+00:00"}}
{"timestamp": "2026-09-15T09:04:07.122688+00:00", "level": "INFO", "logger": "collector.runner", "message": "candle batch pushed", "context": {"symbol": "EURUSD", "timeframe": "H4", "batch_size": 4, "upserted": 4}}
{"timestamp": "2026-09-15T09:04:07.248019+00:00", "level": "INFO", "logger": "collector.runner", "message": "candle sync (incremental)", "context": {"symbol": "EURUSD", "timeframe": "D1", "date_from": "2026-09-11T00:00:00+00:00"}}
{"timestamp": "2026-09-15T09:04:07.376775+00:00", "level": "INFO", "logger": "collector.runner", "message": "candle batch pushed", "context": {"symbol": "EURUSD", "timeframe": "D1", "batch_size": 1, "upserted": 1}}
{"timestamp": "2026-09-15T09:04:07.541911+00:00", "level": "INFO", "logger": "collector.runner", "message": "candle sync (incremental)", "context": {"symbol": "EURUSD", "timeframe": "W1", "date_from": "2026-08-16T00:00:00+00:00"}}
{"timestamp": "2026-09-15T09:04:07.682651+00:00", "level": "INFO", "logger": "collector.runner", "message": "candle batch pushed", "context": {"symbol": "EURUSD", "timeframe": "W1", "batch_size": 3, "upserted": 3}}
{"timestamp": "2026-09-15T09:04:07.775895+00:00", "level": "INFO", "logger": "collector.runner", "message": "candle sync (incremental)", "context": {"symbol": "EURUSD", "timeframe": "MN1", "date_from": "2026-04-30T00:00:00+00:00"}}
{"timestamp": "2026-09-15T09:04:07.895760+00:00", "level": "INFO", "logger": "collector.runner", "message": "candle batch pushed", "context": {"symbol": "EURUSD", "timeframe": "MN1", "batch_size": 4, "upserted": 4}}
{"timestamp": "2026-09-15T09:04:07.985486+00:00", "level": "INFO", "logger": "collector.runner", "message": "candle sync (incremental)", "context": {"symbol": "XAUUSD", "timeframe": "M1", "date_from": "2026-09-15T09:42:00+00:00"}}
{"timestamp": "2026-09-15T09:04:08.086566+00:00", "level": "INFO", "logger": "collector.runner", "message": "candle sync (incremental)", "context": {"symbol": "XAUUSD", "timeframe": "M5", "date_from": "2026-09-15T09:25:00+00:00"}}
{"timestamp": "2026-09-15T09:04:08.225537+00:00", "level": "INFO", "logger": "collector.runner", "message": "candle sync (incremental)", "context": {"symbol": "XAUUSD", "timeframe": "M15", "date_from": "2026-09-15T08:45:00+00:00"}}
{"timestamp": "2026-09-15T09:04:08.346192+00:00", "level": "INFO", "logger": "collector.runner", "message": "candle batch pushed", "context": {"symbol": "XAUUSD", "timeframe": "M15", "batch_size": 1, "upserted": 1}}
{"timestamp": "2026-09-15T09:04:08.447277+00:00", "level": "INFO", "logger": "collector.runner", "message": "candle sync (incremental)", "context": {"symbol": "XAUUSD", "timeframe": "M30", "date_from": "2026-09-15T09:00:00+00:00"}}
{"timestamp": "2026-09-15T09:04:08.580201+00:00", "level": "INFO", "logger": "collector.runner", "message": "candle sync (incremental)", "context": {"symbol": "XAUUSD", "timeframe": "H1", "date_from": "2026-09-15T07:00:00+00:00"}}
{"timestamp": "2026-09-15T09:04:08.696204+00:00", "level": "INFO", "logger": "collector.runner", "message": "candle batch pushed", "context": {"symbol": "XAUUSD", "timeframe": "H1", "batch_size": 2, "upserted": 2}}
{"timestamp": "2026-09-15T09:04:08.804069+00:00", "level": "INFO", "logger": "collector.runner", "message": "candle sync (incremental)", "context": {"symbol": "XAUUSD", "timeframe": "H4", "date_from": "2026-09-14T16:00:00+00:00"}}
{"timestamp": "2026-09-15T09:04:08.933427+00:00", "level": "INFO", "logger": "collector.runner", "message": "candle batch pushed", "context": {"symbol": "XAUUSD", "timeframe": "H4", "batch_size": 4, "upserted": 4}}
{"timestamp": "2026-09-15T09:04:09.025764+00:00", "level": "INFO", "logger": "collector.runner", "message": "candle sync (incremental)", "context": {"symbol": "XAUUSD", "timeframe": "D1", "date_from": "2026-09-11T00:00:00+00:00"}}
{"timestamp": "2026-09-15T09:04:09.126276+00:00", "level": "INFO", "logger": "collector.runner", "message": "candle batch pushed", "context": {"symbol": "XAUUSD", "timeframe": "D1", "batch_size": 1, "upserted": 1}}
========================================================================
CONNECTION STATUS: UP | broker link: UP | server: MetaQuotes-Demo
ACCOUNT INFO
  login:    5055783885
  server:   MetaQuotes-Demo
  currency: EUR
  balance:  50000.0
  equity:   50000.0
  margin:   0.0  free: 50000.0  level: 0.0
  profit (floating): 0.0
  leverage: 1:100
  trade_allowed: True
OPEN POSITIONS: none
BACKEND PUSH: ok
========================================================================
{"timestamp": "2026-09-15T09:04:19.302394+00:00", "level": "INFO", "logger": "collector.runner", "message": "snapshot cycle complete", "context": {"mt5_connected": true, "open_positions": 0, "push_ok": true}}
{"timestamp": "2026-09-15T09:04:19.550518+00:00", "level": "INFO", "logger": "collector.runner", "message": "trade sync pushed", "context": {"date_from": "2026-09-15T08:58:15.455000+00:00", "deals_sent": 0, "trades_created": 0, "trades_updated": 0}}
RECENT DEALS (last 90d): none
========================================================================
CONNECTION STATUS: UP | broker link: UP | server: MetaQuotes-Demo
ACCOUNT INFO
  login:    5055783885
  server:   MetaQuotes-Demo
  currency: EUR
  balance:  50000.0
  equity:   50000.0
  margin:   0.0  free: 50000.0  level: 0.0
  profit (floating): 0.0
  leverage: 1:100
  trade_allowed: True
OPEN POSITIONS: none
BACKEND PUSH: ok
========================================================================
{"timestamp": "2026-09-15T09:04:29.751396+00:00", "level": "INFO", "logger": "collector.runner", "message": "snapshot cycle complete", "context": {"mt5_connected": true, "open_positions": 0, "push_ok": true}}
========================================================================
CONNECTION STATUS: UP | broker link: UP | server: MetaQuotes-Demo
ACCOUNT INFO
  login:    5055783885
  server:   MetaQuotes-Demo
  currency: EUR
  balance:  50000.0
  equity:   50000.0
  margin:   0.0  free: 50000.0  level: 0.0
  profit (floating): 0.0
  leverage: 1:100
  trade_allowed: True
OPEN POSITIONS: none
BACKEND PUSH: ok
========================================================================
{"timestamp": "2026-09-15T09:04:39.901046+00:00", "level": "INFO", "logger": "collector.runner", "message": "snapshot cycle complete", "context": {"mt5_connected": true, "open_positions": 0, "push_ok": true}}
========================================================================
CONNECTION STATUS: UP | broker link: UP | server: MetaQuotes-Demo
ACCOUNT INFO
  login:    5055783885
  server:   MetaQuotes-Demo
  currency: EUR
  balance:  50000.0
  equity:   50000.0
  margin:   0.0  free: 50000.0  level: 0.0
  profit (floating): 0.0
  leverage: 1:100
  trade_allowed: True
OPEN POSITIONS: none
BACKEND PUSH: ok
========================================================================
{"timestamp": "2026-09-15T09:04:50.050052+00:00", "level": "INFO", "logger": "collector.runner", "message": "snapshot cycle complete", "context": {"mt5_connected": true, "open_positions": 0, "push_ok": true}}
========================================================================
CONNECTION STATUS: UP | broker link: UP | server: MetaQuotes-Demo
ACCOUNT INFO
  login:    5055783885
  server:   MetaQuotes-Demo
  currency: EUR
  balance:  50000.0
  equity:   50000.0
  margin:   0.0  free: 50000.0  level: 0.0
  profit (floating): 0.0
  leverage: 1:100
  trade_allowed: True
OPEN POSITIONS: none
BACKEND PUSH: ok
========================================================================
{"timestamp": "2026-09-15T09:05:00.226384+00:00", "level": "INFO", "logger": "collector.runner", "message": "snapshot cycle complete", "context": {"mt5_connected": true, "open_positions": 0, "push_ok": true}}
========================================================================
CONNECTION STATUS: UP | broker link: UP | server: MetaQuotes-Demo
ACCOUNT INFO
  login:    5055783885
  server:   MetaQuotes-Demo
  currency: EUR
  balance:  50000.0
  equity:   50000.0
  margin:   0.0  free: 50000.0  level: 0.0
  profit (floating): 0.0
  leverage: 1:100
  trade_allowed: True
OPEN POSITIONS: none
BACKEND PUSH: ok
========================================================================
{"timestamp": "2026-09-15T09:05:10.368527+00:00", "level": "INFO", "logger": "collector.runner", "message": "snapshot cycle complete", "context": {"mt5_connected": true, "open_positions": 0, "push_ok": true}}
========================================================================
CONNECTION STATUS: UP | broker link: UP | server: MetaQuotes-Demo
ACCOUNT INFO
  login:    5055783885
  server:   MetaQuotes-Demo
  currency: EUR
  balance:  50000.0
  equity:   50000.0
  margin:   0.0  free: 50000.0  level: 0.0
  profit (floating): 0.0
  leverage: 1:100
  trade_allowed: True
OPEN POSITIONS: none
BACKEND PUSH: ok
========================================================================
{"timestamp": "2026-09-15T09:05:20.518551+00:00", "level": "INFO", "logger": "collector.runner", "message": "snapshot cycle complete", "context": {"mt5_connected": true, "open_positions": 0, "push_ok": true}}
{"timestamp": "2026-09-15T09:05:20.733895+00:00", "level": "INFO", "logger": "collector.runner", "message": "trade sync pushed", "context": {"date_from": "2026-09-15T08:59:19.542000+00:00", "deals_sent": 0, "trades_created": 0, "trades_updated": 0}}
RECENT DEALS (last 90d): none
========================================================================
CONNECTION STATUS: UP | broker link: UP | server: MetaQuotes-Demo
ACCOUNT INFO
  login:    5055783885
  server:   MetaQuotes-Demo
  currency: EUR
  balance:  50000.0
  equity:   50000.0
  margin:   0.0  free: 50000.0  level: 0.0
  profit (floating): 0.0
  leverage: 1:100
  trade_allowed: True
OPEN POSITIONS: none
BACKEND PUSH: ok
========================================================================
{"timestamp": "2026-09-15T09:05:30.878985+00:00", "level": "INFO", "logger": "collector.runner", "message": "snapshot cycle complete", "context": {"mt5_connected": true, "open_positions": 0, "push_ok": true}}
========================================================================
CONNECTION STATUS: UP | broker link: UP | server: MetaQuotes-Demo
ACCOUNT INFO
  login:    5055783885
  server:   MetaQuotes-Demo
  currency: EUR
  balance:  50000.0
  equity:   50000.0
  margin:   0.0  free: 50000.0  level: 0.0
  profit (floating): 0.0
  leverage: 1:100
  trade_allowed: True
OPEN POSITIONS: none
BACKEND PUSH: ok
========================================================================
{"timestamp": "2026-09-15T09:05:41.028865+00:00", "level": "INFO", "logger": "collector.runner", "message": "snapshot cycle complete", "context": {"mt5_connected": true, "open_positions": 0, "push_ok": true}}
========================================================================
CONNECTION STATUS: UP | broker link: UP | server: MetaQuotes-Demo
ACCOUNT INFO
  login:    5055783885
  server:   MetaQuotes-Demo
  currency: EUR
  balance:  50000.0
  equity:   50000.0
  margin:   0.0  free: 50000.0  level: 0.0
  profit (floating): 0.0
  leverage: 1:100
  trade_allowed: True
OPEN POSITIONS: none
BACKEND PUSH: ok
========================================================================
{"timestamp": "2026-09-15T09:05:51.170519+00:00", "level": "INFO", "logger": "collector.runner", "message": "snapshot cycle complete", "context": {"mt5_connected": true, "open_positions": 0, "push_ok": true}}
========================================================================
CONNECTION STATUS: UP | broker link: UP | server: MetaQuotes-Demo
ACCOUNT INFO
  login:    5055783885
  server:   MetaQuotes-Demo
  currency: EUR
  balance:  50000.0
  equity:   50000.0
  margin:   0.0  free: 50000.0  level: 0.0
  profit (floating): 0.0
  leverage: 1:100
  trade_allowed: True
OPEN POSITIONS: none
BACKEND PUSH: ok
========================================================================
{"timestamp": "2026-09-15T09:06:01.297933+00:00", "level": "INFO", "logger": "collector.runner", "message": "snapshot cycle complete", "context": {"mt5_connected": true, "open_positions": 0, "push_ok": true}}
========================================================================
CONNECTION STATUS: UP | broker link: UP | server: MetaQuotes-Demo
ACCOUNT INFO
  login:    5055783885
  server:   MetaQuotes-Demo
  currency: EUR
  balance:  50000.0
  equity:   50000.0
  margin:   0.0  free: 50000.0  level: 0.0
  profit (floating): 0.0
  leverage: 1:100
  trade_allowed: True
OPEN POSITIONS: none
BACKEND PUSH: ok
========================================================================
{"timestamp": "2026-09-15T09:06:11.454141+00:00", "level": "INFO", "logger": "collector.runner", "message": "snapshot cycle complete", "context": {"mt5_connected": true, "open_positions": 0, "push_ok": true}}
========================================================================
CONNECTION STATUS: UP | broker link: UP | server: MetaQuotes-Demo
ACCOUNT INFO
  login:    5055783885
  server:   MetaQuotes-Demo
  currency: EUR
  balance:  50000.0
  equity:   50000.0
  margin:   0.0  free: 50000.0  level: 0.0
  profit (floating): 0.0
  leverage: 1:100
  trade_allowed: True
OPEN POSITIONS: none
BACKEND PUSH: ok
========================================================================
{"timestamp": "2026-09-15T09:06:21.614736+00:00", "level": "INFO", "logger": "collector.runner", "message": "snapshot cycle complete", "context": {"mt5_connected": true, "open_positions": 0, "push_ok": true}}
{"timestamp": "2026-09-15T09:06:21.846409+00:00", "level": "INFO", "logger": "collector.runner", "message": "trade sync pushed", "context": {"date_from": "2026-09-15T09:00:20.724000+00:00", "deals_sent": 0, "trades_created": 0, "trades_updated": 0}}
RECENT DEALS (last 90d): none
========================================================================
CONNECTION STATUS: UP | broker link: UP | server: MetaQuotes-Demo
ACCOUNT INFO
  login:    5055783885
  server:   MetaQuotes-Demo
  currency: EUR
  balance:  50000.0
  equity:   50000.0
  margin:   0.0  free: 50000.0  level: 0.0
  profit (floating): 0.0
  leverage: 1:100
  trade_allowed: True
OPEN POSITIONS: none
BACKEND PUSH: ok
========================================================================
{"timestamp": "2026-09-15T09:06:31.995105+00:00", "level": "INFO", "logger": "collector.runner", "message": "snapshot cycle complete", "context": {"mt5_connected": true, "open_positions": 0, "push_ok": true}}
========================================================================
CONNECTION STATUS: UP | broker link: UP | server: MetaQuotes-Demo
ACCOUNT INFO
  login:    5055783885
  server:   MetaQuotes-Demo
  currency: EUR
  balance:  50000.0
  equity:   50000.0
  margin:   0.0  free: 50000.0  level: 0.0
  profit (floating): 0.0
  leverage: 1:100
  trade_allowed: True
OPEN POSITIONS: none
BACKEND PUSH: ok
========================================================================
{"timestamp": "2026-09-15T09:06:42.132725+00:00", "level": "INFO", "logger": "collector.runner", "message": "snapshot cycle complete", "context": {"mt5_connected": true, "open_positions": 0, "push_ok": true}}
========================================================================
CONNECTION STATUS: UP | broker link: UP | server: MetaQuotes-Demo
ACCOUNT INFO
  login:    5055783885
  server:   MetaQuotes-Demo
  currency: EUR
  balance:  50000.0
  equity:   50000.0
  margin:   0.0  free: 50000.0  level: 0.0
  profit (floating): 0.0
  leverage: 1:100
  trade_allowed: True
OPEN POSITIONS: none
BACKEND PUSH: ok
========================================================================
{"timestamp": "2026-09-15T09:06:52.316513+00:00", "level": "INFO", "logger": "collector.runner", "message": "snapshot cycle complete", "context": {"mt5_connected": true, "open_positions": 0, "push_ok": true}}
========================================================================
CONNECTION STATUS: UP | broker link: UP | server: MetaQuotes-Demo
ACCOUNT INFO
  login:    5055783885
  server:   MetaQuotes-Demo
  currency: EUR
  balance:  50000.0
  equity:   50000.0
  margin:   0.0  free: 50000.0  level: 0.0
  profit (floating): 0.0
  leverage: 1:100
  trade_allowed: True
OPEN POSITIONS: none
BACKEND PUSH: ok
========================================================================
{"timestamp": "2026-09-15T09:07:02.453349+00:00", "level": "INFO", "logger": "collector.runner", "message": "snapshot cycle complete", "context": {"mt5_connected": true, "open_positions": 0, "push_ok": true}}
========================================================================
CONNECTION STATUS: UP | broker link: UP | server: MetaQuotes-Demo
ACCOUNT INFO
  login:    5055783885
  server:   MetaQuotes-Demo
  currency: EUR
  balance:  50000.0
  equity:   50000.0
  margin:   0.0  free: 50000.0  level: 0.0
  profit (floating): 0.0
  leverage: 1:100
  trade_allowed: True
OPEN POSITIONS: none
BACKEND PUSH: ok
========================================================================
{"timestamp": "2026-09-15T09:07:12.589108+00:00", "level": "INFO", "logger": "collector.runner", "message": "snapshot cycle complete", "context": {"mt5_connected": true, "open_positions": 0, "push_ok": true}}
========================================================================
CONNECTION STATUS: UP | broker link: UP | server: MetaQuotes-Demo
ACCOUNT INFO
  login:    5055783885
  server:   MetaQuotes-Demo
  currency: EUR
  balance:  50000.0
  equity:   50000.0
  margin:   0.0  free: 50000.0  level: 0.0
  profit (floating): 0.0
  leverage: 1:100
  trade_allowed: True
OPEN POSITIONS: none
BACKEND PUSH: ok
========================================================================
{"timestamp": "2026-09-15T09:07:22.746252+00:00", "level": "INFO", "logger": "collector.runner", "message": "snapshot cycle complete", "context": {"mt5_connected": true, "open_positions": 0, "push_ok": true}}
{"timestamp": "2026-09-15T09:07:22.998932+00:00", "level": "INFO", "logger": "collector.runner", "message": "trade sync pushed", "context": {"date_from": "2026-09-15T09:01:21.839000+00:00", "deals_sent": 0, "trades_created": 0, "trades_updated": 0}}
RECENT DEALS (last 90d): none
========================================================================
CONNECTION STATUS: UP | broker link: UP | server: MetaQuotes-Demo
ACCOUNT INFO
  login:    5055783885
  server:   MetaQuotes-Demo
  currency: EUR
  balance:  50000.0
  equity:   50000.0
  margin:   0.0  free: 50000.0  level: 0.0
  profit (floating): 0.0
  leverage: 1:100
  trade_allowed: True
OPEN POSITIONS: none
BACKEND PUSH: ok
========================================================================
{"timestamp": "2026-09-15T09:07:33.176061+00:00", "level": "INFO", "logger": "collector.runner", "message": "snapshot cycle complete", "context": {"mt5_connected": true, "open_positions": 0, "push_ok": true}}
========================================================================
CONNECTION STATUS: UP | broker link: UP | server: MetaQuotes-Demo
ACCOUNT INFO
  login:    5055783885
  server:   MetaQuotes-Demo
  currency: EUR
  balance:  50000.0
  equity:   50000.0
  margin:   0.0  free: 50000.0  level: 0.0
  profit (floating): 0.0
  leverage: 1:100
  trade_allowed: True
OPEN POSITIONS: none
BACKEND PUSH: ok
========================================================================
{"timestamp": "2026-09-15T09:07:43.353384+00:00", "level": "INFO", "logger": "collector.runner", "message": "snapshot cycle complete", "context": {"mt5_connected": true, "open_positions": 0, "push_ok": true}}
========================================================================
CONNECTION STATUS: UP | broker link: UP | server: MetaQuotes-Demo
ACCOUNT INFO
  login:    5055783885
  server:   MetaQuotes-Demo
  currency: EUR
  balance:  50000.0
  equity:   50000.0
  margin:   0.0  free: 50000.0  level: 0.0
  profit (floating): 0.0
  leverage: 1:100
  trade_allowed: True
OPEN POSITIONS: none
BACKEND PUSH: ok
========================================================================
{"timestamp": "2026-09-15T09:07:53.812620+00:00", "level": "INFO", "logger": "collector.runner", "message": "snapshot cycle complete", "context": {"mt5_connected": true, "open_positions": 0, "push_ok": true}}
========================================================================
CONNECTION STATUS: UP | broker link: UP | server: MetaQuotes-Demo
ACCOUNT INFO
  login:    5055783885
  server:   MetaQuotes-Demo
  currency: EUR
  balance:  50000.0
  equity:   50000.0
  margin:   0.0  free: 50000.0  level: 0.0
  profit (floating): 0.0
  leverage: 1:100
  trade_allowed: True
OPEN POSITIONS: none
BACKEND PUSH: ok
========================================================================
{"timestamp": "2026-09-15T09:08:04.030318+00:00", "level": "INFO", "logger": "collector.runner", "message": "snapshot cycle complete", "context": {"mt5_connected": true, "open_positions": 0, "push_ok": true}}
========================================================================
CONNECTION STATUS: UP | broker link: UP | server: MetaQuotes-Demo
ACCOUNT INFO
  login:    5055783885
  server:   MetaQuotes-Demo
  currency: EUR
  balance:  50000.0
  equity:   50000.0
  margin:   0.0  free: 50000.0  level: 0.0
  profit (floating): 0.0
  leverage: 1:100
  trade_allowed: True
OPEN POSITIONS: none
BACKEND PUSH: ok
========================================================================
{"timestamp": "2026-09-15T09:08:14.182509+00:00", "level": "INFO", "logger": "collector.runner", "message": "snapshot cycle complete", "context": {"mt5_connected": true, "open_positions": 0, "push_ok": true}}
========================================================================
CONNECTION STATUS: UP | broker link: UP | server: MetaQuotes-Demo
ACCOUNT INFO
  login:    5055783885
  server:   MetaQuotes-Demo
  currency: EUR
  balance:  50000.0
  equity:   50000.0
  margin:   0.0  free: 50000.0  level: 0.0
  profit (floating): 0.0
  leverage: 1:100
  trade_allowed: True
OPEN POSITIONS: none
BACKEND PUSH: ok
========================================================================
{"timestamp": "2026-09-15T09:08:24.339743+00:00", "level": "INFO", "logger": "collector.runner", "message": "snapshot cycle complete", "context": {"mt5_connected": true, "open_positions": 0, "push_ok": true}}
{"timestamp": "2026-09-15T09:08:24.559904+00:00", "level": "INFO", "logger": "collector.runner", "message": "trade sync pushed", "context": {"date_from": "2026-09-15T09:02:22.986000+00:00", "deals_sent": 0, "trades_created": 0, "trades_updated": 0}}
RECENT DEALS (last 90d): none
========================================================================
CONNECTION STATUS: UP | broker link: UP | server: MetaQuotes-Demo
ACCOUNT INFO
  login:    5055783885
  server:   MetaQuotes-Demo
  currency: EUR
  balance:  50000.0
  equity:   50000.0
  margin:   0.0  free: 50000.0  level: 0.0
  profit (floating): 0.0
  leverage: 1:100
  trade_allowed: True
OPEN POSITIONS: none
BACKEND PUSH: ok
========================================================================
{"timestamp": "2026-09-15T09:08:34.731253+00:00", "level": "INFO", "logger": "collector.runner", "message": "snapshot cycle complete", "context": {"mt5_connected": true, "open_positions": 0, "push_ok": true}}
========================================================================
CONNECTION STATUS: UP | broker link: UP | server: MetaQuotes-Demo
ACCOUNT INFO
  login:    5055783885
  server:   MetaQuotes-Demo
  currency: EUR
  balance:  50000.0
  equity:   50000.0
  margin:   0.0  free: 50000.0  level: 0.0
  profit (floating): 0.0
  leverage: 1:100
  trade_allowed: True
OPEN POSITIONS: none
BACKEND PUSH: ok
========================================================================
{"timestamp": "2026-09-15T09:08:44.895789+00:00", "level": "INFO", "logger": "collector.runner", "message": "snapshot cycle complete", "context": {"mt5_connected": true, "open_positions": 0, "push_ok": true}}
========================================================================
CONNECTION STATUS: UP | broker link: UP | server: MetaQuotes-Demo
ACCOUNT INFO
  login:    5055783885
  server:   MetaQuotes-Demo
  currency: EUR
  balance:  50000.0
  equity:   50000.0
  margin:   0.0  free: 50000.0  level: 0.0
  profit (floating): 0.0
  leverage: 1:100
  trade_allowed: True
OPEN POSITIONS: none
BACKEND PUSH: ok
========================================================================
{"timestamp": "2026-09-15T09:08:55.079579+00:00", "level": "INFO", "logger": "collector.runner", "message": "snapshot cycle complete", "context": {"mt5_connected": true, "open_positions": 0, "push_ok": true}}
========================================================================
CONNECTION STATUS: UP | broker link: UP | server: MetaQuotes-Demo
ACCOUNT INFO
  login:    5055783885
  server:   MetaQuotes-Demo
  currency: EUR
  balance:  50000.0
  equity:   50000.0
  margin:   0.0  free: 50000.0  level: 0.0
  profit (floating): 0.0
  leverage: 1:100
  trade_allowed: True
OPEN POSITIONS: none
BACKEND PUSH: ok
========================================================================
{"timestamp": "2026-09-15T09:09:05.237160+00:00", "level": "INFO", "logger": "collector.runner", "message": "snapshot cycle complete", "context": {"mt5_connected": true, "open_positions": 0, "push_ok": true}}
========================================================================
CONNECTION STATUS: UP | broker link: UP | server: MetaQuotes-Demo
ACCOUNT INFO
  login:    5055783885
  server:   MetaQuotes-Demo
  currency: EUR
  balance:  50000.0
  equity:   50000.0
  margin:   0.0  free: 50000.0  level: 0.0
  profit (floating): 0.0
  leverage: 1:100
  trade_allowed: True
OPEN POSITIONS: none
BACKEND PUSH: ok
========================================================================
{"timestamp": "2026-09-15T09:09:15.407379+00:00", "level": "INFO", "logger": "collector.runner", "message": "snapshot cycle complete", "context": {"mt5_connected": true, "open_positions": 0, "push_ok": true}}
{"timestamp": "2026-09-15T09:09:15.508573+00:00", "level": "INFO", "logger": "collector.runner", "message": "candle sync (incremental)", "context": {"symbol": "EURUSD", "timeframe": "M5", "date_from": "2026-09-15T09:25:00+00:00"}}
{"timestamp": "2026-09-15T09:09:15.620435+00:00", "level": "INFO", "logger": "collector.runner", "message": "candle sync (incremental)", "context": {"symbol": "EURUSD", "timeframe": "M15", "date_from": "2026-09-15T11:00:00+00:00"}}
{"timestamp": "2026-09-15T09:09:15.735421+00:00", "level": "INFO", "logger": "collector.runner", "message": "candle sync (incremental)", "context": {"symbol": "EURUSD", "timeframe": "H1", "date_from": "2026-09-15T08:00:00+00:00"}}
{"timestamp": "2026-09-15T09:09:15.841582+00:00", "level": "INFO", "logger": "collector.runner", "message": "candle batch pushed", "context": {"symbol": "EURUSD", "timeframe": "H1", "batch_size": 1, "upserted": 1}}
{"timestamp": "2026-09-15T09:09:15.943465+00:00", "level": "INFO", "logger": "collector.runner", "message": "candle sync (incremental)", "context": {"symbol": "EURUSD", "timeframe": "M30", "date_from": "2026-09-15T09:00:00+00:00"}}
{"timestamp": "2026-09-15T09:09:16.034356+00:00", "level": "INFO", "logger": "collector.runner", "message": "candle sync (incremental)", "context": {"symbol": "EURUSD", "timeframe": "H4", "date_from": "2026-09-14T20:00:00+00:00"}}
{"timestamp": "2026-09-15T09:09:16.144913+00:00", "level": "INFO", "logger": "collector.runner", "message": "candle batch pushed", "context": {"symbol": "EURUSD", "timeframe": "H4", "batch_size": 3, "upserted": 3}}
{"timestamp": "2026-09-15T09:09:16.237721+00:00", "level": "INFO", "logger": "collector.runner", "message": "candle sync (incremental)", "context": {"symbol": "EURUSD", "timeframe": "D1", "date_from": "2026-09-11T00:00:00+00:00"}}
{"timestamp": "2026-09-15T09:09:16.348660+00:00", "level": "INFO", "logger": "collector.runner", "message": "candle batch pushed", "context": {"symbol": "EURUSD", "timeframe": "D1", "batch_size": 1, "upserted": 1}}
{"timestamp": "2026-09-15T09:09:16.459341+00:00", "level": "INFO", "logger": "collector.runner", "message": "candle sync (incremental)", "context": {"symbol": "EURUSD", "timeframe": "W1", "date_from": "2026-08-16T00:00:00+00:00"}}
{"timestamp": "2026-09-15T09:09:16.563720+00:00", "level": "INFO", "logger": "collector.runner", "message": "candle batch pushed", "context": {"symbol": "EURUSD", "timeframe": "W1", "batch_size": 3, "upserted": 3}}
{"timestamp": "2026-09-15T09:09:16.683102+00:00", "level": "INFO", "logger": "collector.runner", "message": "candle sync (incremental)", "context": {"symbol": "EURUSD", "timeframe": "MN1", "date_from": "2026-04-30T00:00:00+00:00"}}
{"timestamp": "2026-09-15T09:09:16.787362+00:00", "level": "INFO", "logger": "collector.runner", "message": "candle batch pushed", "context": {"symbol": "EURUSD", "timeframe": "MN1", "batch_size": 4, "upserted": 4}}
{"timestamp": "2026-09-15T09:09:16.880786+00:00", "level": "INFO", "logger": "collector.runner", "message": "candle sync (incremental)", "context": {"symbol": "XAUUSD", "timeframe": "M1", "date_from": "2026-09-15T09:42:00+00:00"}}
{"timestamp": "2026-09-15T09:09:16.993705+00:00", "level": "INFO", "logger": "collector.runner", "message": "candle sync (incremental)", "context": {"symbol": "XAUUSD", "timeframe": "M5", "date_from": "2026-09-15T09:25:00+00:00"}}
{"timestamp": "2026-09-15T09:09:17.113733+00:00", "level": "INFO", "logger": "collector.runner", "message": "candle sync (incremental)", "context": {"symbol": "XAUUSD", "timeframe": "M15", "date_from": "2026-09-15T11:00:00+00:00"}}
{"timestamp": "2026-09-15T09:09:17.213979+00:00", "level": "INFO", "logger": "collector.runner", "message": "candle sync (incremental)", "context": {"symbol": "XAUUSD", "timeframe": "M30", "date_from": "2026-09-15T09:00:00+00:00"}}
{"timestamp": "2026-09-15T09:09:17.326490+00:00", "level": "INFO", "logger": "collector.runner", "message": "candle sync (incremental)", "context": {"symbol": "XAUUSD", "timeframe": "H1", "date_from": "2026-09-15T08:00:00+00:00"}}
{"timestamp": "2026-09-15T09:09:17.499234+00:00", "level": "INFO", "logger": "collector.runner", "message": "candle batch pushed", "context": {"symbol": "XAUUSD", "timeframe": "H1", "batch_size": 1, "upserted": 1}}
{"timestamp": "2026-09-15T09:09:17.611756+00:00", "level": "INFO", "logger": "collector.runner", "message": "candle sync (incremental)", "context": {"symbol": "XAUUSD", "timeframe": "H4", "date_from": "2026-09-14T20:00:00+00:00"}}
{"timestamp": "2026-09-15T09:09:17.811602+00:00", "level": "INFO", "logger": "collector.runner", "message": "candle batch pushed", "context": {"symbol": "XAUUSD", "timeframe": "H4", "batch_size": 3, "upserted": 3}}
{"timestamp": "2026-09-15T09:09:17.930726+00:00", "level": "INFO", "logger": "collector.runner", "message": "candle sync (incremental)", "context": {"symbol": "XAUUSD", "timeframe": "D1", "date_from": "2026-09-11T00:00:00+00:00"}}
{"timestamp": "2026-09-15T09:09:18.035168+00:00", "level": "INFO", "logger": "collector.runner", "message": "candle batch pushed", "context": {"symbol": "XAUUSD", "timeframe": "D1", "batch_size": 1, "upserted": 1}}
========================================================================
CONNECTION STATUS: UP | broker link: UP | server: MetaQuotes-Demo
ACCOUNT INFO
  login:    5055783885
  server:   MetaQuotes-Demo
  currency: EUR
  balance:  50000.0
  equity:   50000.0
  margin:   0.0  free: 50000.0  level: 0.0
  profit (floating): 0.0
  leverage: 1:100
  trade_allowed: True
OPEN POSITIONS: none
BACKEND PUSH: ok
========================================================================
{"timestamp": "2026-09-15T09:09:28.160891+00:00", "level": "INFO", "logger": "collector.runner", "message": "snapshot cycle complete", "context": {"mt5_connected": true, "open_positions": 0, "push_ok": true}}
{"timestamp": "2026-09-15T09:09:28.362315+00:00", "level": "INFO", "logger": "collector.runner", "message": "trade sync pushed", "context": {"date_from": "2026-09-15T09:03:24.552000+00:00", "deals_sent": 0, "trades_created": 0, "trades_updated": 0}}
RECENT DEALS (last 90d): none
========================================================================
CONNECTION STATUS: UP | broker link: UP | server: MetaQuotes-Demo
ACCOUNT INFO
  login:    5055783885
  server:   MetaQuotes-Demo
  currency: EUR
  balance:  50000.0
  equity:   50000.0
  margin:   0.0  free: 50000.0  level: 0.0
  profit (floating): 0.0
  leverage: 1:100
  trade_allowed: True
OPEN POSITIONS: none
BACKEND PUSH: ok
========================================================================
{"timestamp": "2026-09-15T09:09:38.565019+00:00", "level": "INFO", "logger": "collector.runner", "message": "snapshot cycle complete", "context": {"mt5_connected": true, "open_positions": 0, "push_ok": true}}
========================================================================
CONNECTION STATUS: UP | broker link: UP | server: MetaQuotes-Demo
ACCOUNT INFO
  login:    5055783885
  server:   MetaQuotes-Demo
  currency: EUR
  balance:  50000.0
  equity:   50000.0
  margin:   0.0  free: 50000.0  level: 0.0
  profit (floating): 0.0
  leverage: 1:100
  trade_allowed: True
OPEN POSITIONS: none
BACKEND PUSH: ok
========================================================================
{"timestamp": "2026-09-15T09:09:48.732060+00:00", "level": "INFO", "logger": "collector.runner", "message": "snapshot cycle complete", "context": {"mt5_connected": true, "open_positions": 0, "push_ok": true}}
========================================================================
CONNECTION STATUS: UP | broker link: UP | server: MetaQuotes-Demo
ACCOUNT INFO
  login:    5055783885
  server:   MetaQuotes-Demo
  currency: EUR
  balance:  50000.0
  equity:   50000.0
  margin:   0.0  free: 50000.0  level: 0.0
  profit (floating): 0.0
  leverage: 1:100
  trade_allowed: True
OPEN POSITIONS: none
BACKEND PUSH: ok
========================================================================
{"timestamp": "2026-09-15T09:09:58.885721+00:00", "level": "INFO", "logger": "collector.runner", "message": "snapshot cycle complete", "context": {"mt5_connected": true, "open_positions": 0, "push_ok": true}}
========================================================================
CONNECTION STATUS: UP | broker link: UP | server: MetaQuotes-Demo
ACCOUNT INFO
  login:    5055783885
  server:   MetaQuotes-Demo
  currency: EUR
  balance:  50000.0
  equity:   50000.0
  margin:   0.0  free: 50000.0  level: 0.0
  profit (floating): 0.0
  leverage: 1:100
  trade_allowed: True
OPEN POSITIONS: none
BACKEND PUSH: ok
========================================================================
{"timestamp": "2026-09-15T09:10:09.040489+00:00", "level": "INFO", "logger": "collector.runner", "message": "snapshot cycle complete", "context": {"mt5_connected": true, "open_positions": 0, "push_ok": true}}
========================================================================
CONNECTION STATUS: UP | broker link: UP | server: MetaQuotes-Demo
ACCOUNT INFO
  login:    5055783885
  server:   MetaQuotes-Demo
  currency: EUR
  balance:  50000.0
  equity:   50000.0
  margin:   0.0  free: 50000.0  level: 0.0
  profit (floating): 0.0
  leverage: 1:100
  trade_allowed: True
OPEN POSITIONS: none
BACKEND PUSH: ok
========================================================================
{"timestamp": "2026-09-15T09:10:19.287281+00:00", "level": "INFO", "logger": "collector.runner", "message": "snapshot cycle complete", "context": {"mt5_connected": true, "open_positions": 0, "push_ok": true}}
========================================================================
CONNECTION STATUS: UP | broker link: UP | server: MetaQuotes-Demo
ACCOUNT INFO
  login:    5055783885
  server:   MetaQuotes-Demo
  currency: EUR
  balance:  50000.0
  equity:   50000.0
  margin:   0.0  free: 50000.0  level: 0.0
  profit (floating): 0.0
  leverage: 1:100
  trade_allowed: True
OPEN POSITIONS: none
BACKEND PUSH: ok
========================================================================
{"timestamp": "2026-09-15T09:10:29.433282+00:00", "level": "INFO", "logger": "collector.runner", "message": "snapshot cycle complete", "context": {"mt5_connected": true, "open_positions": 0, "push_ok": true}}
{"timestamp": "2026-09-15T09:10:29.655663+00:00", "level": "INFO", "logger": "collector.runner", "message": "trade sync pushed", "context": {"date_from": "2026-09-15T09:04:28.354000+00:00", "deals_sent": 0, "trades_created": 0, "trades_updated": 0}}
RECENT DEALS (last 90d): none
========================================================================
CONNECTION STATUS: UP | broker link: UP | server: MetaQuotes-Demo
ACCOUNT INFO
  login:    5055783885
  server:   MetaQuotes-Demo
  currency: EUR
  balance:  50000.0
  equity:   50000.0
  margin:   0.0  free: 50000.0  level: 0.0
  profit (floating): 0.0
  leverage: 1:100
  trade_allowed: True
OPEN POSITIONS: none
BACKEND PUSH: ok
========================================================================
{"timestamp": "2026-09-15T09:10:40.289002+00:00", "level": "INFO", "logger": "collector.runner", "message": "snapshot cycle complete", "context": {"mt5_connected": true, "open_positions": 0, "push_ok": true}}
========================================================================
CONNECTION STATUS: UP | broker link: UP | server: MetaQuotes-Demo
ACCOUNT INFO
  login:    5055783885
  server:   MetaQuotes-Demo
  currency: EUR
  balance:  50000.0
  equity:   50000.0
  margin:   0.0  free: 50000.0  level: 0.0
  profit (floating): 0.0
  leverage: 1:100
  trade_allowed: True
OPEN POSITIONS: none
BACKEND PUSH: ok
========================================================================
{"timestamp": "2026-09-15T09:10:50.435992+00:00", "level": "INFO", "logger": "collector.runner", "message": "snapshot cycle complete", "context": {"mt5_connected": true, "open_positions": 0, "push_ok": true}}
========================================================================
CONNECTION STATUS: UP | broker link: UP | server: MetaQuotes-Demo
ACCOUNT INFO
  login:    5055783885
  server:   MetaQuotes-Demo
  currency: EUR
  balance:  50000.0
  equity:   50000.0
  margin:   0.0  free: 50000.0  level: 0.0
  profit (floating): 0.0
  leverage: 1:100
  trade_allowed: True
OPEN POSITIONS: none
BACKEND PUSH: ok
========================================================================
{"timestamp": "2026-09-15T09:11:00.595440+00:00", "level": "INFO", "logger": "collector.runner", "message": "snapshot cycle complete", "context": {"mt5_connected": true, "open_positions": 0, "push_ok": true}}
========================================================================
CONNECTION STATUS: UP | broker link: UP | server: MetaQuotes-Demo
ACCOUNT INFO
  login:    5055783885
  server:   MetaQuotes-Demo
  currency: EUR
  balance:  50000.0
  equity:   50000.0
  margin:   0.0  free: 50000.0  level: 0.0
  profit (floating): 0.0
  leverage: 1:100
  trade_allowed: True
OPEN POSITIONS: none
BACKEND PUSH: ok
========================================================================
{"timestamp": "2026-09-15T09:11:10.754091+00:00", "level": "INFO", "logger": "collector.runner", "message": "snapshot cycle complete", "context": {"mt5_connected": true, "open_positions": 0, "push_ok": true}}
========================================================================
CONNECTION STATUS: UP | broker link: UP | server: MetaQuotes-Demo
ACCOUNT INFO
  login:    5055783885
  server:   MetaQuotes-Demo
  currency: EUR
  balance:  50000.0
  equity:   50000.0
  margin:   0.0  free: 50000.0  level: 0.0
  profit (floating): 0.0
  leverage: 1:100
  trade_allowed: True
OPEN POSITIONS: none
BACKEND PUSH: ok
========================================================================
{"timestamp": "2026-09-15T09:11:20.894511+00:00", "level": "INFO", "logger": "collector.runner", "message": "snapshot cycle complete", "context": {"mt5_connected": true, "open_positions": 0, "push_ok": true}}
========================================================================
CONNECTION STATUS: UP | broker link: UP | server: MetaQuotes-Demo
ACCOUNT INFO
  login:    5055783885
  server:   MetaQuotes-Demo
  currency: EUR
  balance:  50000.0
  equity:   50000.0
  margin:   0.0  free: 50000.0  level: 0.0
  profit (floating): 0.0
  leverage: 1:100
  trade_allowed: True
OPEN POSITIONS: none
BACKEND PUSH: ok
========================================================================
{"timestamp": "2026-09-15T09:11:31.050203+00:00", "level": "INFO", "logger": "collector.runner", "message": "snapshot cycle complete", "context": {"mt5_connected": true, "open_positions": 0, "push_ok": true}}
{"timestamp": "2026-09-15T09:11:31.302972+00:00", "level": "INFO", "logger": "collector.runner", "message": "trade sync pushed", "context": {"date_from": "2026-09-15T09:05:29.641000+00:00", "deals_sent": 0, "trades_created": 0, "trades_updated": 0}}
RECENT DEALS (last 90d): none
========================================================================
CONNECTION STATUS: UP | broker link: UP | server: MetaQuotes-Demo
ACCOUNT INFO
  login:    5055783885
  server:   MetaQuotes-Demo
  currency: EUR
  balance:  50000.0
  equity:   50000.0
  margin:   0.0  free: 50000.0  level: 0.0
  profit (floating): 0.0
  leverage: 1:100
  trade_allowed: True
OPEN POSITIONS: none
BACKEND PUSH: ok
========================================================================
{"timestamp": "2026-09-15T09:11:41.469679+00:00", "level": "INFO", "logger": "collector.runner", "message": "snapshot cycle complete", "context": {"mt5_connected": true, "open_positions": 0, "push_ok": true}}
========================================================================
CONNECTION STATUS: UP | broker link: UP | server: MetaQuotes-Demo
ACCOUNT INFO
  login:    5055783885
  server:   MetaQuotes-Demo
  currency: EUR
  balance:  50000.0
  equity:   50000.0
  margin:   0.0  free: 50000.0  level: 0.0
  profit (floating): 0.0
  leverage: 1:100
  trade_allowed: True
OPEN POSITIONS: none
BACKEND PUSH: ok
========================================================================
{"timestamp": "2026-09-15T09:11:51.649104+00:00", "level": "INFO", "logger": "collector.runner", "message": "snapshot cycle complete", "context": {"mt5_connected": true, "open_positions": 0, "push_ok": true}}
========================================================================
CONNECTION STATUS: UP | broker link: UP | server: MetaQuotes-Demo
ACCOUNT INFO
  login:    5055783885
  server:   MetaQuotes-Demo
  currency: EUR
  balance:  50000.0
  equity:   50000.0
  margin:   0.0  free: 50000.0  level: 0.0
  profit (floating): 0.0
  leverage: 1:100
  trade_allowed: True
OPEN POSITIONS: none
BACKEND PUSH: ok
========================================================================
{"timestamp": "2026-09-15T09:12:01.780915+00:00", "level": "INFO", "logger": "collector.runner", "message": "snapshot cycle complete", "context": {"mt5_connected": true, "open_positions": 0, "push_ok": true}}
========================================================================
CONNECTION STATUS: UP | broker link: UP | server: MetaQuotes-Demo
ACCOUNT INFO
  login:    5055783885
  server:   MetaQuotes-Demo
  currency: EUR
  balance:  50000.0
  equity:   50000.0
  margin:   0.0  free: 50000.0  level: 0.0
  profit (floating): 0.0
  leverage: 1:100
  trade_allowed: True
OPEN POSITIONS: none
BACKEND PUSH: ok
========================================================================
{"timestamp": "2026-09-15T09:12:11.939862+00:00", "level": "INFO", "logger": "collector.runner", "message": "snapshot cycle complete", "context": {"mt5_connected": true, "open_positions": 0, "push_ok": true}}
========================================================================
CONNECTION STATUS: UP | broker link: UP | server: MetaQuotes-Demo
ACCOUNT INFO
  login:    5055783885
  server:   MetaQuotes-Demo
  currency: EUR
  balance:  50000.0
  equity:   50000.0
  margin:   0.0  free: 50000.0  level: 0.0
  profit (floating): 0.0
  leverage: 1:100
  trade_allowed: True
OPEN POSITIONS: none
BACKEND PUSH: ok
========================================================================
{"timestamp": "2026-09-15T09:12:22.078540+00:00", "level": "INFO", "logger": "collector.runner", "message": "snapshot cycle complete", "context": {"mt5_connected": true, "open_positions": 0, "push_ok": true}}
========================================================================
CONNECTION STATUS: UP | broker link: UP | server: MetaQuotes-Demo
ACCOUNT INFO
  login:    5055783885
  server:   MetaQuotes-Demo
  currency: EUR
  balance:  50000.0
  equity:   50000.0
  margin:   0.0  free: 50000.0  level: 0.0
  profit (floating): 0.0
  leverage: 1:100
  trade_allowed: True
OPEN POSITIONS: none
BACKEND PUSH: ok
========================================================================
{"timestamp": "2026-09-15T09:12:32.221253+00:00", "level": "INFO", "logger": "collector.runner", "message": "snapshot cycle complete", "context": {"mt5_connected": true, "open_positions": 0, "push_ok": true}}
{"timestamp": "2026-09-15T09:12:32.467194+00:00", "level": "INFO", "logger": "collector.runner", "message": "trade sync pushed", "context": {"date_from": "2026-09-15T09:06:31.293000+00:00", "deals_sent": 0, "trades_created": 0, "trades_updated": 0}}
RECENT DEALS (last 90d): none
========================================================================
CONNECTION STATUS: UP | broker link: UP | server: MetaQuotes-Demo
ACCOUNT INFO
  login:    5055783885
  server:   MetaQuotes-Demo
  currency: EUR
  balance:  50000.0
  equity:   50000.0
  margin:   0.0  free: 50000.0  level: 0.0
  profit (floating): 0.0
  leverage: 1:100
  trade_allowed: True
OPEN POSITIONS: none
BACKEND PUSH: ok
========================================================================
{"timestamp": "2026-09-15T09:12:42.634031+00:00", "level": "INFO", "logger": "collector.runner", "message": "snapshot cycle complete", "context": {"mt5_connected": true, "open_positions": 0, "push_ok": true}}
========================================================================
CONNECTION STATUS: UP | broker link: UP | server: MetaQuotes-Demo
ACCOUNT INFO
  login:    5055783885
  server:   MetaQuotes-Demo
  currency: EUR
  balance:  50000.0
  equity:   50000.0
  margin:   0.0  free: 50000.0  level: 0.0
  profit (floating): 0.0
  leverage: 1:100
  trade_allowed: True
OPEN POSITIONS: none
BACKEND PUSH: ok
========================================================================
{"timestamp": "2026-09-15T09:12:52.827904+00:00", "level": "INFO", "logger": "collector.runner", "message": "snapshot cycle complete", "context": {"mt5_connected": true, "open_positions": 0, "push_ok": true}}
========================================================================
CONNECTION STATUS: UP | broker link: UP | server: MetaQuotes-Demo
ACCOUNT INFO
  login:    5055783885
  server:   MetaQuotes-Demo
  currency: EUR
  balance:  50000.0
  equity:   50000.0
  margin:   0.0  free: 50000.0  level: 0.0
  profit (floating): 0.0
  leverage: 1:100
  trade_allowed: True
OPEN POSITIONS: none
BACKEND PUSH: ok
========================================================================
{"timestamp": "2026-09-15T09:13:02.996252+00:00", "level": "INFO", "logger": "collector.runner", "message": "snapshot cycle complete", "context": {"mt5_connected": true, "open_positions": 0, "push_ok": true}}
========================================================================
CONNECTION STATUS: UP | broker link: UP | server: MetaQuotes-Demo
ACCOUNT INFO
  login:    5055783885
  server:   MetaQuotes-Demo
  currency: EUR
  balance:  50000.0
  equity:   50000.0
  margin:   0.0  free: 50000.0  level: 0.0
  profit (floating): 0.0
  leverage: 1:100
  trade_allowed: True
OPEN POSITIONS: none
BACKEND PUSH: ok
========================================================================
{"timestamp": "2026-09-15T09:13:13.141003+00:00", "level": "INFO", "logger": "collector.runner", "message": "snapshot cycle complete", "context": {"mt5_connected": true, "open_positions": 0, "push_ok": true}}
========================================================================
CONNECTION STATUS: UP | broker link: UP | server: MetaQuotes-Demo
ACCOUNT INFO
  login:    5055783885
  server:   MetaQuotes-Demo
  currency: EUR
  balance:  50000.0
  equity:   50000.0
  margin:   0.0  free: 50000.0  level: 0.0
  profit (floating): 0.0
  leverage: 1:100
  trade_allowed: True
OPEN POSITIONS: none
BACKEND PUSH: ok
========================================================================
{"timestamp": "2026-09-15T09:13:23.280119+00:00", "level": "INFO", "logger": "collector.runner", "message": "snapshot cycle complete", "context": {"mt5_connected": true, "open_positions": 0, "push_ok": true}}
========================================================================
CONNECTION STATUS: UP | broker link: UP | server: MetaQuotes-Demo
ACCOUNT INFO
  login:    5055783885
  server:   MetaQuotes-Demo
  currency: EUR
  balance:  50000.0
  equity:   50000.0
  margin:   0.0  free: 50000.0  level: 0.0
  profit (floating): 0.0
  leverage: 1:100
  trade_allowed: True
OPEN POSITIONS: none
BACKEND PUSH: ok
========================================================================
{"timestamp": "2026-09-15T09:13:33.413646+00:00", "level": "INFO", "logger": "collector.runner", "message": "snapshot cycle complete", "context": {"mt5_connected": true, "open_positions": 0, "push_ok": true}}
{"timestamp": "2026-09-15T09:13:33.636796+00:00", "level": "INFO", "logger": "collector.runner", "message": "trade sync pushed", "context": {"date_from": "2026-09-15T09:07:32.458000+00:00", "deals_sent": 0, "trades_created": 0, "trades_updated": 0}}
RECENT DEALS (last 90d): none
========================================================================
CONNECTION STATUS: UP | broker link: UP | server: MetaQuotes-Demo
ACCOUNT INFO
  login:    5055783885
  server:   MetaQuotes-Demo
  currency: EUR
  balance:  50000.0
  equity:   50000.0
  margin:   0.0  free: 50000.0  level: 0.0
  profit (floating): 0.0
  leverage: 1:100
  trade_allowed: True
OPEN POSITIONS: none
BACKEND PUSH: ok
========================================================================
{"timestamp": "2026-09-15T09:13:43.790832+00:00", "level": "INFO", "logger": "collector.runner", "message": "snapshot cycle complete", "context": {"mt5_connected": true, "open_positions": 0, "push_ok": true}}
========================================================================
CONNECTION STATUS: UP | broker link: UP | server: MetaQuotes-Demo
ACCOUNT INFO
  login:    5055783885
  server:   MetaQuotes-Demo
  currency: EUR
  balance:  50000.0
  equity:   50000.0
  margin:   0.0  free: 50000.0  level: 0.0
  profit (floating): 0.0
  leverage: 1:100
  trade_allowed: True
OPEN POSITIONS: none
BACKEND PUSH: ok
========================================================================
{"timestamp": "2026-09-15T09:13:53.969676+00:00", "level": "INFO", "logger": "collector.runner", "message": "snapshot cycle complete", "context": {"mt5_connected": true, "open_positions": 0, "push_ok": true}}
========================================================================
CONNECTION STATUS: UP | broker link: UP | server: MetaQuotes-Demo
ACCOUNT INFO
  login:    5055783885
  server:   MetaQuotes-Demo
  currency: EUR
  balance:  50000.0
  equity:   50000.0
  margin:   0.0  free: 50000.0  level: 0.0
  profit (floating): 0.0
  leverage: 1:100
  trade_allowed: True
OPEN POSITIONS: none
BACKEND PUSH: ok
========================================================================
{"timestamp": "2026-09-15T09:14:04.111233+00:00", "level": "INFO", "logger": "collector.runner", "message": "snapshot cycle complete", "context": {"mt5_connected": true, "open_positions": 0, "push_ok": true}}
========================================================================
CONNECTION STATUS: UP | broker link: UP | server: MetaQuotes-Demo
ACCOUNT INFO
  login:    5055783885
  server:   MetaQuotes-Demo
  currency: EUR
  balance:  50000.0
  equity:   50000.0
  margin:   0.0  free: 50000.0  level: 0.0
  profit (floating): 0.0
  leverage: 1:100
  trade_allowed: True
OPEN POSITIONS: none
BACKEND PUSH: ok
========================================================================
{"timestamp": "2026-09-15T09:14:14.282674+00:00", "level": "INFO", "logger": "collector.runner", "message": "snapshot cycle complete", "context": {"mt5_connected": true, "open_positions": 0, "push_ok": true}}
========================================================================
CONNECTION STATUS: UP | broker link: UP | server: MetaQuotes-Demo
ACCOUNT INFO
  login:    5055783885
  server:   MetaQuotes-Demo
  currency: EUR
  balance:  50000.0
  equity:   50000.0
  margin:   0.0  free: 50000.0  level: 0.0
  profit (floating): 0.0
  leverage: 1:100
  trade_allowed: True
OPEN POSITIONS: none
BACKEND PUSH: ok
========================================================================
{"timestamp": "2026-09-15T09:14:24.448271+00:00", "level": "INFO", "logger": "collector.runner", "message": "snapshot cycle complete", "context": {"mt5_connected": true, "open_positions": 0, "push_ok": true}}
{"timestamp": "2026-09-15T09:14:24.558982+00:00", "level": "INFO", "logger": "collector.runner", "message": "candle sync (incremental)", "context": {"symbol": "EURUSD", "timeframe": "M5", "date_from": "2026-09-15T09:25:00+00:00"}}
{"timestamp": "2026-09-15T09:14:24.670212+00:00", "level": "INFO", "logger": "collector.runner", "message": "candle sync (incremental)", "context": {"symbol": "EURUSD", "timeframe": "M15", "date_from": "2026-09-15T11:00:00+00:00"}}
{"timestamp": "2026-09-15T09:14:24.774272+00:00", "level": "INFO", "logger": "collector.runner", "message": "candle sync (incremental)", "context": {"symbol": "EURUSD", "timeframe": "H1", "date_from": "2026-09-15T08:00:00+00:00"}}
{"timestamp": "2026-09-15T09:14:24.879923+00:00", "level": "INFO", "logger": "collector.runner", "message": "candle batch pushed", "context": {"symbol": "EURUSD", "timeframe": "H1", "batch_size": 1, "upserted": 1}}
{"timestamp": "2026-09-15T09:14:25.001870+00:00", "level": "INFO", "logger": "collector.runner", "message": "candle sync (incremental)", "context": {"symbol": "EURUSD", "timeframe": "M30", "date_from": "2026-09-15T09:00:00+00:00"}}
{"timestamp": "2026-09-15T09:14:25.117430+00:00", "level": "INFO", "logger": "collector.runner", "message": "candle sync (incremental)", "context": {"symbol": "EURUSD", "timeframe": "H4", "date_from": "2026-09-14T20:00:00+00:00"}}
{"timestamp": "2026-09-15T09:14:25.225985+00:00", "level": "INFO", "logger": "collector.runner", "message": "candle batch pushed", "context": {"symbol": "EURUSD", "timeframe": "H4", "batch_size": 3, "upserted": 3}}
{"timestamp": "2026-09-15T09:14:25.331489+00:00", "level": "INFO", "logger": "collector.runner", "message": "candle sync (incremental)", "context": {"symbol": "EURUSD", "timeframe": "D1", "date_from": "2026-09-11T00:00:00+00:00"}}
{"timestamp": "2026-09-15T09:14:25.447477+00:00", "level": "INFO", "logger": "collector.runner", "message": "candle batch pushed", "context": {"symbol": "EURUSD", "timeframe": "D1", "batch_size": 1, "upserted": 1}}
{"timestamp": "2026-09-15T09:14:25.557400+00:00", "level": "INFO", "logger": "collector.runner", "message": "candle sync (incremental)", "context": {"symbol": "EURUSD", "timeframe": "W1", "date_from": "2026-08-16T00:00:00+00:00"}}
{"timestamp": "2026-09-15T09:14:25.665783+00:00", "level": "INFO", "logger": "collector.runner", "message": "candle batch pushed", "context": {"symbol": "EURUSD", "timeframe": "W1", "batch_size": 3, "upserted": 3}}
{"timestamp": "2026-09-15T09:14:25.776000+00:00", "level": "INFO", "logger": "collector.runner", "message": "candle sync (incremental)", "context": {"symbol": "EURUSD", "timeframe": "MN1", "date_from": "2026-04-30T00:00:00+00:00"}}
{"timestamp": "2026-09-15T09:14:25.908131+00:00", "level": "INFO", "logger": "collector.runner", "message": "candle batch pushed", "context": {"symbol": "EURUSD", "timeframe": "MN1", "batch_size": 4, "upserted": 4}}
{"timestamp": "2026-09-15T09:14:26.020069+00:00", "level": "INFO", "logger": "collector.runner", "message": "candle sync (incremental)", "context": {"symbol": "XAUUSD", "timeframe": "M1", "date_from": "2026-09-15T09:42:00+00:00"}}
{"timestamp": "2026-09-15T09:14:26.134255+00:00", "level": "INFO", "logger": "collector.runner", "message": "candle sync (incremental)", "context": {"symbol": "XAUUSD", "timeframe": "M5", "date_from": "2026-09-15T09:25:00+00:00"}}
{"timestamp": "2026-09-15T09:14:26.235797+00:00", "level": "INFO", "logger": "collector.runner", "message": "candle sync (incremental)", "context": {"symbol": "XAUUSD", "timeframe": "M15", "date_from": "2026-09-15T11:00:00+00:00"}}
{"timestamp": "2026-09-15T09:14:26.345072+00:00", "level": "INFO", "logger": "collector.runner", "message": "candle sync (incremental)", "context": {"symbol": "XAUUSD", "timeframe": "M30", "date_from": "2026-09-15T09:00:00+00:00"}}
{"timestamp": "2026-09-15T09:14:26.451008+00:00", "level": "INFO", "logger": "collector.runner", "message": "candle sync (incremental)", "context": {"symbol": "XAUUSD", "timeframe": "H1", "date_from": "2026-09-15T08:00:00+00:00"}}
{"timestamp": "2026-09-15T09:14:26.564200+00:00", "level": "INFO", "logger": "collector.runner", "message": "candle batch pushed", "context": {"symbol": "XAUUSD", "timeframe": "H1", "batch_size": 1, "upserted": 1}}
{"timestamp": "2026-09-15T09:14:26.669169+00:00", "level": "INFO", "logger": "collector.runner", "message": "candle sync (incremental)", "context": {"symbol": "XAUUSD", "timeframe": "H4", "date_from": "2026-09-14T20:00:00+00:00"}}
{"timestamp": "2026-09-15T09:14:26.776664+00:00", "level": "INFO", "logger": "collector.runner", "message": "candle batch pushed", "context": {"symbol": "XAUUSD", "timeframe": "H4", "batch_size": 3, "upserted": 3}}
{"timestamp": "2026-09-15T09:14:26.883504+00:00", "level": "INFO", "logger": "collector.runner", "message": "candle sync (incremental)", "context": {"symbol": "XAUUSD", "timeframe": "D1", "date_from": "2026-09-11T00:00:00+00:00"}}
{"timestamp": "2026-09-15T09:14:26.997025+00:00", "level": "INFO", "logger": "collector.runner", "message": "candle batch pushed", "context": {"symbol": "XAUUSD", "timeframe": "D1", "batch_size": 1, "upserted": 1}}
========================================================================
CONNECTION STATUS: UP | broker link: UP | server: MetaQuotes-Demo
ACCOUNT INFO
  login:    5055783885
  server:   MetaQuotes-Demo
  currency: EUR
  balance:  50000.0
  equity:   50000.0
  margin:   0.0  free: 50000.0  level: 0.0
  profit (floating): 0.0
  leverage: 1:100
  trade_allowed: True
OPEN POSITIONS: none
BACKEND PUSH: ok
========================================================================
{"timestamp": "2026-09-15T09:14:37.152537+00:00", "level": "INFO", "logger": "collector.runner", "message": "snapshot cycle complete", "context": {"mt5_connected": true, "open_positions": 0, "push_ok": true}}
{"timestamp": "2026-09-15T09:14:37.377103+00:00", "level": "INFO", "logger": "collector.runner", "message": "trade sync pushed", "context": {"date_from": "2026-09-15T09:08:33.628000+00:00", "deals_sent": 0, "trades_created": 0, "trades_updated": 0}}
RECENT DEALS (last 90d): none
========================================================================
CONNECTION STATUS: UP | broker link: UP | server: MetaQuotes-Demo
ACCOUNT INFO
  login:    5055783885
  server:   MetaQuotes-Demo
  currency: EUR
  balance:  50000.0
  equity:   50000.0
  margin:   0.0  free: 50000.0  level: 0.0
  profit (floating): 0.0
  leverage: 1:100
  trade_allowed: True
OPEN POSITIONS: none
BACKEND PUSH: ok
========================================================================
{"timestamp": "2026-09-15T09:14:47.525624+00:00", "level": "INFO", "logger": "collector.runner", "message": "snapshot cycle complete", "context": {"mt5_connected": true, "open_positions": 0, "push_ok": true}}
========================================================================
CONNECTION STATUS: UP | broker link: UP | server: MetaQuotes-Demo
ACCOUNT INFO
  login:    5055783885
  server:   MetaQuotes-Demo
  currency: EUR
  balance:  50000.0
  equity:   50000.0
  margin:   0.0  free: 50000.0  level: 0.0
  profit (floating): 0.0
  leverage: 1:100
  trade_allowed: True
OPEN POSITIONS: none
BACKEND PUSH: ok
========================================================================
{"timestamp": "2026-09-15T09:14:57.675794+00:00", "level": "INFO", "logger": "collector.runner", "message": "snapshot cycle complete", "context": {"mt5_connected": true, "open_positions": 0, "push_ok": true}}
========================================================================
CONNECTION STATUS: UP | broker link: UP | server: MetaQuotes-Demo
ACCOUNT INFO
  login:    5055783885
  server:   MetaQuotes-Demo
  currency: EUR
  balance:  50000.0
  equity:   50000.0
  margin:   0.0  free: 50000.0  level: 0.0
  profit (floating): 0.0
  leverage: 1:100
  trade_allowed: True
OPEN POSITIONS: none
BACKEND PUSH: ok
========================================================================
{"timestamp": "2026-09-15T09:15:07.881523+00:00", "level": "INFO", "logger": "collector.runner", "message": "snapshot cycle complete", "context": {"mt5_connected": true, "open_positions": 0, "push_ok": true}}
========================================================================
CONNECTION STATUS: UP | broker link: UP | server: MetaQuotes-Demo
ACCOUNT INFO
  login:    5055783885
  server:   MetaQuotes-Demo
  currency: EUR
  balance:  50000.0
  equity:   50000.0
  margin:   0.0  free: 50000.0  level: 0.0
  profit (floating): 0.0
  leverage: 1:100
  trade_allowed: True
OPEN POSITIONS: none
BACKEND PUSH: ok
========================================================================
{"timestamp": "2026-09-15T09:15:18.098523+00:00", "level": "INFO", "logger": "collector.runner", "message": "snapshot cycle complete", "context": {"mt5_connected": true, "open_positions": 0, "push_ok": true}}
========================================================================
CONNECTION STATUS: UP | broker link: UP | server: MetaQuotes-Demo
ACCOUNT INFO
  login:    5055783885
  server:   MetaQuotes-Demo
  currency: EUR
  balance:  50000.0
  equity:   50000.0
  margin:   0.0  free: 50000.0  level: 0.0
  profit (floating): 0.0
  leverage: 1:100
  trade_allowed: True
OPEN POSITIONS: none
BACKEND PUSH: ok
========================================================================
{"timestamp": "2026-09-15T09:15:28.246921+00:00", "level": "INFO", "logger": "collector.runner", "message": "snapshot cycle complete", "context": {"mt5_connected": true, "open_positions": 0, "push_ok": true}}
========================================================================
CONNECTION STATUS: UP | broker link: UP | server: MetaQuotes-Demo
ACCOUNT INFO
  login:    5055783885
  server:   MetaQuotes-Demo
  currency: EUR
  balance:  50000.0
  equity:   50000.0
  margin:   0.0  free: 50000.0  level: 0.0
  profit (floating): 0.0
  leverage: 1:100
  trade_allowed: True
OPEN POSITIONS: none
BACKEND PUSH: ok
========================================================================
{"timestamp": "2026-09-15T09:15:38.392745+00:00", "level": "INFO", "logger": "collector.runner", "message": "snapshot cycle complete", "context": {"mt5_connected": true, "open_positions": 0, "push_ok": true}}
{"timestamp": "2026-09-15T09:15:38.619503+00:00", "level": "INFO", "logger": "collector.runner", "message": "trade sync pushed", "context": {"date_from": "2026-09-15T09:09:37.369000+00:00", "deals_sent": 0, "trades_created": 0, "trades_updated": 0}}
RECENT DEALS (last 90d): none
========================================================================
CONNECTION STATUS: UP | broker link: UP | server: MetaQuotes-Demo
ACCOUNT INFO
  login:    5055783885
  server:   MetaQuotes-Demo
  currency: EUR
  balance:  50000.0
  equity:   50000.0
  margin:   0.0  free: 50000.0  level: 0.0
  profit (floating): 0.0
  leverage: 1:100
  trade_allowed: True
OPEN POSITIONS: none
BACKEND PUSH: ok
========================================================================
{"timestamp": "2026-09-15T09:15:48.772875+00:00", "level": "INFO", "logger": "collector.runner", "message": "snapshot cycle complete", "context": {"mt5_connected": true, "open_positions": 0, "push_ok": true}}
========================================================================
CONNECTION STATUS: UP | broker link: UP | server: MetaQuotes-Demo
ACCOUNT INFO
  login:    5055783885
  server:   MetaQuotes-Demo
  currency: EUR
  balance:  50000.0
  equity:   50000.0
  margin:   0.0  free: 50000.0  level: 0.0
  profit (floating): 0.0
  leverage: 1:100
  trade_allowed: True
OPEN POSITIONS: none
BACKEND PUSH: ok
========================================================================
{"timestamp": "2026-09-15T09:15:58.938781+00:00", "level": "INFO", "logger": "collector.runner", "message": "snapshot cycle complete", "context": {"mt5_connected": true, "open_positions": 0, "push_ok": true}}
========================================================================
CONNECTION STATUS: UP | broker link: UP | server: MetaQuotes-Demo
ACCOUNT INFO
  login:    5055783885
  server:   MetaQuotes-Demo
  currency: EUR
  balance:  50000.0
  equity:   50000.0
  margin:   0.0  free: 50000.0  level: 0.0
  profit (floating): 0.0
  leverage: 1:100
  trade_allowed: True
OPEN POSITIONS: none
BACKEND PUSH: ok
========================================================================
{"timestamp": "2026-09-15T09:16:09.082961+00:00", "level": "INFO", "logger": "collector.runner", "message": "snapshot cycle complete", "context": {"mt5_connected": true, "open_positions": 0, "push_ok": true}}
========================================================================
CONNECTION STATUS: UP | broker link: UP | server: MetaQuotes-Demo
ACCOUNT INFO
  login:    5055783885
  server:   MetaQuotes-Demo
  currency: EUR
  balance:  50000.0
  equity:   50000.0
  margin:   0.0  free: 50000.0  level: 0.0
  profit (floating): 0.0
  leverage: 1:100
  trade_allowed: True
OPEN POSITIONS: none
BACKEND PUSH: ok
========================================================================
{"timestamp": "2026-09-15T09:16:19.221114+00:00", "level": "INFO", "logger": "collector.runner", "message": "snapshot cycle complete", "context": {"mt5_connected": true, "open_positions": 0, "push_ok": true}}
========================================================================
CONNECTION STATUS: UP | broker link: UP | server: MetaQuotes-Demo
ACCOUNT INFO
  login:    5055783885
  server:   MetaQuotes-Demo
  currency: EUR
  balance:  50000.0
  equity:   50000.0
  margin:   0.0  free: 50000.0  level: 0.0
  profit (floating): 0.0
  leverage: 1:100
  trade_allowed: True
OPEN POSITIONS: none
BACKEND PUSH: ok
========================================================================
{"timestamp": "2026-09-15T09:16:29.390205+00:00", "level": "INFO", "logger": "collector.runner", "message": "snapshot cycle complete", "context": {"mt5_connected": true, "open_positions": 0, "push_ok": true}}
========================================================================
CONNECTION STATUS: UP | broker link: UP | server: MetaQuotes-Demo
ACCOUNT INFO
  login:    5055783885
  server:   MetaQuotes-Demo
  currency: EUR
  balance:  50000.0
  equity:   50000.0
  margin:   0.0  free: 50000.0  level: 0.0
  profit (floating): 0.0
  leverage: 1:100
  trade_allowed: True
OPEN POSITIONS: none
BACKEND PUSH: ok
========================================================================
{"timestamp": "2026-09-15T09:16:39.550099+00:00", "level": "INFO", "logger": "collector.runner", "message": "snapshot cycle complete", "context": {"mt5_connected": true, "open_positions": 0, "push_ok": true}}
{"timestamp": "2026-09-15T09:16:39.782513+00:00", "level": "INFO", "logger": "collector.runner", "message": "trade sync pushed", "context": {"date_from": "2026-09-15T09:10:38.612000+00:00", "deals_sent": 0, "trades_created": 0, "trades_updated": 0}}
RECENT DEALS (last 90d): none
========================================================================
CONNECTION STATUS: UP | broker link: UP | server: MetaQuotes-Demo
ACCOUNT INFO
  login:    5055783885
  server:   MetaQuotes-Demo
  currency: EUR
  balance:  50000.0
  equity:   50000.0
  margin:   0.0  free: 50000.0  level: 0.0
  profit (floating): 0.0
  leverage: 1:100
  trade_allowed: True
OPEN POSITIONS: none
BACKEND PUSH: ok
========================================================================
{"timestamp": "2026-09-15T09:16:49.972491+00:00", "level": "INFO", "logger": "collector.runner", "message": "snapshot cycle complete", "context": {"mt5_connected": true, "open_positions": 0, "push_ok": true}}
========================================================================
CONNECTION STATUS: UP | broker link: UP | server: MetaQuotes-Demo
ACCOUNT INFO
  login:    5055783885
  server:   MetaQuotes-Demo
  currency: EUR
  balance:  50000.0
  equity:   50000.0
  margin:   0.0  free: 50000.0  level: 0.0
  profit (floating): 0.0
  leverage: 1:100
  trade_allowed: True
OPEN POSITIONS: none
BACKEND PUSH: ok
========================================================================
{"timestamp": "2026-09-15T09:17:00.120971+00:00", "level": "INFO", "logger": "collector.runner", "message": "snapshot cycle complete", "context": {"mt5_connected": true, "open_positions": 0, "push_ok": true}}
========================================================================
CONNECTION STATUS: UP | broker link: UP | server: MetaQuotes-Demo
ACCOUNT INFO
  login:    5055783885
  server:   MetaQuotes-Demo
  currency: EUR
  balance:  50000.0
  equity:   50000.0
  margin:   0.0  free: 50000.0  level: 0.0
  profit (floating): 0.0
  leverage: 1:100
  trade_allowed: True
OPEN POSITIONS: none
BACKEND PUSH: ok
========================================================================
{"timestamp": "2026-09-15T09:17:10.261143+00:00", "level": "INFO", "logger": "collector.runner", "message": "snapshot cycle complete", "context": {"mt5_connected": true, "open_positions": 0, "push_ok": true}}
========================================================================
CONNECTION STATUS: UP | broker link: UP | server: MetaQuotes-Demo
ACCOUNT INFO
  login:    5055783885
  server:   MetaQuotes-Demo
  currency: EUR
  balance:  50000.0
  equity:   50000.0
  margin:   0.0  free: 50000.0  level: 0.0
  profit (floating): 0.0
  leverage: 1:100
  trade_allowed: True
OPEN POSITIONS: none
BACKEND PUSH: ok
========================================================================
{"timestamp": "2026-09-15T09:17:20.405362+00:00", "level": "INFO", "logger": "collector.runner", "message": "snapshot cycle complete", "context": {"mt5_connected": true, "open_positions": 0, "push_ok": true}}
========================================================================
CONNECTION STATUS: UP | broker link: UP | server: MetaQuotes-Demo
ACCOUNT INFO
  login:    5055783885
  server:   MetaQuotes-Demo
  currency: EUR
  balance:  50000.0
  equity:   50000.0
  margin:   0.0  free: 50000.0  level: 0.0
  profit (floating): 0.0
  leverage: 1:100
  trade_allowed: True
OPEN POSITIONS: none
BACKEND PUSH: ok
========================================================================
{"timestamp": "2026-09-15T09:17:30.563600+00:00", "level": "INFO", "logger": "collector.runner", "message": "snapshot cycle complete", "context": {"mt5_connected": true, "open_positions": 0, "push_ok": true}}
========================================================================
CONNECTION STATUS: UP | broker link: UP | server: MetaQuotes-Demo
ACCOUNT INFO
  login:    5055783885
  server:   MetaQuotes-Demo
  currency: EUR
  balance:  50000.0
  equity:   50000.0
  margin:   0.0  free: 50000.0  level: 0.0
  profit (floating): 0.0
  leverage: 1:100
  trade_allowed: True
OPEN POSITIONS: none
BACKEND PUSH: ok
========================================================================
{"timestamp": "2026-09-15T09:17:40.719904+00:00", "level": "INFO", "logger": "collector.runner", "message": "snapshot cycle complete", "context": {"mt5_connected": true, "open_positions": 0, "push_ok": true}}
{"timestamp": "2026-09-15T09:17:40.931966+00:00", "level": "INFO", "logger": "collector.runner", "message": "trade sync pushed", "context": {"date_from": "2026-09-15T09:11:39.775000+00:00", "deals_sent": 0, "trades_created": 0, "trades_updated": 0}}
RECENT DEALS (last 90d): none
========================================================================
CONNECTION STATUS: UP | broker link: UP | server: MetaQuotes-Demo
ACCOUNT INFO
  login:    5055783885
  server:   MetaQuotes-Demo
  currency: EUR
  balance:  50000.0
  equity:   50000.0
  margin:   0.0  free: 50000.0  level: 0.0
  profit (floating): 0.0
  leverage: 1:100
  trade_allowed: True
OPEN POSITIONS: none
BACKEND PUSH: ok
========================================================================
{"timestamp": "2026-09-15T09:17:51.111823+00:00", "level": "INFO", "logger": "collector.runner", "message": "snapshot cycle complete", "context": {"mt5_connected": true, "open_positions": 0, "push_ok": true}}
========================================================================
CONNECTION STATUS: UP | broker link: UP | server: MetaQuotes-Demo
ACCOUNT INFO
  login:    5055783885
  server:   MetaQuotes-Demo
  currency: EUR
  balance:  50000.0
  equity:   50000.0
  margin:   0.0  free: 50000.0  level: 0.0
  profit (floating): 0.0
  leverage: 1:100
  trade_allowed: True
OPEN POSITIONS: none
BACKEND PUSH: ok
========================================================================
{"timestamp": "2026-09-15T09:18:01.277577+00:00", "level": "INFO", "logger": "collector.runner", "message": "snapshot cycle complete", "context": {"mt5_connected": true, "open_positions": 0, "push_ok": true}}
========================================================================
CONNECTION STATUS: UP | broker link: UP | server: MetaQuotes-Demo
ACCOUNT INFO
  login:    5055783885
  server:   MetaQuotes-Demo
  currency: EUR
  balance:  50000.0
  equity:   50000.0
  margin:   0.0  free: 50000.0  level: 0.0
  profit (floating): 0.0
  leverage: 1:100
  trade_allowed: True
OPEN POSITIONS: none
BACKEND PUSH: ok
========================================================================
{"timestamp": "2026-09-15T09:18:11.428471+00:00", "level": "INFO", "logger": "collector.runner", "message": "snapshot cycle complete", "context": {"mt5_connected": true, "open_positions": 0, "push_ok": true}}
========================================================================
CONNECTION STATUS: UP | broker link: UP | server: MetaQuotes-Demo
ACCOUNT INFO
  login:    5055783885
  server:   MetaQuotes-Demo
  currency: EUR
  balance:  50000.0
  equity:   50000.0
  margin:   0.0  free: 50000.0  level: 0.0
  profit (floating): 0.0
  leverage: 1:100
  trade_allowed: True
OPEN POSITIONS: none
BACKEND PUSH: ok
========================================================================
{"timestamp": "2026-09-15T09:18:21.574867+00:00", "level": "INFO", "logger": "collector.runner", "message": "snapshot cycle complete", "context": {"mt5_connected": true, "open_positions": 0, "push_ok": true}}
========================================================================
CONNECTION STATUS: UP | broker link: UP | server: MetaQuotes-Demo
ACCOUNT INFO
  login:    5055783885
  server:   MetaQuotes-Demo
  currency: EUR
  balance:  50000.0
  equity:   50000.0
  margin:   0.0  free: 50000.0  level: 0.0
  profit (floating): 0.0
  leverage: 1:100
  trade_allowed: True
OPEN POSITIONS: none
BACKEND PUSH: ok
========================================================================
{"timestamp": "2026-09-15T09:18:31.726733+00:00", "level": "INFO", "logger": "collector.runner", "message": "snapshot cycle complete", "context": {"mt5_connected": true, "open_positions": 0, "push_ok": true}}
========================================================================
CONNECTION STATUS: UP | broker link: UP | server: MetaQuotes-Demo
ACCOUNT INFO
  login:    5055783885
  server:   MetaQuotes-Demo
  currency: EUR
  balance:  50000.0
  equity:   50000.0
  margin:   0.0  free: 50000.0  level: 0.0
  profit (floating): 0.0
  leverage: 1:100
  trade_allowed: True
OPEN POSITIONS: none
BACKEND PUSH: ok
========================================================================
{"timestamp": "2026-09-15T09:18:41.855599+00:00", "level": "INFO", "logger": "collector.runner", "message": "snapshot cycle complete", "context": {"mt5_connected": true, "open_positions": 0, "push_ok": true}}
{"timestamp": "2026-09-15T09:18:42.144650+00:00", "level": "INFO", "logger": "collector.runner", "message": "trade sync pushed", "context": {"date_from": "2026-09-15T09:12:40.925000+00:00", "deals_sent": 0, "trades_created": 0, "trades_updated": 0}}
RECENT DEALS (last 90d): none
========================================================================
CONNECTION STATUS: UP | broker link: UP | server: MetaQuotes-Demo
ACCOUNT INFO
  login:    5055783885
  server:   MetaQuotes-Demo
  currency: EUR
  balance:  50000.0
  equity:   50000.0
  margin:   0.0  free: 50000.0  level: 0.0
  profit (floating): 0.0
  leverage: 1:100
  trade_allowed: True
OPEN POSITIONS: none
BACKEND PUSH: ok
========================================================================
{"timestamp": "2026-09-15T09:18:52.608530+00:00", "level": "INFO", "logger": "collector.runner", "message": "snapshot cycle complete", "context": {"mt5_connected": true, "open_positions": 0, "push_ok": true}}
========================================================================
CONNECTION STATUS: UP | broker link: UP | server: MetaQuotes-Demo
ACCOUNT INFO
  login:    5055783885
  server:   MetaQuotes-Demo
  currency: EUR
  balance:  50000.0
  equity:   50000.0
  margin:   0.0  free: 50000.0  level: 0.0
  profit (floating): 0.0
  leverage: 1:100
  trade_allowed: True
OPEN POSITIONS: none
BACKEND PUSH: ok
========================================================================
{"timestamp": "2026-09-15T09:19:02.816365+00:00", "level": "INFO", "logger": "collector.runner", "message": "snapshot cycle complete", "context": {"mt5_connected": true, "open_positions": 0, "push_ok": true}}
========================================================================
CONNECTION STATUS: UP | broker link: UP | server: MetaQuotes-Demo
ACCOUNT INFO
  login:    5055783885
  server:   MetaQuotes-Demo
  currency: EUR
  balance:  50000.0
  equity:   50000.0
  margin:   0.0  free: 50000.0  level: 0.0
  profit (floating): 0.0
  leverage: 1:100
  trade_allowed: True
OPEN POSITIONS: none
BACKEND PUSH: ok
========================================================================
{"timestamp": "2026-09-15T09:19:13.176516+00:00", "level": "INFO", "logger": "collector.runner", "message": "snapshot cycle complete", "context": {"mt5_connected": true, "open_positions": 0, "push_ok": true}}
========================================================================
CONNECTION STATUS: UP | broker link: UP | server: MetaQuotes-Demo
ACCOUNT INFO
  login:    5055783885
  server:   MetaQuotes-Demo
  currency: EUR
  balance:  50000.0
  equity:   50000.0
  margin:   0.0  free: 50000.0  level: 0.0
  profit (floating): 0.0
  leverage: 1:100
  trade_allowed: True
OPEN POSITIONS: none
BACKEND PUSH: ok
========================================================================
{"timestamp": "2026-09-15T09:19:23.484161+00:00", "level": "INFO", "logger": "collector.runner", "message": "snapshot cycle complete", "context": {"mt5_connected": true, "open_positions": 0, "push_ok": true}}
========================================================================
CONNECTION STATUS: UP | broker link: UP | server: MetaQuotes-Demo
ACCOUNT INFO
  login:    5055783885
  server:   MetaQuotes-Demo
  currency: EUR
  balance:  50000.0
  equity:   50000.0
  margin:   0.0  free: 50000.0  level: 0.0
  profit (floating): 0.0
  leverage: 1:100
  trade_allowed: True
OPEN POSITIONS: none
BACKEND PUSH: ok
========================================================================
{"timestamp": "2026-09-15T09:19:34.208931+00:00", "level": "INFO", "logger": "collector.runner", "message": "snapshot cycle complete", "context": {"mt5_connected": true, "open_positions": 0, "push_ok": true}}
{"timestamp": "2026-09-15T09:19:34.536291+00:00", "level": "INFO", "logger": "collector.runner", "message": "candle sync (incremental)", "context": {"symbol": "EURUSD", "timeframe": "M5", "date_from": "2026-09-15T09:25:00+00:00"}}
{"timestamp": "2026-09-15T09:19:35.286588+00:00", "level": "INFO", "logger": "collector.runner", "message": "candle sync (incremental)", "context": {"symbol": "EURUSD", "timeframe": "M15", "date_from": "2026-09-15T11:00:00+00:00"}}
{"timestamp": "2026-09-15T09:19:35.582781+00:00", "level": "INFO", "logger": "collector.runner", "message": "candle sync (incremental)", "context": {"symbol": "EURUSD", "timeframe": "H1", "date_from": "2026-09-15T08:00:00+00:00"}}
{"timestamp": "2026-09-15T09:19:35.910469+00:00", "level": "INFO", "logger": "collector.runner", "message": "candle batch pushed", "context": {"symbol": "EURUSD", "timeframe": "H1", "batch_size": 1, "upserted": 1}}
{"timestamp": "2026-09-15T09:19:36.131984+00:00", "level": "INFO", "logger": "collector.runner", "message": "candle sync (incremental)", "context": {"symbol": "EURUSD", "timeframe": "M30", "date_from": "2026-09-15T09:00:00+00:00"}}
{"timestamp": "2026-09-15T09:19:36.548880+00:00", "level": "INFO", "logger": "collector.runner", "message": "candle sync (incremental)", "context": {"symbol": "EURUSD", "timeframe": "H4", "date_from": "2026-09-14T20:00:00+00:00"}}
{"timestamp": "2026-09-15T09:19:36.903784+00:00", "level": "INFO", "logger": "collector.runner", "message": "candle batch pushed", "context": {"symbol": "EURUSD", "timeframe": "H4", "batch_size": 3, "upserted": 3}}
{"timestamp": "2026-09-15T09:19:37.047058+00:00", "level": "INFO", "logger": "collector.runner", "message": "candle sync (incremental)", "context": {"symbol": "EURUSD", "timeframe": "D1", "date_from": "2026-09-11T00:00:00+00:00"}}
{"timestamp": "2026-09-15T09:19:37.175228+00:00", "level": "INFO", "logger": "collector.runner", "message": "candle batch pushed", "context": {"symbol": "EURUSD", "timeframe": "D1", "batch_size": 1, "upserted": 1}}
{"timestamp": "2026-09-15T09:19:37.314198+00:00", "level": "INFO", "logger": "collector.runner", "message": "candle sync (incremental)", "context": {"symbol": "EURUSD", "timeframe": "W1", "date_from": "2026-08-16T00:00:00+00:00"}}
{"timestamp": "2026-09-15T09:19:37.436620+00:00", "level": "INFO", "logger": "collector.runner", "message": "candle batch pushed", "context": {"symbol": "EURUSD", "timeframe": "W1", "batch_size": 3, "upserted": 3}}
{"timestamp": "2026-09-15T09:19:37.545439+00:00", "level": "INFO", "logger": "collector.runner", "message": "candle sync (incremental)", "context": {"symbol": "EURUSD", "timeframe": "MN1", "date_from": "2026-04-30T00:00:00+00:00"}}
{"timestamp": "2026-09-15T09:19:37.670094+00:00", "level": "INFO", "logger": "collector.runner", "message": "candle batch pushed", "context": {"symbol": "EURUSD", "timeframe": "MN1", "batch_size": 4, "upserted": 4}}
{"timestamp": "2026-09-15T09:19:37.785551+00:00", "level": "INFO", "logger": "collector.runner", "message": "candle sync (incremental)", "context": {"symbol": "XAUUSD", "timeframe": "M1", "date_from": "2026-09-15T09:42:00+00:00"}}
{"timestamp": "2026-09-15T09:19:37.948594+00:00", "level": "INFO", "logger": "collector.runner", "message": "candle sync (incremental)", "context": {"symbol": "XAUUSD", "timeframe": "M5", "date_from": "2026-09-15T09:25:00+00:00"}}
{"timestamp": "2026-09-15T09:19:38.174116+00:00", "level": "INFO", "logger": "collector.runner", "message": "candle sync (incremental)", "context": {"symbol": "XAUUSD", "timeframe": "M15", "date_from": "2026-09-15T11:00:00+00:00"}}
{"timestamp": "2026-09-15T09:19:38.402861+00:00", "level": "INFO", "logger": "collector.runner", "message": "candle sync (incremental)", "context": {"symbol": "XAUUSD", "timeframe": "M30", "date_from": "2026-09-15T09:00:00+00:00"}}
{"timestamp": "2026-09-15T09:19:38.549099+00:00", "level": "INFO", "logger": "collector.runner", "message": "candle sync (incremental)", "context": {"symbol": "XAUUSD", "timeframe": "H1", "date_from": "2026-09-15T08:00:00+00:00"}}
{"timestamp": "2026-09-15T09:19:38.664840+00:00", "level": "INFO", "logger": "collector.runner", "message": "candle batch pushed", "context": {"symbol": "XAUUSD", "timeframe": "H1", "batch_size": 1, "upserted": 1}}
{"timestamp": "2026-09-15T09:19:38.803842+00:00", "level": "INFO", "logger": "collector.runner", "message": "candle sync (incremental)", "context": {"symbol": "XAUUSD", "timeframe": "H4", "date_from": "2026-09-14T20:00:00+00:00"}}
{"timestamp": "2026-09-15T09:19:38.991616+00:00", "level": "INFO", "logger": "collector.runner", "message": "candle batch pushed", "context": {"symbol": "XAUUSD", "timeframe": "H4", "batch_size": 3, "upserted": 3}}
{"timestamp": "2026-09-15T09:19:39.129773+00:00", "level": "INFO", "logger": "collector.runner", "message": "candle sync (incremental)", "context": {"symbol": "XAUUSD", "timeframe": "D1", "date_from": "2026-09-11T00:00:00+00:00"}}
{"timestamp": "2026-09-15T09:19:39.254260+00:00", "level": "INFO", "logger": "collector.runner", "message": "candle batch pushed", "context": {"symbol": "XAUUSD", "timeframe": "D1", "batch_size": 1, "upserted": 1}}
========================================================================
CONNECTION STATUS: UP | broker link: UP | server: MetaQuotes-Demo
ACCOUNT INFO
  login:    5055783885
  server:   MetaQuotes-Demo
  currency: EUR
  balance:  50000.0
  equity:   50000.0
  margin:   0.0  free: 50000.0  level: 0.0
  profit (floating): 0.0
  leverage: 1:100
  trade_allowed: True
OPEN POSITIONS: none
BACKEND PUSH: ok
========================================================================
{"timestamp": "2026-09-15T09:19:49.428851+00:00", "level": "INFO", "logger": "collector.runner", "message": "snapshot cycle complete", "context": {"mt5_connected": true, "open_positions": 0, "push_ok": true}}
{"timestamp": "2026-09-15T09:19:49.715746+00:00", "level": "INFO", "logger": "collector.runner", "message": "trade sync pushed", "context": {"date_from": "2026-09-15T09:13:42.135000+00:00", "deals_sent": 0, "trades_created": 0, "trades_updated": 0}}
RECENT DEALS (last 90d): none
========================================================================
CONNECTION STATUS: UP | broker link: UP | server: MetaQuotes-Demo
ACCOUNT INFO
  login:    5055783885
  server:   MetaQuotes-Demo
  currency: EUR
  balance:  50000.0
  equity:   50000.0
  margin:   0.0  free: 50000.0  level: 0.0
  profit (floating): 0.0
  leverage: 1:100
  trade_allowed: True
OPEN POSITIONS: none
BACKEND PUSH: ok
========================================================================
{"timestamp": "2026-09-15T09:19:59.888472+00:00", "level": "INFO", "logger": "collector.runner", "message": "snapshot cycle complete", "context": {"mt5_connected": true, "open_positions": 0, "push_ok": true}}
========================================================================
CONNECTION STATUS: UP | broker link: UP | server: MetaQuotes-Demo
ACCOUNT INFO
  login:    5055783885
  server:   MetaQuotes-Demo
  currency: EUR
  balance:  50000.0
  equity:   50000.0
  margin:   0.0  free: 50000.0  level: 0.0
  profit (floating): 0.0
  leverage: 1:100
  trade_allowed: True
OPEN POSITIONS: none
BACKEND PUSH: ok
========================================================================
{"timestamp": "2026-09-15T09:20:10.108378+00:00", "level": "INFO", "logger": "collector.runner", "message": "snapshot cycle complete", "context": {"mt5_connected": true, "open_positions": 0, "push_ok": true}}
========================================================================
CONNECTION STATUS: UP | broker link: UP | server: MetaQuotes-Demo
ACCOUNT INFO
  login:    5055783885
  server:   MetaQuotes-Demo
  currency: EUR
  balance:  50000.0
  equity:   50000.0
  margin:   0.0  free: 50000.0  level: 0.0
  profit (floating): 0.0
  leverage: 1:100
  trade_allowed: True
OPEN POSITIONS: none
BACKEND PUSH: ok
========================================================================
{"timestamp": "2026-09-15T09:20:20.273692+00:00", "level": "INFO", "logger": "collector.runner", "message": "snapshot cycle complete", "context": {"mt5_connected": true, "open_positions": 0, "push_ok": true}}
========================================================================
CONNECTION STATUS: UP | broker link: UP | server: MetaQuotes-Demo
ACCOUNT INFO
  login:    5055783885
  server:   MetaQuotes-Demo
  currency: EUR
  balance:  50000.0
  equity:   50000.0
  margin:   0.0  free: 50000.0  level: 0.0
  profit (floating): 0.0
  leverage: 1:100
  trade_allowed: True
OPEN POSITIONS: none
BACKEND PUSH: ok
========================================================================
{"timestamp": "2026-09-15T09:20:30.833681+00:00", "level": "INFO", "logger": "collector.runner", "message": "snapshot cycle complete", "context": {"mt5_connected": true, "open_positions": 0, "push_ok": true}}
========================================================================
CONNECTION STATUS: UP | broker link: UP | server: MetaQuotes-Demo
ACCOUNT INFO
  login:    5055783885
  server:   MetaQuotes-Demo
  currency: EUR
  balance:  50000.0
  equity:   50000.0
  margin:   0.0  free: 50000.0  level: 0.0
  profit (floating): 0.0
  leverage: 1:100
  trade_allowed: True
OPEN POSITIONS: none
BACKEND PUSH: ok
========================================================================
{"timestamp": "2026-09-15T09:20:41.355067+00:00", "level": "INFO", "logger": "collector.runner", "message": "snapshot cycle complete", "context": {"mt5_connected": true, "open_positions": 0, "push_ok": true}}
========================================================================
CONNECTION STATUS: UP | broker link: UP | server: MetaQuotes-Demo
ACCOUNT INFO
  login:    5055783885
  server:   MetaQuotes-Demo
  currency: EUR
  balance:  50000.0
  equity:   50000.0
  margin:   0.0  free: 50000.0  level: 0.0
  profit (floating): 0.0
  leverage: 1:100
  trade_allowed: True
OPEN POSITIONS: none
BACKEND PUSH: ok
========================================================================
{"timestamp": "2026-09-15T09:20:51.608303+00:00", "level": "INFO", "logger": "collector.runner", "message": "snapshot cycle complete", "context": {"mt5_connected": true, "open_positions": 0, "push_ok": true}}
{"timestamp": "2026-09-15T09:20:52.323603+00:00", "level": "INFO", "logger": "collector.runner", "message": "trade sync pushed", "context": {"date_from": "2026-09-15T09:14:49.707000+00:00", "deals_sent": 0, "trades_created": 0, "trades_updated": 0}}
RECENT DEALS (last 90d): none
========================================================================
CONNECTION STATUS: UP | broker link: UP | server: MetaQuotes-Demo
ACCOUNT INFO
  login:    5055783885
  server:   MetaQuotes-Demo
  currency: EUR
  balance:  50000.0
  equity:   50000.0
  margin:   0.0  free: 50000.0  level: 0.0
  profit (floating): 0.0
  leverage: 1:100
  trade_allowed: True
OPEN POSITIONS: none
BACKEND PUSH: ok
========================================================================
{"timestamp": "2026-09-15T09:21:02.603959+00:00", "level": "INFO", "logger": "collector.runner", "message": "snapshot cycle complete", "context": {"mt5_connected": true, "open_positions": 0, "push_ok": true}}
========================================================================
CONNECTION STATUS: UP | broker link: UP | server: MetaQuotes-Demo
ACCOUNT INFO
  login:    5055783885
  server:   MetaQuotes-Demo
  currency: EUR
  balance:  50000.0
  equity:   50000.0
  margin:   0.0  free: 50000.0  level: 0.0
  profit (floating): 0.0
  leverage: 1:100
  trade_allowed: True
OPEN POSITIONS: none
BACKEND PUSH: ok
========================================================================
{"timestamp": "2026-09-15T09:21:13.065318+00:00", "level": "INFO", "logger": "collector.runner", "message": "snapshot cycle complete", "context": {"mt5_connected": true, "open_positions": 0, "push_ok": true}}
========================================================================
CONNECTION STATUS: UP | broker link: UP | server: MetaQuotes-Demo
ACCOUNT INFO
  login:    5055783885
  server:   MetaQuotes-Demo
  currency: EUR
  balance:  50000.0
  equity:   50000.0
  margin:   0.0  free: 50000.0  level: 0.0
  profit (floating): 0.0
  leverage: 1:100
  trade_allowed: True
OPEN POSITIONS: none
BACKEND PUSH: ok
========================================================================
{"timestamp": "2026-09-15T09:21:23.353278+00:00", "level": "INFO", "logger": "collector.runner", "message": "snapshot cycle complete", "context": {"mt5_connected": true, "open_positions": 0, "push_ok": true}}
========================================================================
CONNECTION STATUS: UP | broker link: UP | server: MetaQuotes-Demo
ACCOUNT INFO
  login:    5055783885
  server:   MetaQuotes-Demo
  currency: EUR
  balance:  50000.0
  equity:   50000.0
  margin:   0.0  free: 50000.0  level: 0.0
  profit (floating): 0.0
  leverage: 1:100
  trade_allowed: True
OPEN POSITIONS: none
BACKEND PUSH: ok
========================================================================
{"timestamp": "2026-09-15T09:21:33.630387+00:00", "level": "INFO", "logger": "collector.runner", "message": "snapshot cycle complete", "context": {"mt5_connected": true, "open_positions": 0, "push_ok": true}}
========================================================================
CONNECTION STATUS: UP | broker link: UP | server: MetaQuotes-Demo
ACCOUNT INFO
  login:    5055783885
  server:   MetaQuotes-Demo
  currency: EUR
  balance:  50000.0
  equity:   50000.0
  margin:   0.0  free: 50000.0  level: 0.0
  profit (floating): 0.0
  leverage: 1:100
  trade_allowed: True
OPEN POSITIONS: none
BACKEND PUSH: ok
========================================================================
{"timestamp": "2026-09-15T09:21:44.043097+00:00", "level": "INFO", "logger": "collector.runner", "message": "snapshot cycle complete", "context": {"mt5_connected": true, "open_positions": 0, "push_ok": true}}
========================================================================
CONNECTION STATUS: UP | broker link: UP | server: MetaQuotes-Demo
ACCOUNT INFO
  login:    5055783885
  server:   MetaQuotes-Demo
  currency: EUR
  balance:  50000.0
  equity:   50000.0
  margin:   0.0  free: 50000.0  level: 0.0
  profit (floating): 0.0
  leverage: 1:100
  trade_allowed: True
OPEN POSITIONS: none
BACKEND PUSH: ok
========================================================================
{"timestamp": "2026-09-15T09:21:54.353040+00:00", "level": "INFO", "logger": "collector.runner", "message": "snapshot cycle complete", "context": {"mt5_connected": true, "open_positions": 0, "push_ok": true}}
{"timestamp": "2026-09-15T09:21:55.303841+00:00", "level": "INFO", "logger": "collector.runner", "message": "trade sync pushed", "context": {"date_from": "2026-09-15T09:15:52.291000+00:00", "deals_sent": 0, "trades_created": 0, "trades_updated": 0}}
RECENT DEALS (last 90d): none
========================================================================
CONNECTION STATUS: UP | broker link: UP | server: MetaQuotes-Demo
ACCOUNT INFO
  login:    5055783885
  server:   MetaQuotes-Demo
  currency: EUR
  balance:  50000.0
  equity:   50000.0
  margin:   0.0  free: 50000.0  level: 0.0
  profit (floating): 0.0
  leverage: 1:100
  trade_allowed: True
OPEN POSITIONS: none
BACKEND PUSH: ok
========================================================================
{"timestamp": "2026-09-15T09:22:05.603723+00:00", "level": "INFO", "logger": "collector.runner", "message": "snapshot cycle complete", "context": {"mt5_connected": true, "open_positions": 0, "push_ok": true}}
========================================================================
CONNECTION STATUS: UP | broker link: UP | server: MetaQuotes-Demo
ACCOUNT INFO
  login:    5055783885
  server:   MetaQuotes-Demo
  currency: EUR
  balance:  50000.0
  equity:   50000.0
  margin:   0.0  free: 50000.0  level: 0.0
  profit (floating): 0.0
  leverage: 1:100
  trade_allowed: True
OPEN POSITIONS: none
BACKEND PUSH: ok
========================================================================
{"timestamp": "2026-09-15T09:22:15.893605+00:00", "level": "INFO", "logger": "collector.runner", "message": "snapshot cycle complete", "context": {"mt5_connected": true, "open_positions": 0, "push_ok": true}}
========================================================================
CONNECTION STATUS: UP | broker link: UP | server: MetaQuotes-Demo
ACCOUNT INFO
  login:    5055783885
  server:   MetaQuotes-Demo
  currency: EUR
  balance:  50000.0
  equity:   50000.0
  margin:   0.0  free: 50000.0  level: 0.0
  profit (floating): 0.0
  leverage: 1:100
  trade_allowed: True
OPEN POSITIONS: none
BACKEND PUSH: ok
========================================================================
{"timestamp": "2026-09-15T09:22:26.205756+00:00", "level": "INFO", "logger": "collector.runner", "message": "snapshot cycle complete", "context": {"mt5_connected": true, "open_positions": 0, "push_ok": true}}
========================================================================
CONNECTION STATUS: UP | broker link: UP | server: MetaQuotes-Demo
ACCOUNT INFO
  login:    5055783885
  server:   MetaQuotes-Demo
  currency: EUR
  balance:  50000.0
  equity:   50000.0
  margin:   0.0  free: 50000.0  level: 0.0
  profit (floating): 0.0
  leverage: 1:100
  trade_allowed: True
OPEN POSITIONS: none
BACKEND PUSH: ok
========================================================================
{"timestamp": "2026-09-15T09:22:36.604175+00:00", "level": "INFO", "logger": "collector.runner", "message": "snapshot cycle complete", "context": {"mt5_connected": true, "open_positions": 0, "push_ok": true}}
========================================================================
CONNECTION STATUS: UP | broker link: UP | server: MetaQuotes-Demo
ACCOUNT INFO
  login:    5055783885
  server:   MetaQuotes-Demo
  currency: EUR
  balance:  50000.0
  equity:   50000.0
  margin:   0.0  free: 50000.0  level: 0.0
  profit (floating): 0.0
  leverage: 1:100
  trade_allowed: True
OPEN POSITIONS: none
BACKEND PUSH: ok
========================================================================
{"timestamp": "2026-09-15T09:22:46.795729+00:00", "level": "INFO", "logger": "collector.runner", "message": "snapshot cycle complete", "context": {"mt5_connected": true, "open_positions": 0, "push_ok": true}}
========================================================================
CONNECTION STATUS: UP | broker link: UP | server: MetaQuotes-Demo
ACCOUNT INFO
  login:    5055783885
  server:   MetaQuotes-Demo
  currency: EUR
  balance:  50000.0
  equity:   50000.0
  margin:   0.0  free: 50000.0  level: 0.0
  profit (floating): 0.0
  leverage: 1:100
  trade_allowed: True
OPEN POSITIONS: none
BACKEND PUSH: ok
========================================================================
{"timestamp": "2026-09-15T09:22:57.596091+00:00", "level": "INFO", "logger": "collector.runner", "message": "snapshot cycle complete", "context": {"mt5_connected": true, "open_positions": 0, "push_ok": true}}
{"timestamp": "2026-09-15T09:22:58.612708+00:00", "level": "INFO", "logger": "collector.runner", "message": "trade sync pushed", "context": {"date_from": "2026-09-15T09:16:55.282000+00:00", "deals_sent": 0, "trades_created": 0, "trades_updated": 0}}
RECENT DEALS (last 90d): none
========================================================================
CONNECTION STATUS: UP | broker link: UP | server: MetaQuotes-Demo
ACCOUNT INFO
  login:    5055783885
  server:   MetaQuotes-Demo
  currency: EUR
  balance:  50000.0
  equity:   50000.0
  margin:   0.0  free: 50000.0  level: 0.0
  profit (floating): 0.0
  leverage: 1:100
  trade_allowed: True
OPEN POSITIONS: none
BACKEND PUSH: ok
========================================================================
{"timestamp": "2026-09-15T09:23:09.547355+00:00", "level": "INFO", "logger": "collector.runner", "message": "snapshot cycle complete", "context": {"mt5_connected": true, "open_positions": 0, "push_ok": true}}
{"timestamp": "2026-09-15T09:23:11.710616+00:00", "level": "WARNING", "logger": "collector.runner", "message": "ongoing tick sync push failed, will retry next cycle", "context": {"symbol": "EURUSD", "error": "POST /collector/ticks returned 500: {\"statusCode\":500,\"message\":\"Internal server error\"}"}}
{"timestamp": "2026-09-15T09:23:13.232054+00:00", "level": "WARNING", "logger": "collector.runner", "message": "ongoing tick sync push failed, will retry next cycle", "context": {"symbol": "XAUUSD", "error": "POST /collector/ticks returned 413: {\"statusCode\":413,\"message\":\"Request body is too large\"}"}}
========================================================================
CONNECTION STATUS: UP | broker link: UP | server: MetaQuotes-Demo
ACCOUNT INFO
  login:    5055783885
  server:   MetaQuotes-Demo
  currency: EUR
  balance:  50000.0
  equity:   50000.0
  margin:   0.0  free: 50000.0  level: 0.0
  profit (floating): 0.0
  leverage: 1:100
  trade_allowed: True
OPEN POSITIONS: none
BACKEND PUSH: ok
========================================================================
{"timestamp": "2026-09-15T09:23:19.980088+00:00", "level": "INFO", "logger": "collector.runner", "message": "snapshot cycle complete", "context": {"mt5_connected": true, "open_positions": 0, "push_ok": true}}
========================================================================
CONNECTION STATUS: UP | broker link: UP | server: MetaQuotes-Demo
ACCOUNT INFO
  login:    5055783885
  server:   MetaQuotes-Demo
  currency: EUR
  balance:  50000.0
  equity:   50000.0
  margin:   0.0  free: 50000.0  level: 0.0
  profit (floating): 0.0
  leverage: 1:100
  trade_allowed: True
OPEN POSITIONS: none
BACKEND PUSH: ok
========================================================================
{"timestamp": "2026-09-15T09:23:30.471225+00:00", "level": "INFO", "logger": "collector.runner", "message": "snapshot cycle complete", "context": {"mt5_connected": true, "open_positions": 0, "push_ok": true}}
========================================================================
CONNECTION STATUS: UP | broker link: UP | server: MetaQuotes-Demo
ACCOUNT INFO
  login:    5055783885
  server:   MetaQuotes-Demo
  currency: EUR
  balance:  50000.0
  equity:   50000.0
  margin:   0.0  free: 50000.0  level: 0.0
  profit (floating): 0.0
  leverage: 1:100
  trade_allowed: True
OPEN POSITIONS: none
BACKEND PUSH: ok
========================================================================
{"timestamp": "2026-09-15T09:23:40.727756+00:00", "level": "INFO", "logger": "collector.runner", "message": "snapshot cycle complete", "context": {"mt5_connected": true, "open_positions": 0, "push_ok": true}}
========================================================================
CONNECTION STATUS: UP | broker link: UP | server: MetaQuotes-Demo
ACCOUNT INFO
  login:    5055783885
  server:   MetaQuotes-Demo
  currency: EUR
  balance:  50000.0
  equity:   50000.0
  margin:   0.0  free: 50000.0  level: 0.0
  profit (floating): 0.0
  leverage: 1:100
  trade_allowed: True
OPEN POSITIONS: none
BACKEND PUSH: ok
========================================================================
{"timestamp": "2026-09-15T09:23:50.908447+00:00", "level": "INFO", "logger": "collector.runner", "message": "snapshot cycle complete", "context": {"mt5_connected": true, "open_positions": 0, "push_ok": true}}
========================================================================
CONNECTION STATUS: UP | broker link: UP | server: MetaQuotes-Demo
ACCOUNT INFO
  login:    5055783885
  server:   MetaQuotes-Demo
  currency: EUR
  balance:  50000.0
  equity:   50000.0
  margin:   0.0  free: 50000.0  level: 0.0
  profit (floating): 0.0
  leverage: 1:100
  trade_allowed: True
OPEN POSITIONS: none
BACKEND PUSH: ok
========================================================================
{"timestamp": "2026-09-15T09:24:01.143988+00:00", "level": "INFO", "logger": "collector.runner", "message": "snapshot cycle complete", "context": {"mt5_connected": true, "open_positions": 0, "push_ok": true}}
{"timestamp": "2026-09-15T09:24:01.467889+00:00", "level": "INFO", "logger": "collector.runner", "message": "trade sync pushed", "context": {"date_from": "2026-09-15T09:17:58.565000+00:00", "deals_sent": 0, "trades_created": 0, "trades_updated": 0}}
RECENT DEALS (last 90d): none
========================================================================
CONNECTION STATUS: UP | broker link: UP | server: MetaQuotes-Demo
ACCOUNT INFO
  login:    5055783885
  server:   MetaQuotes-Demo
  currency: EUR
  balance:  50000.0
  equity:   50000.0
  margin:   0.0  free: 50000.0  level: 0.0
  profit (floating): 0.0
  leverage: 1:100
  trade_allowed: True
OPEN POSITIONS: none
BACKEND PUSH: ok
========================================================================
{"timestamp": "2026-09-15T09:24:11.677382+00:00", "level": "INFO", "logger": "collector.runner", "message": "snapshot cycle complete", "context": {"mt5_connected": true, "open_positions": 0, "push_ok": true}}
========================================================================
CONNECTION STATUS: UP | broker link: UP | server: MetaQuotes-Demo
ACCOUNT INFO
  login:    5055783885
  server:   MetaQuotes-Demo
  currency: EUR
  balance:  50000.0
  equity:   50000.0
  margin:   0.0  free: 50000.0  level: 0.0
  profit (floating): 0.0
  leverage: 1:100
  trade_allowed: True
OPEN POSITIONS: none
BACKEND PUSH: ok
========================================================================
{"timestamp": "2026-09-15T09:24:22.214120+00:00", "level": "INFO", "logger": "collector.runner", "message": "snapshot cycle complete", "context": {"mt5_connected": true, "open_positions": 0, "push_ok": true}}
========================================================================
CONNECTION STATUS: UP | broker link: UP | server: MetaQuotes-Demo
ACCOUNT INFO
  login:    5055783885
  server:   MetaQuotes-Demo
  currency: EUR
  balance:  50000.0
  equity:   50000.0
  margin:   0.0  free: 50000.0  level: 0.0
  profit (floating): 0.0
  leverage: 1:100
  trade_allowed: True
OPEN POSITIONS: none
BACKEND PUSH: ok
========================================================================
{"timestamp": "2026-09-15T09:24:32.413783+00:00", "level": "INFO", "logger": "collector.runner", "message": "snapshot cycle complete", "context": {"mt5_connected": true, "open_positions": 0, "push_ok": true}}
========================================================================
CONNECTION STATUS: UP | broker link: UP | server: MetaQuotes-Demo
ACCOUNT INFO
  login:    5055783885
  server:   MetaQuotes-Demo
  currency: EUR
  balance:  50000.0
  equity:   50000.0
  margin:   0.0  free: 50000.0  level: 0.0
  profit (floating): 0.0
  leverage: 1:100
  trade_allowed: True
OPEN POSITIONS: none
BACKEND PUSH: ok
========================================================================
{"timestamp": "2026-09-15T09:24:43.027043+00:00", "level": "INFO", "logger": "collector.runner", "message": "snapshot cycle complete", "context": {"mt5_connected": true, "open_positions": 0, "push_ok": true}}
{"timestamp": "2026-09-15T09:24:43.278104+00:00", "level": "INFO", "logger": "collector.runner", "message": "candle sync (incremental)", "context": {"symbol": "EURUSD", "timeframe": "M5", "date_from": "2026-09-15T09:25:00+00:00"}}
{"timestamp": "2026-09-15T09:24:43.416359+00:00", "level": "INFO", "logger": "collector.runner", "message": "candle sync (incremental)", "context": {"symbol": "EURUSD", "timeframe": "M15", "date_from": "2026-09-15T11:00:00+00:00"}}
{"timestamp": "2026-09-15T09:24:43.594804+00:00", "level": "INFO", "logger": "collector.runner", "message": "candle sync (incremental)", "context": {"symbol": "EURUSD", "timeframe": "H1", "date_from": "2026-09-15T08:00:00+00:00"}}
{"timestamp": "2026-09-15T09:24:43.738393+00:00", "level": "INFO", "logger": "collector.runner", "message": "candle batch pushed", "context": {"symbol": "EURUSD", "timeframe": "H1", "batch_size": 1, "upserted": 1}}
{"timestamp": "2026-09-15T09:24:43.880504+00:00", "level": "INFO", "logger": "collector.runner", "message": "candle sync (incremental)", "context": {"symbol": "EURUSD", "timeframe": "M30", "date_from": "2026-09-15T09:00:00+00:00"}}
{"timestamp": "2026-09-15T09:24:44.079699+00:00", "level": "INFO", "logger": "collector.runner", "message": "candle sync (incremental)", "context": {"symbol": "EURUSD", "timeframe": "H4", "date_from": "2026-09-14T20:00:00+00:00"}}
{"timestamp": "2026-09-15T09:24:44.250411+00:00", "level": "INFO", "logger": "collector.runner", "message": "candle batch pushed", "context": {"symbol": "EURUSD", "timeframe": "H4", "batch_size": 3, "upserted": 3}}
{"timestamp": "2026-09-15T09:24:44.550441+00:00", "level": "INFO", "logger": "collector.runner", "message": "candle sync (incremental)", "context": {"symbol": "EURUSD", "timeframe": "D1", "date_from": "2026-09-11T00:00:00+00:00"}}
{"timestamp": "2026-09-15T09:24:44.732978+00:00", "level": "INFO", "logger": "collector.runner", "message": "candle batch pushed", "context": {"symbol": "EURUSD", "timeframe": "D1", "batch_size": 1, "upserted": 1}}
{"timestamp": "2026-09-15T09:24:44.892585+00:00", "level": "INFO", "logger": "collector.runner", "message": "candle sync (incremental)", "context": {"symbol": "EURUSD", "timeframe": "W1", "date_from": "2026-08-16T00:00:00+00:00"}}
{"timestamp": "2026-09-15T09:24:45.084670+00:00", "level": "INFO", "logger": "collector.runner", "message": "candle batch pushed", "context": {"symbol": "EURUSD", "timeframe": "W1", "batch_size": 3, "upserted": 3}}
{"timestamp": "2026-09-15T09:24:45.249279+00:00", "level": "INFO", "logger": "collector.runner", "message": "candle sync (incremental)", "context": {"symbol": "EURUSD", "timeframe": "MN1", "date_from": "2026-04-30T00:00:00+00:00"}}
{"timestamp": "2026-09-15T09:24:45.573994+00:00", "level": "INFO", "logger": "collector.runner", "message": "candle batch pushed", "context": {"symbol": "EURUSD", "timeframe": "MN1", "batch_size": 4, "upserted": 4}}
{"timestamp": "2026-09-15T09:24:45.704574+00:00", "level": "INFO", "logger": "collector.runner", "message": "candle sync (incremental)", "context": {"symbol": "XAUUSD", "timeframe": "M1", "date_from": "2026-09-15T09:42:00+00:00"}}
{"timestamp": "2026-09-15T09:24:45.827688+00:00", "level": "INFO", "logger": "collector.runner", "message": "candle sync (incremental)", "context": {"symbol": "XAUUSD", "timeframe": "M5", "date_from": "2026-09-15T09:25:00+00:00"}}
{"timestamp": "2026-09-15T09:24:45.969535+00:00", "level": "INFO", "logger": "collector.runner", "message": "candle sync (incremental)", "context": {"symbol": "XAUUSD", "timeframe": "M15", "date_from": "2026-09-15T11:00:00+00:00"}}
{"timestamp": "2026-09-15T09:24:46.111403+00:00", "level": "INFO", "logger": "collector.runner", "message": "candle sync (incremental)", "context": {"symbol": "XAUUSD", "timeframe": "M30", "date_from": "2026-09-15T09:00:00+00:00"}}
{"timestamp": "2026-09-15T09:24:46.262568+00:00", "level": "INFO", "logger": "collector.runner", "message": "candle sync (incremental)", "context": {"symbol": "XAUUSD", "timeframe": "H1", "date_from": "2026-09-15T08:00:00+00:00"}}
{"timestamp": "2026-09-15T09:24:46.378597+00:00", "level": "INFO", "logger": "collector.runner", "message": "candle batch pushed", "context": {"symbol": "XAUUSD", "timeframe": "H1", "batch_size": 1, "upserted": 1}}
{"timestamp": "2026-09-15T09:24:46.495981+00:00", "level": "INFO", "logger": "collector.runner", "message": "candle sync (incremental)", "context": {"symbol": "XAUUSD", "timeframe": "H4", "date_from": "2026-09-14T20:00:00+00:00"}}
{"timestamp": "2026-09-15T09:24:46.852722+00:00", "level": "INFO", "logger": "collector.runner", "message": "candle batch pushed", "context": {"symbol": "XAUUSD", "timeframe": "H4", "batch_size": 3, "upserted": 3}}
{"timestamp": "2026-09-15T09:24:46.987635+00:00", "level": "INFO", "logger": "collector.runner", "message": "candle sync (incremental)", "context": {"symbol": "XAUUSD", "timeframe": "D1", "date_from": "2026-09-11T00:00:00+00:00"}}
{"timestamp": "2026-09-15T09:24:47.193316+00:00", "level": "INFO", "logger": "collector.runner", "message": "candle batch pushed", "context": {"symbol": "XAUUSD", "timeframe": "D1", "batch_size": 1, "upserted": 1}}
========================================================================
CONNECTION STATUS: UP | broker link: UP | server: MetaQuotes-Demo
ACCOUNT INFO
  login:    5055783885
  server:   MetaQuotes-Demo
  currency: EUR
  balance:  50000.0
  equity:   50000.0
  margin:   0.0  free: 50000.0  level: 0.0
  profit (floating): 0.0
  leverage: 1:100
  trade_allowed: True
OPEN POSITIONS: none
BACKEND PUSH: ok
========================================================================
{"timestamp": "2026-09-15T09:24:57.438204+00:00", "level": "INFO", "logger": "collector.runner", "message": "snapshot cycle complete", "context": {"mt5_connected": true, "open_positions": 0, "push_ok": true}}
========================================================================
CONNECTION STATUS: UP | broker link: UP | server: MetaQuotes-Demo
ACCOUNT INFO
  login:    5055783885
  server:   MetaQuotes-Demo
  currency: EUR
  balance:  50000.0
  equity:   50000.0
  margin:   0.0  free: 50000.0  level: 0.0
  profit (floating): 0.0
  leverage: 1:100
  trade_allowed: True
OPEN POSITIONS: none
BACKEND PUSH: ok
========================================================================
{"timestamp": "2026-09-15T09:25:07.612038+00:00", "level": "INFO", "logger": "collector.runner", "message": "snapshot cycle complete", "context": {"mt5_connected": true, "open_positions": 0, "push_ok": true}}
{"timestamp": "2026-09-15T09:25:07.848111+00:00", "level": "INFO", "logger": "collector.runner", "message": "trade sync pushed", "context": {"date_from": "2026-09-15T09:19:01.442000+00:00", "deals_sent": 0, "trades_created": 0, "trades_updated": 0}}
RECENT DEALS (last 90d): none
========================================================================
CONNECTION STATUS: UP | broker link: UP | server: MetaQuotes-Demo
ACCOUNT INFO
  login:    5055783885
  server:   MetaQuotes-Demo
  currency: EUR
  balance:  50000.0
  equity:   50000.0
  margin:   0.0  free: 50000.0  level: 0.0
  profit (floating): 0.0
  leverage: 1:100
  trade_allowed: True
OPEN POSITIONS: none
BACKEND PUSH: ok
========================================================================
{"timestamp": "2026-09-15T09:25:18.004316+00:00", "level": "INFO", "logger": "collector.runner", "message": "snapshot cycle complete", "context": {"mt5_connected": true, "open_positions": 0, "push_ok": true}}
========================================================================
CONNECTION STATUS: UP | broker link: UP | server: MetaQuotes-Demo
ACCOUNT INFO
  login:    5055783885
  server:   MetaQuotes-Demo
  currency: EUR
  balance:  50000.0
  equity:   50000.0
  margin:   0.0  free: 50000.0  level: 0.0
  profit (floating): 0.0
  leverage: 1:100
  trade_allowed: True
OPEN POSITIONS: none
BACKEND PUSH: ok
========================================================================
{"timestamp": "2026-09-15T09:25:28.772800+00:00", "level": "INFO", "logger": "collector.runner", "message": "snapshot cycle complete", "context": {"mt5_connected": true, "open_positions": 0, "push_ok": true}}
========================================================================
CONNECTION STATUS: UP | broker link: UP | server: MetaQuotes-Demo
ACCOUNT INFO
  login:    5055783885
  server:   MetaQuotes-Demo
  currency: EUR
  balance:  50000.0
  equity:   50000.0
  margin:   0.0  free: 50000.0  level: 0.0
  profit (floating): 0.0
  leverage: 1:100
  trade_allowed: True
OPEN POSITIONS: none
BACKEND PUSH: ok
========================================================================
{"timestamp": "2026-09-15T09:25:39.877318+00:00", "level": "INFO", "logger": "collector.runner", "message": "snapshot cycle complete", "context": {"mt5_connected": true, "open_positions": 0, "push_ok": true}}
========================================================================
CONNECTION STATUS: UP | broker link: UP | server: MetaQuotes-Demo
ACCOUNT INFO
  login:    5055783885
  server:   MetaQuotes-Demo
  currency: EUR
  balance:  50000.0
  equity:   50000.0
  margin:   0.0  free: 50000.0  level: 0.0
  profit (floating): 0.0
  leverage: 1:100
  trade_allowed: True
OPEN POSITIONS: none
BACKEND PUSH: ok
========================================================================
{"timestamp": "2026-09-15T09:25:50.122110+00:00", "level": "INFO", "logger": "collector.runner", "message": "snapshot cycle complete", "context": {"mt5_connected": true, "open_positions": 0, "push_ok": true}}
========================================================================
CONNECTION STATUS: UP | broker link: UP | server: MetaQuotes-Demo
ACCOUNT INFO
  login:    5055783885
  server:   MetaQuotes-Demo
  currency: EUR
  balance:  50000.0
  equity:   50000.0
  margin:   0.0  free: 50000.0  level: 0.0
  profit (floating): 0.0
  leverage: 1:100
  trade_allowed: True
OPEN POSITIONS: none
BACKEND PUSH: ok
========================================================================
{"timestamp": "2026-09-15T09:26:00.289174+00:00", "level": "INFO", "logger": "collector.runner", "message": "snapshot cycle complete", "context": {"mt5_connected": true, "open_positions": 0, "push_ok": true}}
========================================================================
CONNECTION STATUS: UP | broker link: UP | server: MetaQuotes-Demo
ACCOUNT INFO
  login:    5055783885
  server:   MetaQuotes-Demo
  currency: EUR
  balance:  50000.0
  equity:   50000.0
  margin:   0.0  free: 50000.0  level: 0.0
  profit (floating): 0.0
  leverage: 1:100
  trade_allowed: True
OPEN POSITIONS: none
BACKEND PUSH: ok
========================================================================
{"timestamp": "2026-09-15T09:26:10.506253+00:00", "level": "INFO", "logger": "collector.runner", "message": "snapshot cycle complete", "context": {"mt5_connected": true, "open_positions": 0, "push_ok": true}}
{"timestamp": "2026-09-15T09:26:10.778679+00:00", "level": "INFO", "logger": "collector.runner", "message": "trade sync pushed", "context": {"date_from": "2026-09-15T09:20:07.841000+00:00", "deals_sent": 0, "trades_created": 0, "trades_updated": 0}}
RECENT DEALS (last 90d): none
========================================================================
CONNECTION STATUS: UP | broker link: UP | server: MetaQuotes-Demo
ACCOUNT INFO
  login:    5055783885
  server:   MetaQuotes-Demo
  currency: EUR
  balance:  50000.0
  equity:   50000.0
  margin:   0.0  free: 50000.0  level: 0.0
  profit (floating): 0.0
  leverage: 1:100
  trade_allowed: True
OPEN POSITIONS: none
BACKEND PUSH: ok
========================================================================
{"timestamp": "2026-09-15T09:26:20.962643+00:00", "level": "INFO", "logger": "collector.runner", "message": "snapshot cycle complete", "context": {"mt5_connected": true, "open_positions": 0, "push_ok": true}}
========================================================================
CONNECTION STATUS: UP | broker link: UP | server: MetaQuotes-Demo
ACCOUNT INFO
  login:    5055783885
  server:   MetaQuotes-Demo
  currency: EUR
  balance:  50000.0
  equity:   50000.0
  margin:   0.0  free: 50000.0  level: 0.0
  profit (floating): 0.0
  leverage: 1:100
  trade_allowed: True
OPEN POSITIONS: none
BACKEND PUSH: ok
========================================================================
{"timestamp": "2026-09-15T09:26:31.111544+00:00", "level": "INFO", "logger": "collector.runner", "message": "snapshot cycle complete", "context": {"mt5_connected": true, "open_positions": 0, "push_ok": true}}
========================================================================
CONNECTION STATUS: UP | broker link: UP | server: MetaQuotes-Demo
ACCOUNT INFO
  login:    5055783885
  server:   MetaQuotes-Demo
  currency: EUR
  balance:  50000.0
  equity:   50000.0
  margin:   0.0  free: 50000.0  level: 0.0
  profit (floating): 0.0
  leverage: 1:100
  trade_allowed: True
OPEN POSITIONS: none
BACKEND PUSH: ok
========================================================================
{"timestamp": "2026-09-15T09:26:41.266490+00:00", "level": "INFO", "logger": "collector.runner", "message": "snapshot cycle complete", "context": {"mt5_connected": true, "open_positions": 0, "push_ok": true}}
========================================================================
CONNECTION STATUS: UP | broker link: UP | server: MetaQuotes-Demo
ACCOUNT INFO
  login:    5055783885
  server:   MetaQuotes-Demo
  currency: EUR
  balance:  50000.0
  equity:   50000.0
  margin:   0.0  free: 50000.0  level: 0.0
  profit (floating): 0.0
  leverage: 1:100
  trade_allowed: True
OPEN POSITIONS: none
BACKEND PUSH: ok
========================================================================
{"timestamp": "2026-09-15T09:26:51.450517+00:00", "level": "INFO", "logger": "collector.runner", "message": "snapshot cycle complete", "context": {"mt5_connected": true, "open_positions": 0, "push_ok": true}}
========================================================================
CONNECTION STATUS: UP | broker link: UP | server: MetaQuotes-Demo
ACCOUNT INFO
  login:    5055783885
  server:   MetaQuotes-Demo
  currency: EUR
  balance:  50000.0
  equity:   50000.0
  margin:   0.0  free: 50000.0  level: 0.0
  profit (floating): 0.0
  leverage: 1:100
  trade_allowed: True
OPEN POSITIONS: none
BACKEND PUSH: ok
========================================================================
{"timestamp": "2026-09-15T09:27:01.847178+00:00", "level": "INFO", "logger": "collector.runner", "message": "snapshot cycle complete", "context": {"mt5_connected": true, "open_positions": 0, "push_ok": true}}
========================================================================
CONNECTION STATUS: UP | broker link: UP | server: MetaQuotes-Demo
ACCOUNT INFO
  login:    5055783885
  server:   MetaQuotes-Demo
  currency: EUR
  balance:  50000.0
  equity:   50000.0
  margin:   0.0  free: 50000.0  level: 0.0
  profit (floating): 0.0
  leverage: 1:100
  trade_allowed: True
OPEN POSITIONS: none
BACKEND PUSH: ok
========================================================================
{"timestamp": "2026-09-15T09:27:12.025644+00:00", "level": "INFO", "logger": "collector.runner", "message": "snapshot cycle complete", "context": {"mt5_connected": true, "open_positions": 0, "push_ok": true}}
{"timestamp": "2026-09-15T09:27:12.374198+00:00", "level": "INFO", "logger": "collector.runner", "message": "trade sync pushed", "context": {"date_from": "2026-09-15T09:21:10.768000+00:00", "deals_sent": 0, "trades_created": 0, "trades_updated": 0}}
RECENT DEALS (last 90d): none
========================================================================
CONNECTION STATUS: UP | broker link: UP | server: MetaQuotes-Demo
ACCOUNT INFO
  login:    5055783885
  server:   MetaQuotes-Demo
  currency: EUR
  balance:  50000.0
  equity:   50000.0
  margin:   0.0  free: 50000.0  level: 0.0
  profit (floating): 0.0
  leverage: 1:100
  trade_allowed: True
OPEN POSITIONS: none
BACKEND PUSH: ok
========================================================================
{"timestamp": "2026-09-15T09:27:22.518490+00:00", "level": "INFO", "logger": "collector.runner", "message": "snapshot cycle complete", "context": {"mt5_connected": true, "open_positions": 0, "push_ok": true}}
========================================================================
CONNECTION STATUS: UP | broker link: UP | server: MetaQuotes-Demo
ACCOUNT INFO
  login:    5055783885
  server:   MetaQuotes-Demo
  currency: EUR
  balance:  50000.0
  equity:   50000.0
  margin:   0.0  free: 50000.0  level: 0.0
  profit (floating): 0.0
  leverage: 1:100
  trade_allowed: True
OPEN POSITIONS: none
BACKEND PUSH: ok
========================================================================
{"timestamp": "2026-09-15T09:27:32.663716+00:00", "level": "INFO", "logger": "collector.runner", "message": "snapshot cycle complete", "context": {"mt5_connected": true, "open_positions": 0, "push_ok": true}}
========================================================================
CONNECTION STATUS: UP | broker link: UP | server: MetaQuotes-Demo
ACCOUNT INFO
  login:    5055783885
  server:   MetaQuotes-Demo
  currency: EUR
  balance:  50000.0
  equity:   50000.0
  margin:   0.0  free: 50000.0  level: 0.0
  profit (floating): 0.0
  leverage: 1:100
  trade_allowed: True
OPEN POSITIONS: none
BACKEND PUSH: ok
========================================================================
{"timestamp": "2026-09-15T09:27:42.814674+00:00", "level": "INFO", "logger": "collector.runner", "message": "snapshot cycle complete", "context": {"mt5_connected": true, "open_positions": 0, "push_ok": true}}
========================================================================
CONNECTION STATUS: UP | broker link: UP | server: MetaQuotes-Demo
ACCOUNT INFO
  login:    5055783885
  server:   MetaQuotes-Demo
  currency: EUR
  balance:  50000.0
  equity:   50000.0
  margin:   0.0  free: 50000.0  level: 0.0
  profit (floating): 0.0
  leverage: 1:100
  trade_allowed: True
OPEN POSITIONS: none
BACKEND PUSH: ok
========================================================================
{"timestamp": "2026-09-15T09:27:53.056645+00:00", "level": "INFO", "logger": "collector.runner", "message": "snapshot cycle complete", "context": {"mt5_connected": true, "open_positions": 0, "push_ok": true}}
========================================================================
CONNECTION STATUS: UP | broker link: UP | server: MetaQuotes-Demo
ACCOUNT INFO
  login:    5055783885
  server:   MetaQuotes-Demo
  currency: EUR
  balance:  50000.0
  equity:   50000.0
  margin:   0.0  free: 50000.0  level: 0.0
  profit (floating): 0.0
  leverage: 1:100
  trade_allowed: True
OPEN POSITIONS: none
BACKEND PUSH: ok
========================================================================
{"timestamp": "2026-09-15T09:28:03.239139+00:00", "level": "INFO", "logger": "collector.runner", "message": "snapshot cycle complete", "context": {"mt5_connected": true, "open_positions": 0, "push_ok": true}}
========================================================================
CONNECTION STATUS: UP | broker link: UP | server: MetaQuotes-Demo
ACCOUNT INFO
  login:    5055783885
  server:   MetaQuotes-Demo
  currency: EUR
  balance:  50000.0
  equity:   50000.0
  margin:   0.0  free: 50000.0  level: 0.0
  profit (floating): 0.0
  leverage: 1:100
  trade_allowed: True
OPEN POSITIONS: none
BACKEND PUSH: ok
========================================================================
{"timestamp": "2026-09-15T09:28:13.408409+00:00", "level": "INFO", "logger": "collector.runner", "message": "snapshot cycle complete", "context": {"mt5_connected": true, "open_positions": 0, "push_ok": true}}
{"timestamp": "2026-09-15T09:28:13.654748+00:00", "level": "INFO", "logger": "collector.runner", "message": "trade sync pushed", "context": {"date_from": "2026-09-15T09:22:12.361000+00:00", "deals_sent": 0, "trades_created": 0, "trades_updated": 0}}
RECENT DEALS (last 90d): none
========================================================================
CONNECTION STATUS: UP | broker link: UP | server: MetaQuotes-Demo
ACCOUNT INFO
  login:    5055783885
  server:   MetaQuotes-Demo
  currency: EUR
  balance:  50000.0
  equity:   50000.0
  margin:   0.0  free: 50000.0  level: 0.0
  profit (floating): 0.0
  leverage: 1:100
  trade_allowed: True
OPEN POSITIONS: none
BACKEND PUSH: ok
========================================================================
{"timestamp": "2026-09-15T09:28:23.825099+00:00", "level": "INFO", "logger": "collector.runner", "message": "snapshot cycle complete", "context": {"mt5_connected": true, "open_positions": 0, "push_ok": true}}
========================================================================
CONNECTION STATUS: UP | broker link: UP | server: MetaQuotes-Demo
ACCOUNT INFO
  login:    5055783885
  server:   MetaQuotes-Demo
  currency: EUR
  balance:  50000.0
  equity:   50000.0
  margin:   0.0  free: 50000.0  level: 0.0
  profit (floating): 0.0
  leverage: 1:100
  trade_allowed: True
OPEN POSITIONS: none
BACKEND PUSH: ok
========================================================================
{"timestamp": "2026-09-15T09:28:33.977829+00:00", "level": "INFO", "logger": "collector.runner", "message": "snapshot cycle complete", "context": {"mt5_connected": true, "open_positions": 0, "push_ok": true}}
========================================================================
CONNECTION STATUS: UP | broker link: UP | server: MetaQuotes-Demo
ACCOUNT INFO
  login:    5055783885
  server:   MetaQuotes-Demo
  currency: EUR
  balance:  50000.0
  equity:   50000.0
  margin:   0.0  free: 50000.0  level: 0.0
  profit (floating): 0.0
  leverage: 1:100
  trade_allowed: True
OPEN POSITIONS: none
BACKEND PUSH: ok
========================================================================
{"timestamp": "2026-09-15T09:28:44.151442+00:00", "level": "INFO", "logger": "collector.runner", "message": "snapshot cycle complete", "context": {"mt5_connected": true, "open_positions": 0, "push_ok": true}}
========================================================================
CONNECTION STATUS: UP | broker link: UP | server: MetaQuotes-Demo
ACCOUNT INFO
  login:    5055783885
  server:   MetaQuotes-Demo
  currency: EUR
  balance:  50000.0
  equity:   50000.0
  margin:   0.0  free: 50000.0  level: 0.0
  profit (floating): 0.0
  leverage: 1:100
  trade_allowed: True
OPEN POSITIONS: none
BACKEND PUSH: ok
========================================================================
{"timestamp": "2026-09-15T09:28:54.310024+00:00", "level": "INFO", "logger": "collector.runner", "message": "snapshot cycle complete", "context": {"mt5_connected": true, "open_positions": 0, "push_ok": true}}
========================================================================
CONNECTION STATUS: UP | broker link: UP | server: MetaQuotes-Demo
ACCOUNT INFO
  login:    5055783885
  server:   MetaQuotes-Demo
  currency: EUR
  balance:  50000.0
  equity:   50000.0
  margin:   0.0  free: 50000.0  level: 0.0
  profit (floating): 0.0
  leverage: 1:100
  trade_allowed: True
OPEN POSITIONS: none
BACKEND PUSH: ok
========================================================================
{"timestamp": "2026-09-15T09:29:04.543896+00:00", "level": "INFO", "logger": "collector.runner", "message": "snapshot cycle complete", "context": {"mt5_connected": true, "open_positions": 0, "push_ok": true}}
========================================================================
CONNECTION STATUS: UP | broker link: UP | server: MetaQuotes-Demo
ACCOUNT INFO
  login:    5055783885
  server:   MetaQuotes-Demo
  currency: EUR
  balance:  50000.0
  equity:   50000.0
  margin:   0.0  free: 50000.0  level: 0.0
  profit (floating): 0.0
  leverage: 1:100
  trade_allowed: True
OPEN POSITIONS: none
BACKEND PUSH: ok
========================================================================
{"timestamp": "2026-09-15T09:29:14.709262+00:00", "level": "INFO", "logger": "collector.runner", "message": "snapshot cycle complete", "context": {"mt5_connected": true, "open_positions": 0, "push_ok": true}}
{"timestamp": "2026-09-15T09:29:14.950042+00:00", "level": "INFO", "logger": "collector.runner", "message": "trade sync pushed", "context": {"date_from": "2026-09-15T09:23:13.644000+00:00", "deals_sent": 0, "trades_created": 0, "trades_updated": 0}}
RECENT DEALS (last 90d): none
========================================================================
CONNECTION STATUS: UP | broker link: UP | server: MetaQuotes-Demo
ACCOUNT INFO
  login:    5055783885
  server:   MetaQuotes-Demo
  currency: EUR
  balance:  50000.0
  equity:   50000.0
  margin:   0.0  free: 50000.0  level: 0.0
  profit (floating): 0.0
  leverage: 1:100
  trade_allowed: True
OPEN POSITIONS: none
BACKEND PUSH: ok
========================================================================
{"timestamp": "2026-09-15T09:29:25.107422+00:00", "level": "INFO", "logger": "collector.runner", "message": "snapshot cycle complete", "context": {"mt5_connected": true, "open_positions": 0, "push_ok": true}}
========================================================================
CONNECTION STATUS: UP | broker link: UP | server: MetaQuotes-Demo
ACCOUNT INFO
  login:    5055783885
  server:   MetaQuotes-Demo
  currency: EUR
  balance:  50000.0
  equity:   50000.0
  margin:   0.0  free: 50000.0  level: 0.0
  profit (floating): 0.0
  leverage: 1:100
  trade_allowed: True
OPEN POSITIONS: none
BACKEND PUSH: ok
========================================================================
{"timestamp": "2026-09-15T09:29:35.279014+00:00", "level": "INFO", "logger": "collector.runner", "message": "snapshot cycle complete", "context": {"mt5_connected": true, "open_positions": 0, "push_ok": true}}
========================================================================
CONNECTION STATUS: UP | broker link: UP | server: MetaQuotes-Demo
ACCOUNT INFO
  login:    5055783885
  server:   MetaQuotes-Demo
  currency: EUR
  balance:  50000.0
  equity:   50000.0
  margin:   0.0  free: 50000.0  level: 0.0
  profit (floating): 0.0
  leverage: 1:100
  trade_allowed: True
OPEN POSITIONS: none
BACKEND PUSH: ok
========================================================================
{"timestamp": "2026-09-15T09:29:45.435537+00:00", "level": "INFO", "logger": "collector.runner", "message": "snapshot cycle complete", "context": {"mt5_connected": true, "open_positions": 0, "push_ok": true}}
========================================================================
CONNECTION STATUS: UP | broker link: UP | server: MetaQuotes-Demo
ACCOUNT INFO
  login:    5055783885
  server:   MetaQuotes-Demo
  currency: EUR
  balance:  50000.0
  equity:   50000.0
  margin:   0.0  free: 50000.0  level: 0.0
  profit (floating): 0.0
  leverage: 1:100
  trade_allowed: True
OPEN POSITIONS: none
BACKEND PUSH: ok
========================================================================
{"timestamp": "2026-09-15T09:29:55.622807+00:00", "level": "INFO", "logger": "collector.runner", "message": "snapshot cycle complete", "context": {"mt5_connected": true, "open_positions": 0, "push_ok": true}}
{"timestamp": "2026-09-15T09:29:55.753164+00:00", "level": "INFO", "logger": "collector.runner", "message": "candle sync (incremental)", "context": {"symbol": "EURUSD", "timeframe": "M5", "date_from": "2026-09-15T09:25:00+00:00"}}
{"timestamp": "2026-09-15T09:29:55.961093+00:00", "level": "INFO", "logger": "collector.runner", "message": "candle sync (incremental)", "context": {"symbol": "EURUSD", "timeframe": "M15", "date_from": "2026-09-15T11:00:00+00:00"}}
{"timestamp": "2026-09-15T09:29:56.077822+00:00", "level": "INFO", "logger": "collector.runner", "message": "candle sync (incremental)", "context": {"symbol": "EURUSD", "timeframe": "H1", "date_from": "2026-09-15T08:00:00+00:00"}}
{"timestamp": "2026-09-15T09:29:56.195646+00:00", "level": "INFO", "logger": "collector.runner", "message": "candle batch pushed", "context": {"symbol": "EURUSD", "timeframe": "H1", "batch_size": 1, "upserted": 1}}
{"timestamp": "2026-09-15T09:29:56.312185+00:00", "level": "INFO", "logger": "collector.runner", "message": "candle sync (incremental)", "context": {"symbol": "EURUSD", "timeframe": "M30", "date_from": "2026-09-15T09:00:00+00:00"}}
{"timestamp": "2026-09-15T09:29:56.442855+00:00", "level": "INFO", "logger": "collector.runner", "message": "candle sync (incremental)", "context": {"symbol": "EURUSD", "timeframe": "H4", "date_from": "2026-09-14T20:00:00+00:00"}}
{"timestamp": "2026-09-15T09:29:56.579707+00:00", "level": "INFO", "logger": "collector.runner", "message": "candle batch pushed", "context": {"symbol": "EURUSD", "timeframe": "H4", "batch_size": 3, "upserted": 3}}
{"timestamp": "2026-09-15T09:29:56.714612+00:00", "level": "INFO", "logger": "collector.runner", "message": "candle sync (incremental)", "context": {"symbol": "EURUSD", "timeframe": "D1", "date_from": "2026-09-11T00:00:00+00:00"}}
{"timestamp": "2026-09-15T09:29:56.825608+00:00", "level": "INFO", "logger": "collector.runner", "message": "candle batch pushed", "context": {"symbol": "EURUSD", "timeframe": "D1", "batch_size": 1, "upserted": 1}}
{"timestamp": "2026-09-15T09:29:56.934256+00:00", "level": "INFO", "logger": "collector.runner", "message": "candle sync (incremental)", "context": {"symbol": "EURUSD", "timeframe": "W1", "date_from": "2026-08-16T00:00:00+00:00"}}
{"timestamp": "2026-09-15T09:29:57.072408+00:00", "level": "INFO", "logger": "collector.runner", "message": "candle batch pushed", "context": {"symbol": "EURUSD", "timeframe": "W1", "batch_size": 3, "upserted": 3}}
{"timestamp": "2026-09-15T09:29:57.189147+00:00", "level": "INFO", "logger": "collector.runner", "message": "candle sync (incremental)", "context": {"symbol": "EURUSD", "timeframe": "MN1", "date_from": "2026-04-30T00:00:00+00:00"}}
{"timestamp": "2026-09-15T09:29:57.313286+00:00", "level": "INFO", "logger": "collector.runner", "message": "candle batch pushed", "context": {"symbol": "EURUSD", "timeframe": "MN1", "batch_size": 4, "upserted": 4}}
{"timestamp": "2026-09-15T09:29:57.426588+00:00", "level": "INFO", "logger": "collector.runner", "message": "candle sync (incremental)", "context": {"symbol": "XAUUSD", "timeframe": "M1", "date_from": "2026-09-15T09:42:00+00:00"}}
{"timestamp": "2026-09-15T09:29:57.545440+00:00", "level": "INFO", "logger": "collector.runner", "message": "candle sync (incremental)", "context": {"symbol": "XAUUSD", "timeframe": "M5", "date_from": "2026-09-15T09:25:00+00:00"}}
{"timestamp": "2026-09-15T09:29:57.698948+00:00", "level": "INFO", "logger": "collector.runner", "message": "candle sync (incremental)", "context": {"symbol": "XAUUSD", "timeframe": "M15", "date_from": "2026-09-15T11:00:00+00:00"}}
{"timestamp": "2026-09-15T09:29:57.820883+00:00", "level": "INFO", "logger": "collector.runner", "message": "candle sync (incremental)", "context": {"symbol": "XAUUSD", "timeframe": "M30", "date_from": "2026-09-15T09:00:00+00:00"}}
{"timestamp": "2026-09-15T09:29:57.931245+00:00", "level": "INFO", "logger": "collector.runner", "message": "candle sync (incremental)", "context": {"symbol": "XAUUSD", "timeframe": "H1", "date_from": "2026-09-15T08:00:00+00:00"}}
{"timestamp": "2026-09-15T09:29:58.066664+00:00", "level": "INFO", "logger": "collector.runner", "message": "candle batch pushed", "context": {"symbol": "XAUUSD", "timeframe": "H1", "batch_size": 1, "upserted": 1}}
{"timestamp": "2026-09-15T09:29:58.209893+00:00", "level": "INFO", "logger": "collector.runner", "message": "candle sync (incremental)", "context": {"symbol": "XAUUSD", "timeframe": "H4", "date_from": "2026-09-14T20:00:00+00:00"}}
{"timestamp": "2026-09-15T09:29:58.345604+00:00", "level": "INFO", "logger": "collector.runner", "message": "candle batch pushed", "context": {"symbol": "XAUUSD", "timeframe": "H4", "batch_size": 3, "upserted": 3}}
{"timestamp": "2026-09-15T09:29:58.532485+00:00", "level": "INFO", "logger": "collector.runner", "message": "candle sync (incremental)", "context": {"symbol": "XAUUSD", "timeframe": "D1", "date_from": "2026-09-11T00:00:00+00:00"}}
{"timestamp": "2026-09-15T09:29:58.697693+00:00", "level": "INFO", "logger": "collector.runner", "message": "candle batch pushed", "context": {"symbol": "XAUUSD", "timeframe": "D1", "batch_size": 1, "upserted": 1}}
========================================================================
CONNECTION STATUS: UP | broker link: UP | server: MetaQuotes-Demo
ACCOUNT INFO
  login:    5055783885
  server:   MetaQuotes-Demo
  currency: EUR
  balance:  50000.0
  equity:   50000.0
  margin:   0.0  free: 50000.0  level: 0.0
  profit (floating): 0.0
  leverage: 1:100
  trade_allowed: True
OPEN POSITIONS: none
BACKEND PUSH: ok
========================================================================
{"timestamp": "2026-09-15T09:30:08.934954+00:00", "level": "INFO", "logger": "collector.runner", "message": "snapshot cycle complete", "context": {"mt5_connected": true, "open_positions": 0, "push_ok": true}}
========================================================================
CONNECTION STATUS: UP | broker link: UP | server: MetaQuotes-Demo
ACCOUNT INFO
  login:    5055783885
  server:   MetaQuotes-Demo
  currency: EUR
  balance:  50000.0
  equity:   50000.0
  margin:   0.0  free: 50000.0  level: 0.0
  profit (floating): 0.0
  leverage: 1:100
  trade_allowed: True
OPEN POSITIONS: none
BACKEND PUSH: ok
========================================================================
{"timestamp": "2026-09-15T09:30:19.112313+00:00", "level": "INFO", "logger": "collector.runner", "message": "snapshot cycle complete", "context": {"mt5_connected": true, "open_positions": 0, "push_ok": true}}
{"timestamp": "2026-09-15T09:30:19.361736+00:00", "level": "INFO", "logger": "collector.runner", "message": "trade sync pushed", "context": {"date_from": "2026-09-15T09:24:14.941000+00:00", "deals_sent": 0, "trades_created": 0, "trades_updated": 0}}
