{"timestamp": "2026-09-09T15:02:38.442629+00:00", "level": "INFO", "logger": "collector", "message": "configuration loaded", "context": {"explicit_credentials": false, "log_format": "json"}}
{"timestamp": "2026-09-09T15:02:41.292350+00:00", "level": "INFO", "logger": "collector.runner", "message": "collector starting", "context": {"poll_interval_seconds": 10, "trade_sync_interval_seconds": 60, "explicit_credentials": false, "account_id": "82cd5b46-f216-43f0-8dc7-896295057067", "api_base_url": "http://localhost:3000", "candle_symbols": ["EURUSD"], "candle_timeframes": ["M5", "M15", "H1", "M30", "H4", "D1", "W1", "MN1"]}}
{"timestamp": "2026-09-09T15:02:58.900647+00:00", "level": "INFO", "logger": "collector.runner", "message": "connected to MT5 terminal"}
{"timestamp": "2026-09-09T15:03:00.660922+00:00", "level": "WARNING", "logger": "collector.runner", "message": "snapshot push failed, will retry next tick", "context": {"error": "POST /collector/snapshot returned 404: <!DOCTYPE html><html lang=\"en\" class=\"inter_fe8b9d92-module__LINzvG__variable ibm_plex_mono_b8c3c420-module__vGkobG__variable h-full\"><head><meta charSet=\"utf-8\"/><meta name=\"viewport\" content=\"width=device-width, initial-scale=1\"/><link rel=\"stylesheet\" href=\"/_next/static/chunks/%5Broot-of-the-server%5D__0mdry04._.css\" data-precedence=\"next_static/chunks/[root-of-the-server]__0mdry04._.css\"/><link rel=\"preload\" as=\"script\" fetchPriority=\"low\" href=\"/_next/static/chunks/%5Bturbopack%5D_browser_"}}
========================================================================
CONNECTION STATUS: UP | broker link: UP | server: MetaQuotes-Demo
ACCOUNT INFO
  login:    10012425443
  server:   MetaQuotes-Demo
  currency: USD
  balance:  3197.14
  equity:   3197.14
  margin:   0.0  free: 3197.14  level: 0.0
  profit (floating): 0.0
  leverage: 1:100
  trade_allowed: True
OPEN POSITIONS: none
BACKEND PUSH: FAILED — see logs
========================================================================
{"timestamp": "2026-09-09T15:03:00.661923+00:00", "level": "INFO", "logger": "collector.runner", "message": "snapshot cycle complete", "context": {"mt5_connected": true, "open_positions": 0, "push_ok": false}}
{"timestamp": "2026-09-09T15:03:00.818288+00:00", "level": "WARNING", "logger": "collector.runner", "message": "could not fetch sync cursor, skipping this trade-sync tick", "context": {"error": "GET /collector/cursor/82cd5b46-f216-43f0-8dc7-896295057067 returned 404: <!DOCTYPE html><html lang=\"en\" class=\"inter_fe8b9d92-module__LINzvG__variable ibm_plex_mono_b8c3c420-module__vGkobG__variable h-full\"><head><meta charSet=\"utf-8\"/><meta name=\"viewport\" content=\"width=device-width, initial-scale=1\"/><link rel=\"stylesheet\" href=\"/_next/static/chunks/%5Broot-of-the-server%5D__0mdry04._.css\" data-precedence=\"next_static/chunks/[root-of-the-server]__0mdry04._.css\"/><link rel=\"preload\" as=\"script\" fetchPriority=\"low\" href=\"/_next/static/chunks/%5Bturbopack%5D_browser_"}}
{"timestamp": "2026-09-09T15:03:00.996675+00:00", "level": "WARNING", "logger": "collector.runner", "message": "candle sync push failed, will retry next tick", "context": {"symbol": "EURUSD", "timeframe": "M5", "error": "GET /collector/candles/latest?symbol=EURUSD&timeframe=M5 returned 404: <!DOCTYPE html><html lang=\"en\" class=\"inter_fe8b9d92-module__LINzvG__variable ibm_plex_mono_b8c3c420-module__vGkobG__variable h-full\"><head><meta charSet=\"utf-8\"/><meta name=\"viewport\" content=\"width=device-width, initial-scale=1\"/><link rel=\"stylesheet\" href=\"/_next/static/chunks/%5Broot-of-the-server%5D__0mdry04._.css\" data-precedence=\"next_static/chunks/[root-of-the-server]__0mdry04._.css\"/><link rel=\"preload\" as=\"script\" fetchPriority=\"low\" href=\"/_next/static/chunks/%5Bturbopack%5D_browser_"}}
{"timestamp": "2026-09-09T15:03:01.114676+00:00", "level": "WARNING", "logger": "collector.runner", "message": "candle sync push failed, will retry next tick", "context": {"symbol": "EURUSD", "timeframe": "M15", "error": "GET /collector/candles/latest?symbol=EURUSD&timeframe=M15 returned 404: <!DOCTYPE html><html lang=\"en\" class=\"inter_fe8b9d92-module__LINzvG__variable ibm_plex_mono_b8c3c420-module__vGkobG__variable h-full\"><head><meta charSet=\"utf-8\"/><meta name=\"viewport\" content=\"width=device-width, initial-scale=1\"/><link rel=\"stylesheet\" href=\"/_next/static/chunks/%5Broot-of-the-server%5D__0mdry04._.css\" data-precedence=\"next_static/chunks/[root-of-the-server]__0mdry04._.css\"/><link rel=\"preload\" as=\"script\" fetchPriority=\"low\" href=\"/_next/static/chunks/%5Bturbopack%5D_browser_"}}
{"timestamp": "2026-09-09T15:03:01.237257+00:00", "level": "WARNING", "logger": "collector.runner", "message": "candle sync push failed, will retry next tick", "context": {"symbol": "EURUSD", "timeframe": "H1", "error": "GET /collector/candles/latest?symbol=EURUSD&timeframe=H1 returned 404: <!DOCTYPE html><html lang=\"en\" class=\"inter_fe8b9d92-module__LINzvG__variable ibm_plex_mono_b8c3c420-module__vGkobG__variable h-full\"><head><meta charSet=\"utf-8\"/><meta name=\"viewport\" content=\"width=device-width, initial-scale=1\"/><link rel=\"stylesheet\" href=\"/_next/static/chunks/%5Broot-of-the-server%5D__0mdry04._.css\" data-precedence=\"next_static/chunks/[root-of-the-server]__0mdry04._.css\"/><link rel=\"preload\" as=\"script\" fetchPriority=\"low\" href=\"/_next/static/chunks/%5Bturbopack%5D_browser_"}}
{"timestamp": "2026-09-09T15:03:01.374887+00:00", "level": "WARNING", "logger": "collector.runner", "message": "candle sync push failed, will retry next tick", "context": {"symbol": "EURUSD", "timeframe": "M30", "error": "GET /collector/candles/latest?symbol=EURUSD&timeframe=M30 returned 404: <!DOCTYPE html><html lang=\"en\" class=\"inter_fe8b9d92-module__LINzvG__variable ibm_plex_mono_b8c3c420-module__vGkobG__variable h-full\"><head><meta charSet=\"utf-8\"/><meta name=\"viewport\" content=\"width=device-width, initial-scale=1\"/><link rel=\"stylesheet\" href=\"/_next/static/chunks/%5Broot-of-the-server%5D__0mdry04._.css\" data-precedence=\"next_static/chunks/[root-of-the-server]__0mdry04._.css\"/><link rel=\"preload\" as=\"script\" fetchPriority=\"low\" href=\"/_next/static/chunks/%5Bturbopack%5D_browser_"}}
{"timestamp": "2026-09-09T15:03:01.550086+00:00", "level": "WARNING", "logger": "collector.runner", "message": "candle sync push failed, will retry next tick", "context": {"symbol": "EURUSD", "timeframe": "H4", "error": "GET /collector/candles/latest?symbol=EURUSD&timeframe=H4 returned 404: <!DOCTYPE html><html lang=\"en\" class=\"inter_fe8b9d92-module__LINzvG__variable ibm_plex_mono_b8c3c420-module__vGkobG__variable h-full\"><head><meta charSet=\"utf-8\"/><meta name=\"viewport\" content=\"width=device-width, initial-scale=1\"/><link rel=\"stylesheet\" href=\"/_next/static/chunks/%5Broot-of-the-server%5D__0mdry04._.css\" data-precedence=\"next_static/chunks/[root-of-the-server]__0mdry04._.css\"/><link rel=\"preload\" as=\"script\" fetchPriority=\"low\" href=\"/_next/static/chunks/%5Bturbopack%5D_browser_"}}
{"timestamp": "2026-09-09T15:03:01.706591+00:00", "level": "WARNING", "logger": "collector.runner", "message": "candle sync push failed, will retry next tick", "context": {"symbol": "EURUSD", "timeframe": "D1", "error": "GET /collector/candles/latest?symbol=EURUSD&timeframe=D1 returned 404: <!DOCTYPE html><html lang=\"en\" class=\"inter_fe8b9d92-module__LINzvG__variable ibm_plex_mono_b8c3c420-module__vGkobG__variable h-full\"><head><meta charSet=\"utf-8\"/><meta name=\"viewport\" content=\"width=device-width, initial-scale=1\"/><link rel=\"stylesheet\" href=\"/_next/static/chunks/%5Broot-of-the-server%5D__0mdry04._.css\" data-precedence=\"next_static/chunks/[root-of-the-server]__0mdry04._.css\"/><link rel=\"preload\" as=\"script\" fetchPriority=\"low\" href=\"/_next/static/chunks/%5Bturbopack%5D_browser_"}}
{"timestamp": "2026-09-09T15:03:01.837297+00:00", "level": "WARNING", "logger": "collector.runner", "message": "candle sync push failed, will retry next tick", "context": {"symbol": "EURUSD", "timeframe": "W1", "error": "GET /collector/candles/latest?symbol=EURUSD&timeframe=W1 returned 404: <!DOCTYPE html><html lang=\"en\" class=\"inter_fe8b9d92-module__LINzvG__variable ibm_plex_mono_b8c3c420-module__vGkobG__variable h-full\"><head><meta charSet=\"utf-8\"/><meta name=\"viewport\" content=\"width=device-width, initial-scale=1\"/><link rel=\"stylesheet\" href=\"/_next/static/chunks/%5Broot-of-the-server%5D__0mdry04._.css\" data-precedence=\"next_static/chunks/[root-of-the-server]__0mdry04._.css\"/><link rel=\"preload\" as=\"script\" fetchPriority=\"low\" href=\"/_next/static/chunks/%5Bturbopack%5D_browser_"}}
{"timestamp": "2026-09-09T15:03:02.036723+00:00", "level": "WARNING", "logger": "collector.runner", "message": "candle sync push failed, will retry next tick", "context": {"symbol": "EURUSD", "timeframe": "MN1", "error": "GET /collector/candles/latest?symbol=EURUSD&timeframe=MN1 returned 404: <!DOCTYPE html><html lang=\"en\" class=\"inter_fe8b9d92-module__LINzvG__variable ibm_plex_mono_b8c3c420-module__vGkobG__variable h-full\"><head><meta charSet=\"utf-8\"/><meta name=\"viewport\" content=\"width=device-width, initial-scale=1\"/><link rel=\"stylesheet\" href=\"/_next/static/chunks/%5Broot-of-the-server%5D__0mdry04._.css\" data-precedence=\"next_static/chunks/[root-of-the-server]__0mdry04._.css\"/><link rel=\"preload\" as=\"script\" fetchPriority=\"low\" href=\"/_next/static/chunks/%5Bturbopack%5D_browser_"}}
{"timestamp": "2026-09-09T15:03:12.167184+00:00", "level": "WARNING", "logger": "collector.runner", "message": "snapshot push failed, will retry next tick", "context": {"error": "POST /collector/snapshot returned 404: <!DOCTYPE html><html lang=\"en\" class=\"inter_fe8b9d92-module__LINzvG__variable ibm_plex_mono_b8c3c420-module__vGkobG__variable h-full\"><head><meta charSet=\"utf-8\"/><meta name=\"viewport\" content=\"width=device-width, initial-scale=1\"/><link rel=\"stylesheet\" href=\"/_next/static/chunks/%5Broot-of-the-server%5D__0mdry04._.css\" data-precedence=\"next_static/chunks/[root-of-the-server]__0mdry04._.css\"/><link rel=\"preload\" as=\"script\" fetchPriority=\"low\" href=\"/_next/static/chunks/%5Bturbopack%5D_browser_"}}
========================================================================
CONNECTION STATUS: UP | broker link: UP | server: MetaQuotes-Demo
ACCOUNT INFO
  login:    10012425443
  server:   MetaQuotes-Demo
  currency: USD
  balance:  3197.14
  equity:   3197.14
  margin:   0.0  free: 3197.14  level: 0.0
  profit (floating): 0.0
  leverage: 1:100
  trade_allowed: True
OPEN POSITIONS: none
BACKEND PUSH: FAILED — see logs
========================================================================
{"timestamp": "2026-09-09T15:03:12.167736+00:00", "level": "INFO", "logger": "collector.runner", "message": "snapshot cycle complete", "context": {"mt5_connected": true, "open_positions": 0, "push_ok": false}}
{"timestamp": "2026-09-09T15:03:12.429479+00:00", "level": "WARNING", "logger": "collector.runner", "message": "could not fetch sync cursor, skipping this trade-sync tick", "context": {"error": "GET /collector/cursor/82cd5b46-f216-43f0-8dc7-896295057067 returned 404: <!DOCTYPE html><html lang=\"en\" class=\"inter_fe8b9d92-module__LINzvG__variable ibm_plex_mono_b8c3c420-module__vGkobG__variable h-full\"><head><meta charSet=\"utf-8\"/><meta name=\"viewport\" content=\"width=device-width, initial-scale=1\"/><link rel=\"stylesheet\" href=\"/_next/static/chunks/%5Broot-of-the-server%5D__0mdry04._.css\" data-precedence=\"next_static/chunks/[root-of-the-server]__0mdry04._.css\"/><link rel=\"preload\" as=\"script\" fetchPriority=\"low\" href=\"/_next/static/chunks/%5Bturbopack%5D_browser_"}}
{"timestamp": "2026-09-09T15:03:22.613427+00:00", "level": "WARNING", "logger": "collector.runner", "message": "snapshot push failed, will retry next tick", "context": {"error": "POST /collector/snapshot returned 404: <!DOCTYPE html><html lang=\"en\" class=\"inter_fe8b9d92-module__LINzvG__variable ibm_plex_mono_b8c3c420-module__vGkobG__variable h-full\"><head><meta charSet=\"utf-8\"/><meta name=\"viewport\" content=\"width=device-width, initial-scale=1\"/><link rel=\"stylesheet\" href=\"/_next/static/chunks/%5Broot-of-the-server%5D__0mdry04._.css\" data-precedence=\"next_static/chunks/[root-of-the-server]__0mdry04._.css\"/><link rel=\"preload\" as=\"script\" fetchPriority=\"low\" href=\"/_next/static/chunks/%5Bturbopack%5D_browser_"}}
========================================================================
CONNECTION STATUS: UP | broker link: UP | server: MetaQuotes-Demo
ACCOUNT INFO
  login:    10012425443
  server:   MetaQuotes-Demo
  currency: USD
  balance:  3197.14
  equity:   3197.14
  margin:   0.0  free: 3197.14  level: 0.0
  profit (floating): 0.0
  leverage: 1:100
  trade_allowed: True
OPEN POSITIONS: none
BACKEND PUSH: FAILED — see logs
========================================================================
{"timestamp": "2026-09-09T15:03:22.613427+00:00", "level": "INFO", "logger": "collector.runner", "message": "snapshot cycle complete", "context": {"mt5_connected": true, "open_positions": 0, "push_ok": false}}
{"timestamp": "2026-09-09T15:03:22.700848+00:00", "level": "WARNING", "logger": "collector.runner", "message": "could not fetch sync cursor, skipping this trade-sync tick", "context": {"error": "GET /collector/cursor/82cd5b46-f216-43f0-8dc7-896295057067 returned 404: <!DOCTYPE html><html lang=\"en\" class=\"inter_fe8b9d92-module__LINzvG__variable ibm_plex_mono_b8c3c420-module__vGkobG__variable h-full\"><head><meta charSet=\"utf-8\"/><meta name=\"viewport\" content=\"width=device-width, initial-scale=1\"/><link rel=\"stylesheet\" href=\"/_next/static/chunks/%5Broot-of-the-server%5D__0mdry04._.css\" data-precedence=\"next_static/chunks/[root-of-the-server]__0mdry04._.css\"/><link rel=\"preload\" as=\"script\" fetchPriority=\"low\" href=\"/_next/static/chunks/%5Bturbopack%5D_browser_"}}
{"timestamp": "2026-09-09T15:03:32.816261+00:00", "level": "WARNING", "logger": "collector.runner", "message": "snapshot push failed, will retry next tick", "context": {"error": "POST /collector/snapshot returned 404: <!DOCTYPE html><html lang=\"en\" class=\"inter_fe8b9d92-module__LINzvG__variable ibm_plex_mono_b8c3c420-module__vGkobG__variable h-full\"><head><meta charSet=\"utf-8\"/><meta name=\"viewport\" content=\"width=device-width, initial-scale=1\"/><link rel=\"stylesheet\" href=\"/_next/static/chunks/%5Broot-of-the-server%5D__0mdry04._.css\" data-precedence=\"next_static/chunks/[root-of-the-server]__0mdry04._.css\"/><link rel=\"preload\" as=\"script\" fetchPriority=\"low\" href=\"/_next/static/chunks/%5Bturbopack%5D_browser_"}}
========================================================================
CONNECTION STATUS: UP | broker link: UP | server: MetaQuotes-Demo
ACCOUNT INFO
  login:    10012425443
  server:   MetaQuotes-Demo
  currency: USD
  balance:  3197.14
  equity:   3197.14
  margin:   0.0  free: 3197.14  level: 0.0
  profit (floating): 0.0
  leverage: 1:100
  trade_allowed: True
OPEN POSITIONS: none
BACKEND PUSH: FAILED — see logs
========================================================================
{"timestamp": "2026-09-09T15:03:32.816261+00:00", "level": "INFO", "logger": "collector.runner", "message": "snapshot cycle complete", "context": {"mt5_connected": true, "open_positions": 0, "push_ok": false}}
{"timestamp": "2026-09-09T15:03:32.907473+00:00", "level": "WARNING", "logger": "collector.runner", "message": "could not fetch sync cursor, skipping this trade-sync tick", "context": {"error": "GET /collector/cursor/82cd5b46-f216-43f0-8dc7-896295057067 returned 404: <!DOCTYPE html><html lang=\"en\" class=\"inter_fe8b9d92-module__LINzvG__variable ibm_plex_mono_b8c3c420-module__vGkobG__variable h-full\"><head><meta charSet=\"utf-8\"/><meta name=\"viewport\" content=\"width=device-width, initial-scale=1\"/><link rel=\"stylesheet\" href=\"/_next/static/chunks/%5Broot-of-the-server%5D__0mdry04._.css\" data-precedence=\"next_static/chunks/[root-of-the-server]__0mdry04._.css\"/><link rel=\"preload\" as=\"script\" fetchPriority=\"low\" href=\"/_next/static/chunks/%5Bturbopack%5D_browser_"}}
{"timestamp": "2026-09-09T15:03:43.014166+00:00", "level": "WARNING", "logger": "collector.runner", "message": "snapshot push failed, will retry next tick", "context": {"error": "POST /collector/snapshot returned 404: <!DOCTYPE html><html lang=\"en\" class=\"inter_fe8b9d92-module__LINzvG__variable ibm_plex_mono_b8c3c420-module__vGkobG__variable h-full\"><head><meta charSet=\"utf-8\"/><meta name=\"viewport\" content=\"width=device-width, initial-scale=1\"/><link rel=\"stylesheet\" href=\"/_next/static/chunks/%5Broot-of-the-server%5D__0mdry04._.css\" data-precedence=\"next_static/chunks/[root-of-the-server]__0mdry04._.css\"/><link rel=\"preload\" as=\"script\" fetchPriority=\"low\" href=\"/_next/static/chunks/%5Bturbopack%5D_browser_"}}
========================================================================
CONNECTION STATUS: UP | broker link: UP | server: MetaQuotes-Demo
ACCOUNT INFO
  login:    10012425443
  server:   MetaQuotes-Demo
  currency: USD
  balance:  3197.14
  equity:   3197.14
  margin:   0.0  free: 3197.14  level: 0.0
  profit (floating): 0.0
  leverage: 1:100
  trade_allowed: True
OPEN POSITIONS: none
BACKEND PUSH: FAILED — see logs
========================================================================
{"timestamp": "2026-09-09T15:03:43.015166+00:00", "level": "INFO", "logger": "collector.runner", "message": "snapshot cycle complete", "context": {"mt5_connected": true, "open_positions": 0, "push_ok": false}}
{"timestamp": "2026-09-09T15:03:43.110164+00:00", "level": "WARNING", "logger": "collector.runner", "message": "could not fetch sync cursor, skipping this trade-sync tick", "context": {"error": "GET /collector/cursor/82cd5b46-f216-43f0-8dc7-896295057067 returned 404: <!DOCTYPE html><html lang=\"en\" class=\"inter_fe8b9d92-module__LINzvG__variable ibm_plex_mono_b8c3c420-module__vGkobG__variable h-full\"><head><meta charSet=\"utf-8\"/><meta name=\"viewport\" content=\"width=device-width, initial-scale=1\"/><link rel=\"stylesheet\" href=\"/_next/static/chunks/%5Broot-of-the-server%5D__0mdry04._.css\" data-precedence=\"next_static/chunks/[root-of-the-server]__0mdry04._.css\"/><link rel=\"preload\" as=\"script\" fetchPriority=\"low\" href=\"/_next/static/chunks/%5Bturbopack%5D_browser_"}}
{"timestamp": "2026-09-09T15:03:53.218676+00:00", "level": "WARNING", "logger": "collector.runner", "message": "snapshot push failed, will retry next tick", "context": {"error": "POST /collector/snapshot returned 404: <!DOCTYPE html><html lang=\"en\" class=\"inter_fe8b9d92-module__LINzvG__variable ibm_plex_mono_b8c3c420-module__vGkobG__variable h-full\"><head><meta charSet=\"utf-8\"/><meta name=\"viewport\" content=\"width=device-width, initial-scale=1\"/><link rel=\"stylesheet\" href=\"/_next/static/chunks/%5Broot-of-the-server%5D__0mdry04._.css\" data-precedence=\"next_static/chunks/[root-of-the-server]__0mdry04._.css\"/><link rel=\"preload\" as=\"script\" fetchPriority=\"low\" href=\"/_next/static/chunks/%5Bturbopack%5D_browser_"}}
========================================================================
CONNECTION STATUS: UP | broker link: UP | server: MetaQuotes-Demo
ACCOUNT INFO
  login:    10012425443
  server:   MetaQuotes-Demo
  currency: USD
  balance:  3197.14
  equity:   3197.14
  margin:   0.0  free: 3197.14  level: 0.0
  profit (floating): 0.0
  leverage: 1:100
  trade_allowed: True
OPEN POSITIONS: none
BACKEND PUSH: FAILED — see logs
========================================================================
{"timestamp": "2026-09-09T15:03:53.218676+00:00", "level": "INFO", "logger": "collector.runner", "message": "snapshot cycle complete", "context": {"mt5_connected": true, "open_positions": 0, "push_ok": false}}
{"timestamp": "2026-09-09T15:03:53.317806+00:00", "level": "WARNING", "logger": "collector.runner", "message": "could not fetch sync cursor, skipping this trade-sync tick", "context": {"error": "GET /collector/cursor/82cd5b46-f216-43f0-8dc7-896295057067 returned 404: <!DOCTYPE html><html lang=\"en\" class=\"inter_fe8b9d92-module__LINzvG__variable ibm_plex_mono_b8c3c420-module__vGkobG__variable h-full\"><head><meta charSet=\"utf-8\"/><meta name=\"viewport\" content=\"width=device-width, initial-scale=1\"/><link rel=\"stylesheet\" href=\"/_next/static/chunks/%5Broot-of-the-server%5D__0mdry04._.css\" data-precedence=\"next_static/chunks/[root-of-the-server]__0mdry04._.css\"/><link rel=\"preload\" as=\"script\" fetchPriority=\"low\" href=\"/_next/static/chunks/%5Bturbopack%5D_browser_"}}
{"timestamp": "2026-09-09T15:04:03.435647+00:00", "level": "WARNING", "logger": "collector.runner", "message": "snapshot push failed, will retry next tick", "context": {"error": "POST /collector/snapshot returned 404: <!DOCTYPE html><html lang=\"en\" class=\"inter_fe8b9d92-module__LINzvG__variable ibm_plex_mono_b8c3c420-module__vGkobG__variable h-full\"><head><meta charSet=\"utf-8\"/><meta name=\"viewport\" content=\"width=device-width, initial-scale=1\"/><link rel=\"stylesheet\" href=\"/_next/static/chunks/%5Broot-of-the-server%5D__0mdry04._.css\" data-precedence=\"next_static/chunks/[root-of-the-server]__0mdry04._.css\"/><link rel=\"preload\" as=\"script\" fetchPriority=\"low\" href=\"/_next/static/chunks/%5Bturbopack%5D_browser_"}}
========================================================================
CONNECTION STATUS: UP | broker link: UP | server: MetaQuotes-Demo
ACCOUNT INFO
  login:    10012425443
  server:   MetaQuotes-Demo
  currency: USD
  balance:  3197.14
  equity:   3197.14
  margin:   0.0  free: 3197.14  level: 0.0
  profit (floating): 0.0
  leverage: 1:100
  trade_allowed: True
OPEN POSITIONS: none
BACKEND PUSH: FAILED — see logs
========================================================================
{"timestamp": "2026-09-09T15:04:03.436650+00:00", "level": "INFO", "logger": "collector.runner", "message": "snapshot cycle complete", "context": {"mt5_connected": true, "open_positions": 0, "push_ok": false}}
{"timestamp": "2026-09-09T15:04:03.531021+00:00", "level": "WARNING", "logger": "collector.runner", "message": "could not fetch sync cursor, skipping this trade-sync tick", "context": {"error": "GET /collector/cursor/82cd5b46-f216-43f0-8dc7-896295057067 returned 404: <!DOCTYPE html><html lang=\"en\" class=\"inter_fe8b9d92-module__LINzvG__variable ibm_plex_mono_b8c3c420-module__vGkobG__variable h-full\"><head><meta charSet=\"utf-8\"/><meta name=\"viewport\" content=\"width=device-width, initial-scale=1\"/><link rel=\"stylesheet\" href=\"/_next/static/chunks/%5Broot-of-the-server%5D__0mdry04._.css\" data-precedence=\"next_static/chunks/[root-of-the-server]__0mdry04._.css\"/><link rel=\"preload\" as=\"script\" fetchPriority=\"low\" href=\"/_next/static/chunks/%5Bturbopack%5D_browser_"}}
{"timestamp": "2026-09-09T15:04:13.622948+00:00", "level": "WARNING", "logger": "collector.runner", "message": "snapshot push failed, will retry next tick", "context": {"error": "POST /collector/snapshot returned 404: <!DOCTYPE html><html lang=\"en\" class=\"inter_fe8b9d92-module__LINzvG__variable ibm_plex_mono_b8c3c420-module__vGkobG__variable h-full\"><head><meta charSet=\"utf-8\"/><meta name=\"viewport\" content=\"width=device-width, initial-scale=1\"/><link rel=\"stylesheet\" href=\"/_next/static/chunks/%5Broot-of-the-server%5D__0mdry04._.css\" data-precedence=\"next_static/chunks/[root-of-the-server]__0mdry04._.css\"/><link rel=\"preload\" as=\"script\" fetchPriority=\"low\" href=\"/_next/static/chunks/%5Bturbopack%5D_browser_"}}
========================================================================
CONNECTION STATUS: UP | broker link: UP | server: MetaQuotes-Demo
ACCOUNT INFO
  login:    10012425443
  server:   MetaQuotes-Demo
  currency: USD
  balance:  3197.14
  equity:   3197.14
  margin:   0.0  free: 3197.14  level: 0.0
  profit (floating): 0.0
  leverage: 1:100
  trade_allowed: True
OPEN POSITIONS: none
BACKEND PUSH: FAILED — see logs
========================================================================
{"timestamp": "2026-09-09T15:04:13.623971+00:00", "level": "INFO", "logger": "collector.runner", "message": "snapshot cycle complete", "context": {"mt5_connected": true, "open_positions": 0, "push_ok": false}}
{"timestamp": "2026-09-09T15:04:13.704553+00:00", "level": "WARNING", "logger": "collector.runner", "message": "could not fetch sync cursor, skipping this trade-sync tick", "context": {"error": "GET /collector/cursor/82cd5b46-f216-43f0-8dc7-896295057067 returned 404: <!DOCTYPE html><html lang=\"en\" class=\"inter_fe8b9d92-module__LINzvG__variable ibm_plex_mono_b8c3c420-module__vGkobG__variable h-full\"><head><meta charSet=\"utf-8\"/><meta name=\"viewport\" content=\"width=device-width, initial-scale=1\"/><link rel=\"stylesheet\" href=\"/_next/static/chunks/%5Broot-of-the-server%5D__0mdry04._.css\" data-precedence=\"next_static/chunks/[root-of-the-server]__0mdry04._.css\"/><link rel=\"preload\" as=\"script\" fetchPriority=\"low\" href=\"/_next/static/chunks/%5Bturbopack%5D_browser_"}}
{"timestamp": "2026-09-09T15:04:27.759041+00:00", "level": "WARNING", "logger": "collector.runner", "message": "snapshot push failed, will retry next tick", "context": {"error": "POST /collector/snapshot failed: HTTPConnectionPool(host='localhost', port=3000): Max retries exceeded with url: /collector/snapshot (Caused by NewConnectionError(\"HTTPConnection(host='localhost', port=3000): Failed to establish a new connection: [WinError 10061] No connection could be made because the target machine actively refused it\"))"}}
========================================================================
CONNECTION STATUS: UP | broker link: UP | server: MetaQuotes-Demo
ACCOUNT INFO
  login:    10012425443
  server:   MetaQuotes-Demo
  currency: USD
  balance:  3197.14
  equity:   3197.14
  margin:   0.0  free: 3197.14  level: 0.0
  profit (floating): 0.0
  leverage: 1:100
  trade_allowed: True
OPEN POSITIONS: none
BACKEND PUSH: FAILED — see logs
========================================================================
{"timestamp": "2026-09-09T15:04:27.759041+00:00", "level": "INFO", "logger": "collector.runner", "message": "snapshot cycle complete", "context": {"mt5_connected": true, "open_positions": 0, "push_ok": false}}
{"timestamp": "2026-09-09T15:04:31.799094+00:00", "level": "WARNING", "logger": "collector.runner", "message": "could not fetch sync cursor, skipping this trade-sync tick", "context": {"error": "GET /collector/cursor/82cd5b46-f216-43f0-8dc7-896295057067 failed: HTTPConnectionPool(host='localhost', port=3000): Max retries exceeded with url: /collector/cursor/82cd5b46-f216-43f0-8dc7-896295057067 (Caused by NewConnectionError(\"HTTPConnection(host='localhost', port=3000): Failed to establish a new connection: [WinError 10061] No connection could be made because the target machine actively refused it\"))"}}
{"timestamp": "2026-09-09T15:04:45.855636+00:00", "level": "WARNING", "logger": "collector.runner", "message": "snapshot push failed, will retry next tick", "context": {"error": "POST /collector/snapshot failed: HTTPConnectionPool(host='localhost', port=3000): Max retries exceeded with url: /collector/snapshot (Caused by NewConnectionError(\"HTTPConnection(host='localhost', port=3000): Failed to establish a new connection: [WinError 10061] No connection could be made because the target machine actively refused it\"))"}}
========================================================================
CONNECTION STATUS: UP | broker link: UP | server: MetaQuotes-Demo
ACCOUNT INFO
  login:    10012425443
  server:   MetaQuotes-Demo
  currency: USD
  balance:  3197.14
  equity:   3197.14
  margin:   0.0  free: 3197.14  level: 0.0
  profit (floating): 0.0
  leverage: 1:100
  trade_allowed: True
OPEN POSITIONS: none
BACKEND PUSH: FAILED — see logs
========================================================================
{"timestamp": "2026-09-09T15:04:45.856633+00:00", "level": "INFO", "logger": "collector.runner", "message": "snapshot cycle complete", "context": {"mt5_connected": true, "open_positions": 0, "push_ok": false}}
{"timestamp": "2026-09-09T15:04:49.910856+00:00", "level": "WARNING", "logger": "collector.runner", "message": "could not fetch sync cursor, skipping this trade-sync tick", "context": {"error": "GET /collector/cursor/82cd5b46-f216-43f0-8dc7-896295057067 failed: HTTPConnectionPool(host='localhost', port=3000): Max retries exceeded with url: /collector/cursor/82cd5b46-f216-43f0-8dc7-896295057067 (Caused by NewConnectionError(\"HTTPConnection(host='localhost', port=3000): Failed to establish a new connection: [WinError 10061] No connection could be made because the target machine actively refused it\"))"}}
{"timestamp": "2026-09-09T15:05:03.996917+00:00", "level": "WARNING", "logger": "collector.runner", "message": "snapshot push failed, will retry next tick", "context": {"error": "POST /collector/snapshot failed: HTTPConnectionPool(host='localhost', port=3000): Max retries exceeded with url: /collector/snapshot (Caused by NewConnectionError(\"HTTPConnection(host='localhost', port=3000): Failed to establish a new connection: [WinError 10061] No connection could be made because the target machine actively refused it\"))"}}
========================================================================
CONNECTION STATUS: UP | broker link: UP | server: MetaQuotes-Demo
ACCOUNT INFO
  login:    10012425443
  server:   MetaQuotes-Demo
  currency: USD
  balance:  3197.14
  equity:   3197.14
  margin:   0.0  free: 3197.14  level: 0.0
  profit (floating): 0.0
  leverage: 1:100
  trade_allowed: True
OPEN POSITIONS: none
BACKEND PUSH: FAILED — see logs
========================================================================
{"timestamp": "2026-09-09T15:05:03.997931+00:00", "level": "INFO", "logger": "collector.runner", "message": "snapshot cycle complete", "context": {"mt5_connected": true, "open_positions": 0, "push_ok": false}}
{"timestamp": "2026-09-09T15:05:08.060659+00:00", "level": "WARNING", "logger": "collector.runner", "message": "could not fetch sync cursor, skipping this trade-sync tick", "context": {"error": "GET /collector/cursor/82cd5b46-f216-43f0-8dc7-896295057067 failed: HTTPConnectionPool(host='localhost', port=3000): Max retries exceeded with url: /collector/cursor/82cd5b46-f216-43f0-8dc7-896295057067 (Caused by NewConnectionError(\"HTTPConnection(host='localhost', port=3000): Failed to establish a new connection: [WinError 10061] No connection could be made because the target machine actively refused it\"))"}}
{"timestamp": "2026-09-09T15:05:22.141615+00:00", "level": "WARNING", "logger": "collector.runner", "message": "snapshot push failed, will retry next tick", "context": {"error": "POST /collector/snapshot failed: HTTPConnectionPool(host='localhost', port=3000): Max retries exceeded with url: /collector/snapshot (Caused by NewConnectionError(\"HTTPConnection(host='localhost', port=3000): Failed to establish a new connection: [WinError 10061] No connection could be made because the target machine actively refused it\"))"}}
========================================================================
CONNECTION STATUS: UP | broker link: UP | server: MetaQuotes-Demo
ACCOUNT INFO
  login:    10012425443
  server:   MetaQuotes-Demo
  currency: USD
  balance:  3197.14
  equity:   3197.14
  margin:   0.0  free: 3197.14  level: 0.0
  profit (floating): 0.0
  leverage: 1:100
  trade_allowed: True
OPEN POSITIONS: none
BACKEND PUSH: FAILED — see logs
========================================================================
{"timestamp": "2026-09-09T15:05:22.142619+00:00", "level": "INFO", "logger": "collector.runner", "message": "snapshot cycle complete", "context": {"mt5_connected": true, "open_positions": 0, "push_ok": false}}
{"timestamp": "2026-09-09T15:05:26.232887+00:00", "level": "WARNING", "logger": "collector.runner", "message": "could not fetch sync cursor, skipping this trade-sync tick", "context": {"error": "GET /collector/cursor/82cd5b46-f216-43f0-8dc7-896295057067 failed: HTTPConnectionPool(host='localhost', port=3000): Max retries exceeded with url: /collector/cursor/82cd5b46-f216-43f0-8dc7-896295057067 (Caused by NewConnectionError(\"HTTPConnection(host='localhost', port=3000): Failed to establish a new connection: [WinError 10061] No connection could be made because the target machine actively refused it\"))"}}
{"timestamp": "2026-09-09T15:05:40.319644+00:00", "level": "WARNING", "logger": "collector.runner", "message": "snapshot push failed, will retry next tick", "context": {"error": "POST /collector/snapshot failed: HTTPConnectionPool(host='localhost', port=3000): Max retries exceeded with url: /collector/snapshot (Caused by NewConnectionError(\"HTTPConnection(host='localhost', port=3000): Failed to establish a new connection: [WinError 10061] No connection could be made because the target machine actively refused it\"))"}}
========================================================================
CONNECTION STATUS: UP | broker link: UP | server: MetaQuotes-Demo
ACCOUNT INFO
  login:    10012425443
  server:   MetaQuotes-Demo
  currency: USD
  balance:  3197.14
  equity:   3197.14
  margin:   0.0  free: 3197.14  level: 0.0
  profit (floating): 0.0
  leverage: 1:100
  trade_allowed: True
OPEN POSITIONS: none
BACKEND PUSH: FAILED — see logs
========================================================================
{"timestamp": "2026-09-09T15:05:40.320648+00:00", "level": "INFO", "logger": "collector.runner", "message": "snapshot cycle complete", "context": {"mt5_connected": true, "open_positions": 0, "push_ok": false}}
{"timestamp": "2026-09-09T15:05:44.423129+00:00", "level": "WARNING", "logger": "collector.runner", "message": "could not fetch sync cursor, skipping this trade-sync tick", "context": {"error": "GET /collector/cursor/82cd5b46-f216-43f0-8dc7-896295057067 failed: HTTPConnectionPool(host='localhost', port=3000): Max retries exceeded with url: /collector/cursor/82cd5b46-f216-43f0-8dc7-896295057067 (Caused by NewConnectionError(\"HTTPConnection(host='localhost', port=3000): Failed to establish a new connection: [WinError 10061] No connection could be made because the target machine actively refused it\"))"}}
{"timestamp": "2026-09-09T15:05:58.533306+00:00", "level": "WARNING", "logger": "collector.runner", "message": "snapshot push failed, will retry next tick", "context": {"error": "POST /collector/snapshot failed: HTTPConnectionPool(host='localhost', port=3000): Max retries exceeded with url: /collector/snapshot (Caused by NewConnectionError(\"HTTPConnection(host='localhost', port=3000): Failed to establish a new connection: [WinError 10061] No connection could be made because the target machine actively refused it\"))"}}
========================================================================
CONNECTION STATUS: UP | broker link: UP | server: MetaQuotes-Demo
ACCOUNT INFO
  login:    10012425443
  server:   MetaQuotes-Demo
  currency: USD
  balance:  3197.14
  equity:   3197.14
  margin:   0.0  free: 3197.14  level: 0.0
  profit (floating): 0.0
  leverage: 1:100
  trade_allowed: True
OPEN POSITIONS: none
BACKEND PUSH: FAILED — see logs
========================================================================
{"timestamp": "2026-09-09T15:05:58.534197+00:00", "level": "INFO", "logger": "collector.runner", "message": "snapshot cycle complete", "context": {"mt5_connected": true, "open_positions": 0, "push_ok": false}}
{"timestamp": "2026-09-09T15:06:02.624560+00:00", "level": "WARNING", "logger": "collector.runner", "message": "could not fetch sync cursor, skipping this trade-sync tick", "context": {"error": "GET /collector/cursor/82cd5b46-f216-43f0-8dc7-896295057067 failed: HTTPConnectionPool(host='localhost', port=3000): Max retries exceeded with url: /collector/cursor/82cd5b46-f216-43f0-8dc7-896295057067 (Caused by NewConnectionError(\"HTTPConnection(host='localhost', port=3000): Failed to establish a new connection: [WinError 10061] No connection could be made because the target machine actively refused it\"))"}}
{"timestamp": "2026-09-09T15:06:16.706857+00:00", "level": "WARNING", "logger": "collector.runner", "message": "snapshot push failed, will retry next tick", "context": {"error": "POST /collector/snapshot failed: HTTPConnectionPool(host='localhost', port=3000): Max retries exceeded with url: /collector/snapshot (Caused by NewConnectionError(\"HTTPConnection(host='localhost', port=3000): Failed to establish a new connection: [WinError 10061] No connection could be made because the target machine actively refused it\"))"}}
========================================================================
CONNECTION STATUS: UP | broker link: UP | server: MetaQuotes-Demo
ACCOUNT INFO
  login:    10012425443
  server:   MetaQuotes-Demo
  currency: USD
  balance:  3197.14
  equity:   3197.14
  margin:   0.0  free: 3197.14  level: 0.0
  profit (floating): 0.0
  leverage: 1:100
  trade_allowed: True
OPEN POSITIONS: none
BACKEND PUSH: FAILED — see logs
========================================================================
{"timestamp": "2026-09-09T15:06:16.707854+00:00", "level": "INFO", "logger": "collector.runner", "message": "snapshot cycle complete", "context": {"mt5_connected": true, "open_positions": 0, "push_ok": false}}
{"timestamp": "2026-09-09T15:06:20.748482+00:00", "level": "WARNING", "logger": "collector.runner", "message": "could not fetch sync cursor, skipping this trade-sync tick", "context": {"error": "GET /collector/cursor/82cd5b46-f216-43f0-8dc7-896295057067 failed: HTTPConnectionPool(host='localhost', port=3000): Max retries exceeded with url: /collector/cursor/82cd5b46-f216-43f0-8dc7-896295057067 (Caused by NewConnectionError(\"HTTPConnection(host='localhost', port=3000): Failed to establish a new connection: [WinError 10061] No connection could be made because the target machine actively refused it\"))"}}
{"timestamp": "2026-09-09T15:06:34.811643+00:00", "level": "WARNING", "logger": "collector.runner", "message": "snapshot push failed, will retry next tick", "context": {"error": "POST /collector/snapshot failed: HTTPConnectionPool(host='localhost', port=3000): Max retries exceeded with url: /collector/snapshot (Caused by NewConnectionError(\"HTTPConnection(host='localhost', port=3000): Failed to establish a new connection: [WinError 10061] No connection could be made because the target machine actively refused it\"))"}}
========================================================================
CONNECTION STATUS: UP | broker link: UP | server: MetaQuotes-Demo
ACCOUNT INFO
  login:    10012425443
  server:   MetaQuotes-Demo
  currency: USD
  balance:  3197.14
  equity:   3197.14
  margin:   0.0  free: 3197.14  level: 0.0
  profit (floating): 0.0
  leverage: 1:100
  trade_allowed: True
OPEN POSITIONS: none
BACKEND PUSH: FAILED — see logs
========================================================================
{"timestamp": "2026-09-09T15:06:34.811643+00:00", "level": "INFO", "logger": "collector.runner", "message": "snapshot cycle complete", "context": {"mt5_connected": true, "open_positions": 0, "push_ok": false}}
{"timestamp": "2026-09-09T15:06:38.851960+00:00", "level": "WARNING", "logger": "collector.runner", "message": "could not fetch sync cursor, skipping this trade-sync tick", "context": {"error": "GET /collector/cursor/82cd5b46-f216-43f0-8dc7-896295057067 failed: HTTPConnectionPool(host='localhost', port=3000): Max retries exceeded with url: /collector/cursor/82cd5b46-f216-43f0-8dc7-896295057067 (Caused by NewConnectionError(\"HTTPConnection(host='localhost', port=3000): Failed to establish a new connection: [WinError 10061] No connection could be made because the target machine actively refused it\"))"}}
{"timestamp": "2026-09-09T15:06:52.932356+00:00", "level": "WARNING", "logger": "collector.runner", "message": "snapshot push failed, will retry next tick", "context": {"error": "POST /collector/snapshot failed: HTTPConnectionPool(host='localhost', port=3000): Max retries exceeded with url: /collector/snapshot (Caused by NewConnectionError(\"HTTPConnection(host='localhost', port=3000): Failed to establish a new connection: [WinError 10061] No connection could be made because the target machine actively refused it\"))"}}
========================================================================
CONNECTION STATUS: UP | broker link: UP | server: MetaQuotes-Demo
ACCOUNT INFO
  login:    10012425443
  server:   MetaQuotes-Demo
  currency: USD
  balance:  3197.14
  equity:   3197.14
  margin:   0.0  free: 3197.14  level: 0.0
  profit (floating): 0.0
  leverage: 1:100
  trade_allowed: True
OPEN POSITIONS: none
BACKEND PUSH: FAILED — see logs
========================================================================
{"timestamp": "2026-09-09T15:06:52.932356+00:00", "level": "INFO", "logger": "collector.runner", "message": "snapshot cycle complete", "context": {"mt5_connected": true, "open_positions": 0, "push_ok": false}}
{"timestamp": "2026-09-09T15:06:57.011455+00:00", "level": "WARNING", "logger": "collector.runner", "message": "could not fetch sync cursor, skipping this trade-sync tick", "context": {"error": "GET /collector/cursor/82cd5b46-f216-43f0-8dc7-896295057067 failed: HTTPConnectionPool(host='localhost', port=3000): Max retries exceeded with url: /collector/cursor/82cd5b46-f216-43f0-8dc7-896295057067 (Caused by NewConnectionError(\"HTTPConnection(host='localhost', port=3000): Failed to establish a new connection: [WinError 10061] No connection could be made because the target machine actively refused it\"))"}}
{"timestamp": "2026-09-09T15:07:11.129335+00:00", "level": "WARNING", "logger": "collector.runner", "message": "snapshot push failed, will retry next tick", "context": {"error": "POST /collector/snapshot failed: HTTPConnectionPool(host='localhost', port=3000): Max retries exceeded with url: /collector/snapshot (Caused by NewConnectionError(\"HTTPConnection(host='localhost', port=3000): Failed to establish a new connection: [WinError 10061] No connection could be made because the target machine actively refused it\"))"}}
========================================================================
CONNECTION STATUS: UP | broker link: UP | server: MetaQuotes-Demo
ACCOUNT INFO
  login:    10012425443
  server:   MetaQuotes-Demo
  currency: USD
  balance:  3197.14
  equity:   3197.14
  margin:   0.0  free: 3197.14  level: 0.0
  profit (floating): 0.0
  leverage: 1:100
  trade_allowed: True
OPEN POSITIONS: none
BACKEND PUSH: FAILED — see logs
========================================================================
{"timestamp": "2026-09-09T15:07:11.129335+00:00", "level": "INFO", "logger": "collector.runner", "message": "snapshot cycle complete", "context": {"mt5_connected": true, "open_positions": 0, "push_ok": false}}
{"timestamp": "2026-09-09T15:07:15.201243+00:00", "level": "WARNING", "logger": "collector.runner", "message": "could not fetch sync cursor, skipping this trade-sync tick", "context": {"error": "GET /collector/cursor/82cd5b46-f216-43f0-8dc7-896295057067 failed: HTTPConnectionPool(host='localhost', port=3000): Max retries exceeded with url: /collector/cursor/82cd5b46-f216-43f0-8dc7-896295057067 (Caused by NewConnectionError(\"HTTPConnection(host='localhost', port=3000): Failed to establish a new connection: [WinError 10061] No connection could be made because the target machine actively refused it\"))"}}
{"timestamp": "2026-09-09T15:07:29.274544+00:00", "level": "WARNING", "logger": "collector.runner", "message": "snapshot push failed, will retry next tick", "context": {"error": "POST /collector/snapshot failed: HTTPConnectionPool(host='localhost', port=3000): Max retries exceeded with url: /collector/snapshot (Caused by NewConnectionError(\"HTTPConnection(host='localhost', port=3000): Failed to establish a new connection: [WinError 10061] No connection could be made because the target machine actively refused it\"))"}}
========================================================================
CONNECTION STATUS: UP | broker link: UP | server: MetaQuotes-Demo
ACCOUNT INFO
  login:    10012425443
  server:   MetaQuotes-Demo
  currency: USD
  balance:  3197.14
  equity:   3197.14
  margin:   0.0  free: 3197.14  level: 0.0
  profit (floating): 0.0
  leverage: 1:100
  trade_allowed: True
OPEN POSITIONS: none
BACKEND PUSH: FAILED — see logs
========================================================================
{"timestamp": "2026-09-09T15:07:29.274544+00:00", "level": "INFO", "logger": "collector.runner", "message": "snapshot cycle complete", "context": {"mt5_connected": true, "open_positions": 0, "push_ok": false}}
{"timestamp": "2026-09-09T15:07:33.325387+00:00", "level": "WARNING", "logger": "collector.runner", "message": "could not fetch sync cursor, skipping this trade-sync tick", "context": {"error": "GET /collector/cursor/82cd5b46-f216-43f0-8dc7-896295057067 failed: HTTPConnectionPool(host='localhost', port=3000): Max retries exceeded with url: /collector/cursor/82cd5b46-f216-43f0-8dc7-896295057067 (Caused by NewConnectionError(\"HTTPConnection(host='localhost', port=3000): Failed to establish a new connection: [WinError 10061] No connection could be made because the target machine actively refused it\"))"}}
========================================================================
CONNECTION STATUS: UP | broker link: UP | server: MetaQuotes-Demo
ACCOUNT INFO
  login:    10012425443
  server:   MetaQuotes-Demo
  currency: USD
  balance:  3197.14
  equity:   3197.14
  margin:   0.0  free: 3197.14  level: 0.0
  profit (floating): 0.0
  leverage: 1:100
  trade_allowed: True
OPEN POSITIONS: none
BACKEND PUSH: ok
========================================================================
{"timestamp": "2026-09-09T15:07:45.990186+00:00", "level": "INFO", "logger": "collector.runner", "message": "snapshot cycle complete", "context": {"mt5_connected": true, "open_positions": 0, "push_ok": true}}
{"timestamp": "2026-09-09T15:07:46.488252+00:00", "level": "INFO", "logger": "collector.runner", "message": "trade sync pushed", "context": {"date_from": "2026-09-09T12:47:41.481000+00:00", "deals_sent": 0, "trades_created": 0, "trades_updated": 0}}
RECENT DEALS (last 90d): none
{"timestamp": "2026-09-09T15:08:37.138343+00:00", "level": "INFO", "logger": "collector.runner", "message": "connected to MT5 terminal"}
========================================================================
CONNECTION STATUS: UP | broker link: UP | server: MetaQuotes-Demo
ACCOUNT INFO
  login:    10012425443
  server:   MetaQuotes-Demo
  currency: USD
  balance:  3197.14
  equity:   3197.14
  margin:   0.0  free: 3197.14  level: 0.0
  profit (floating): 0.0
  leverage: 1:100
  trade_allowed: True
OPEN POSITIONS: none
BACKEND PUSH: ok
========================================================================
{"timestamp": "2026-09-09T15:08:37.545801+00:00", "level": "INFO", "logger": "collector.runner", "message": "snapshot cycle complete", "context": {"mt5_connected": true, "open_positions": 0, "push_ok": true}}
{"timestamp": "2026-09-09T15:08:37.648995+00:00", "level": "INFO", "logger": "collector.runner", "message": "candle sync (incremental)", "context": {"symbol": "EURUSD", "timeframe": "M5", "date_from": "2026-09-09T12:25:00+00:00"}}
{"timestamp": "2026-09-09T15:08:37.954566+00:00", "level": "INFO", "logger": "collector.runner", "message": "candle sync (incremental)", "context": {"symbol": "EURUSD", "timeframe": "M15", "date_from": "2026-09-09T11:45:00+00:00"}}
{"timestamp": "2026-09-09T15:08:38.069456+00:00", "level": "INFO", "logger": "collector.runner", "message": "candle sync (incremental)", "context": {"symbol": "EURUSD", "timeframe": "H1", "date_from": "2026-09-09T08:00:00+00:00"}}
{"timestamp": "2026-09-09T15:08:38.212331+00:00", "level": "INFO", "logger": "collector.runner", "message": "candle sync (incremental)", "context": {"symbol": "EURUSD", "timeframe": "M30", "date_from": "2026-09-09T10:30:00+00:00"}}
{"timestamp": "2026-09-09T15:08:38.379037+00:00", "level": "INFO", "logger": "collector.runner", "message": "candle batch pushed", "context": {"symbol": "EURUSD", "timeframe": "M30", "batch_size": 9, "upserted": 9}}
{"timestamp": "2026-09-09T15:08:38.500785+00:00", "level": "INFO", "logger": "collector.runner", "message": "candle sync (incremental)", "context": {"symbol": "EURUSD", "timeframe": "H4", "date_from": "2026-09-08T20:00:00+00:00"}}
{"timestamp": "2026-09-09T15:08:38.647568+00:00", "level": "INFO", "logger": "collector.runner", "message": "candle batch pushed", "context": {"symbol": "EURUSD", "timeframe": "H4", "batch_size": 4, "upserted": 4}}
{"timestamp": "2026-09-09T15:08:38.798768+00:00", "level": "INFO", "logger": "collector.runner", "message": "candle sync (incremental)", "context": {"symbol": "EURUSD", "timeframe": "D1", "date_from": "2026-09-05T00:00:00+00:00"}}
{"timestamp": "2026-09-09T15:08:38.930877+00:00", "level": "INFO", "logger": "collector.runner", "message": "candle batch pushed", "context": {"symbol": "EURUSD", "timeframe": "D1", "batch_size": 2, "upserted": 2}}
{"timestamp": "2026-09-09T15:08:39.020159+00:00", "level": "INFO", "logger": "collector.runner", "message": "candle sync (incremental)", "context": {"symbol": "EURUSD", "timeframe": "W1", "date_from": "2026-08-09T00:00:00+00:00"}}
{"timestamp": "2026-09-09T15:08:39.134017+00:00", "level": "INFO", "logger": "collector.runner", "message": "candle batch pushed", "context": {"symbol": "EURUSD", "timeframe": "W1", "batch_size": 4, "upserted": 4}}
{"timestamp": "2026-09-09T15:08:39.231467+00:00", "level": "INFO", "logger": "collector.runner", "message": "candle sync (incremental)", "context": {"symbol": "EURUSD", "timeframe": "MN1", "date_from": "2026-04-30T00:00:00+00:00"}}
{"timestamp": "2026-09-09T15:08:39.343245+00:00", "level": "INFO", "logger": "collector.runner", "message": "candle batch pushed", "context": {"symbol": "EURUSD", "timeframe": "MN1", "batch_size": 4, "upserted": 4}}
========================================================================
CONNECTION STATUS: UP | broker link: UP | server: MetaQuotes-Demo
ACCOUNT INFO
  login:    10012425443
  server:   MetaQuotes-Demo
  currency: USD
  balance:  3197.14
  equity:   3197.14
  margin:   0.0  free: 3197.14  level: 0.0
  profit (floating): 0.0
  leverage: 1:100
  trade_allowed: True
OPEN POSITIONS: none
BACKEND PUSH: ok
========================================================================
{"timestamp": "2026-09-09T15:08:49.732222+00:00", "level": "INFO", "logger": "collector.runner", "message": "snapshot cycle complete", "context": {"mt5_connected": true, "open_positions": 0, "push_ok": true}}
{"timestamp": "2026-09-09T15:08:50.482820+00:00", "level": "INFO", "logger": "collector.runner", "message": "trade sync pushed", "context": {"date_from": "2026-09-09T15:02:46.217000+00:00", "deals_sent": 0, "trades_created": 0, "trades_updated": 0}}
RECENT DEALS (last 90d): none
========================================================================
CONNECTION STATUS: UP | broker link: UP | server: MetaQuotes-Demo
ACCOUNT INFO
  login:    10012425443
  server:   MetaQuotes-Demo
  currency: USD
  balance:  3197.14
  equity:   3197.14
  margin:   0.0  free: 3197.14  level: 0.0
  profit (floating): 0.0
  leverage: 1:100
  trade_allowed: True
OPEN POSITIONS: none
BACKEND PUSH: ok
========================================================================
{"timestamp": "2026-09-09T15:09:01.408873+00:00", "level": "INFO", "logger": "collector.runner", "message": "snapshot cycle complete", "context": {"mt5_connected": true, "open_positions": 0, "push_ok": true}}
========================================================================
CONNECTION STATUS: UP | broker link: UP | server: MetaQuotes-Demo
ACCOUNT INFO
  login:    10012425443
  server:   MetaQuotes-Demo
  currency: USD
  balance:  3197.14
  equity:   3197.14
  margin:   0.0  free: 3197.14  level: 0.0
  profit (floating): 0.0
  leverage: 1:100
  trade_allowed: True
OPEN POSITIONS: none
BACKEND PUSH: ok
========================================================================
{"timestamp": "2026-09-09T15:09:11.959881+00:00", "level": "INFO", "logger": "collector.runner", "message": "snapshot cycle complete", "context": {"mt5_connected": true, "open_positions": 0, "push_ok": true}}
========================================================================
CONNECTION STATUS: UP | broker link: UP | server: MetaQuotes-Demo
ACCOUNT INFO
  login:    10012425443
  server:   MetaQuotes-Demo
  currency: USD
  balance:  3197.14
  equity:   3197.14
  margin:   0.0  free: 3197.14  level: 0.0
  profit (floating): 0.0
  leverage: 1:100
  trade_allowed: True
OPEN POSITIONS: none
BACKEND PUSH: ok
========================================================================
{"timestamp": "2026-09-09T15:09:22.348913+00:00", "level": "INFO", "logger": "collector.runner", "message": "snapshot cycle complete", "context": {"mt5_connected": true, "open_positions": 0, "push_ok": true}}
========================================================================
CONNECTION STATUS: UP | broker link: UP | server: MetaQuotes-Demo
ACCOUNT INFO
  login:    10012425443
  server:   MetaQuotes-Demo
  currency: USD
  balance:  3197.14
  equity:   3197.14
  margin:   0.0  free: 3197.14  level: 0.0
  profit (floating): 0.0
  leverage: 1:100
  trade_allowed: True
OPEN POSITIONS: none
BACKEND PUSH: ok
========================================================================
{"timestamp": "2026-09-09T15:09:32.743155+00:00", "level": "INFO", "logger": "collector.runner", "message": "snapshot cycle complete", "context": {"mt5_connected": true, "open_positions": 0, "push_ok": true}}
========================================================================
CONNECTION STATUS: UP | broker link: UP | server: MetaQuotes-Demo
ACCOUNT INFO
  login:    10012425443
  server:   MetaQuotes-Demo
  currency: USD
  balance:  3197.14
  equity:   3197.14
  margin:   0.0  free: 3197.14  level: 0.0
  profit (floating): 0.0
  leverage: 1:100
  trade_allowed: True
OPEN POSITIONS: none
BACKEND PUSH: ok
========================================================================
{"timestamp": "2026-09-09T15:09:43.168191+00:00", "level": "INFO", "logger": "collector.runner", "message": "snapshot cycle complete", "context": {"mt5_connected": true, "open_positions": 0, "push_ok": true}}
========================================================================
CONNECTION STATUS: UP | broker link: UP | server: MetaQuotes-Demo
ACCOUNT INFO
  login:    10012425443
  server:   MetaQuotes-Demo
  currency: USD
  balance:  3197.14
  equity:   3197.14
  margin:   0.0  free: 3197.14  level: 0.0
  profit (floating): 0.0
  leverage: 1:100
  trade_allowed: True
OPEN POSITIONS: none
BACKEND PUSH: ok
========================================================================
{"timestamp": "2026-09-09T15:09:53.498285+00:00", "level": "INFO", "logger": "collector.runner", "message": "snapshot cycle complete", "context": {"mt5_connected": true, "open_positions": 0, "push_ok": true}}
{"timestamp": "2026-09-09T15:09:53.939494+00:00", "level": "INFO", "logger": "collector.runner", "message": "trade sync pushed", "context": {"date_from": "2026-09-09T15:03:49.922000+00:00", "deals_sent": 0, "trades_created": 0, "trades_updated": 0}}
RECENT DEALS (last 90d): none
========================================================================
CONNECTION STATUS: UP | broker link: UP | server: MetaQuotes-Demo
ACCOUNT INFO
  login:    10012425443
  server:   MetaQuotes-Demo
  currency: USD
  balance:  3197.14
  equity:   3197.14
  margin:   0.0  free: 3197.14  level: 0.0
  profit (floating): 0.0
  leverage: 1:100
  trade_allowed: True
OPEN POSITIONS: none
BACKEND PUSH: ok
========================================================================
{"timestamp": "2026-09-09T15:10:04.297008+00:00", "level": "INFO", "logger": "collector.runner", "message": "snapshot cycle complete", "context": {"mt5_connected": true, "open_positions": 0, "push_ok": true}}
========================================================================
CONNECTION STATUS: UP | broker link: UP | server: MetaQuotes-Demo
ACCOUNT INFO
  login:    10012425443
  server:   MetaQuotes-Demo
  currency: USD
  balance:  3197.14
  equity:   3197.14
  margin:   0.0  free: 3197.14  level: 0.0
  profit (floating): 0.0
  leverage: 1:100
  trade_allowed: True
OPEN POSITIONS: none
BACKEND PUSH: ok
========================================================================
{"timestamp": "2026-09-09T15:10:14.663094+00:00", "level": "INFO", "logger": "collector.runner", "message": "snapshot cycle complete", "context": {"mt5_connected": true, "open_positions": 0, "push_ok": true}}
========================================================================
CONNECTION STATUS: UP | broker link: UP | server: MetaQuotes-Demo
ACCOUNT INFO
  login:    10012425443
  server:   MetaQuotes-Demo
  currency: USD
  balance:  3197.14
  equity:   3197.14
  margin:   0.0  free: 3197.14  level: 0.0
  profit (floating): 0.0
  leverage: 1:100
  trade_allowed: True
OPEN POSITIONS: none
BACKEND PUSH: ok
========================================================================
{"timestamp": "2026-09-09T15:10:25.004249+00:00", "level": "INFO", "logger": "collector.runner", "message": "snapshot cycle complete", "context": {"mt5_connected": true, "open_positions": 0, "push_ok": true}}
========================================================================
CONNECTION STATUS: UP | broker link: UP | server: MetaQuotes-Demo
ACCOUNT INFO
  login:    10012425443
  server:   MetaQuotes-Demo
  currency: USD
  balance:  3197.14
  equity:   3197.14
  margin:   0.0  free: 3197.14  level: 0.0
  profit (floating): 0.0
  leverage: 1:100
  trade_allowed: True
OPEN POSITIONS: none
BACKEND PUSH: ok
========================================================================
{"timestamp": "2026-09-09T15:10:35.392427+00:00", "level": "INFO", "logger": "collector.runner", "message": "snapshot cycle complete", "context": {"mt5_connected": true, "open_positions": 0, "push_ok": true}}
========================================================================
CONNECTION STATUS: UP | broker link: UP | server: MetaQuotes-Demo
ACCOUNT INFO
  login:    10012425443
  server:   MetaQuotes-Demo
  currency: USD
  balance:  3197.14
  equity:   3197.14
  margin:   0.0  free: 3197.14  level: 0.0
  profit (floating): 0.0
  leverage: 1:100
  trade_allowed: True
OPEN POSITIONS: none
BACKEND PUSH: ok
========================================================================
{"timestamp": "2026-09-09T15:10:45.724840+00:00", "level": "INFO", "logger": "collector.runner", "message": "snapshot cycle complete", "context": {"mt5_connected": true, "open_positions": 0, "push_ok": true}}
========================================================================
CONNECTION STATUS: UP | broker link: UP | server: MetaQuotes-Demo
ACCOUNT INFO
  login:    10012425443
  server:   MetaQuotes-Demo
  currency: USD
  balance:  3197.14
  equity:   3197.14
  margin:   0.0  free: 3197.14  level: 0.0
  profit (floating): 0.0
  leverage: 1:100
  trade_allowed: True
OPEN POSITIONS: none
BACKEND PUSH: ok
========================================================================
{"timestamp": "2026-09-09T15:10:56.101147+00:00", "level": "INFO", "logger": "collector.runner", "message": "snapshot cycle complete", "context": {"mt5_connected": true, "open_positions": 0, "push_ok": true}}
{"timestamp": "2026-09-09T15:10:56.572635+00:00", "level": "INFO", "logger": "collector.runner", "message": "trade sync pushed", "context": {"date_from": "2026-09-09T15:04:53.706000+00:00", "deals_sent": 0, "trades_created": 0, "trades_updated": 0}}
RECENT DEALS (last 90d): none
========================================================================
CONNECTION STATUS: UP | broker link: UP | server: MetaQuotes-Demo
ACCOUNT INFO
  login:    10012425443
  server:   MetaQuotes-Demo
  currency: USD
  balance:  3197.14
  equity:   3197.14
  margin:   0.0  free: 3197.14  level: 0.0
  profit (floating): 0.0
  leverage: 1:100
  trade_allowed: True
OPEN POSITIONS: none
BACKEND PUSH: ok
========================================================================
{"timestamp": "2026-09-09T15:11:06.920466+00:00", "level": "INFO", "logger": "collector.runner", "message": "snapshot cycle complete", "context": {"mt5_connected": true, "open_positions": 0, "push_ok": true}}
========================================================================
CONNECTION STATUS: UP | broker link: UP | server: MetaQuotes-Demo
ACCOUNT INFO
  login:    10012425443
  server:   MetaQuotes-Demo
  currency: USD
  balance:  3197.14
  equity:   3197.14
  margin:   0.0  free: 3197.14  level: 0.0
  profit (floating): 0.0
  leverage: 1:100
  trade_allowed: True
OPEN POSITIONS: none
BACKEND PUSH: ok
========================================================================
{"timestamp": "2026-09-09T15:11:17.288474+00:00", "level": "INFO", "logger": "collector.runner", "message": "snapshot cycle complete", "context": {"mt5_connected": true, "open_positions": 0, "push_ok": true}}
========================================================================
CONNECTION STATUS: UP | broker link: UP | server: MetaQuotes-Demo
ACCOUNT INFO
  login:    10012425443
  server:   MetaQuotes-Demo
  currency: USD
  balance:  3197.14
  equity:   3197.14
  margin:   0.0  free: 3197.14  level: 0.0
  profit (floating): 0.0
  leverage: 1:100
  trade_allowed: True
OPEN POSITIONS: none
BACKEND PUSH: ok
========================================================================
{"timestamp": "2026-09-09T15:11:27.665491+00:00", "level": "INFO", "logger": "collector.runner", "message": "snapshot cycle complete", "context": {"mt5_connected": true, "open_positions": 0, "push_ok": true}}
========================================================================
CONNECTION STATUS: UP | broker link: UP | server: MetaQuotes-Demo
ACCOUNT INFO
  login:    10012425443
  server:   MetaQuotes-Demo
  currency: USD
  balance:  3197.14
  equity:   3197.14
  margin:   0.0  free: 3197.14  level: 0.0
  profit (floating): 0.0
  leverage: 1:100
  trade_allowed: True
OPEN POSITIONS: none
BACKEND PUSH: ok
========================================================================
{"timestamp": "2026-09-09T15:11:38.011266+00:00", "level": "INFO", "logger": "collector.runner", "message": "snapshot cycle complete", "context": {"mt5_connected": true, "open_positions": 0, "push_ok": true}}
========================================================================
CONNECTION STATUS: UP | broker link: UP | server: MetaQuotes-Demo
ACCOUNT INFO
  login:    10012425443
  server:   MetaQuotes-Demo
  currency: USD
  balance:  3197.14
  equity:   3197.14
  margin:   0.0  free: 3197.14  level: 0.0
  profit (floating): 0.0
  leverage: 1:100
  trade_allowed: True
OPEN POSITIONS: none
BACKEND PUSH: ok
========================================================================
{"timestamp": "2026-09-09T15:11:48.384604+00:00", "level": "INFO", "logger": "collector.runner", "message": "snapshot cycle complete", "context": {"mt5_connected": true, "open_positions": 0, "push_ok": true}}
========================================================================
CONNECTION STATUS: UP | broker link: UP | server: MetaQuotes-Demo
ACCOUNT INFO
  login:    10012425443
  server:   MetaQuotes-Demo
  currency: USD
  balance:  3197.14
  equity:   3197.14
  margin:   0.0  free: 3197.14  level: 0.0
  profit (floating): 0.0
  leverage: 1:100
  trade_allowed: True
OPEN POSITIONS: none
BACKEND PUSH: ok
========================================================================
{"timestamp": "2026-09-09T15:11:59.749763+00:00", "level": "INFO", "logger": "collector.runner", "message": "snapshot cycle complete", "context": {"mt5_connected": true, "open_positions": 0, "push_ok": true}}
{"timestamp": "2026-09-09T15:12:01.786470+00:00", "level": "INFO", "logger": "collector.runner", "message": "trade sync pushed", "context": {"date_from": "2026-09-09T15:05:56.341000+00:00", "deals_sent": 0, "trades_created": 0, "trades_updated": 0}}
RECENT DEALS (last 90d): none
========================================================================
CONNECTION STATUS: UP | broker link: UP | server: MetaQuotes-Demo
ACCOUNT INFO
  login:    10012425443
  server:   MetaQuotes-Demo
  currency: USD
  balance:  3197.14
  equity:   3197.14
  margin:   0.0  free: 3197.14  level: 0.0
  profit (floating): 0.0
  leverage: 1:100
  trade_allowed: True
OPEN POSITIONS: none
BACKEND PUSH: ok
========================================================================
{"timestamp": "2026-09-09T15:12:17.097929+00:00", "level": "INFO", "logger": "collector.runner", "message": "snapshot cycle complete", "context": {"mt5_connected": true, "open_positions": 0, "push_ok": true}}
========================================================================
CONNECTION STATUS: UP | broker link: UP | server: MetaQuotes-Demo
ACCOUNT INFO
  login:    10012425443
  server:   MetaQuotes-Demo
  currency: USD
  balance:  3197.14
  equity:   3197.14
  margin:   0.0  free: 3197.14  level: 0.0
  profit (floating): 0.0
  leverage: 1:100
  trade_allowed: True
OPEN POSITIONS: none
BACKEND PUSH: ok
========================================================================
{"timestamp": "2026-09-09T15:12:27.589235+00:00", "level": "INFO", "logger": "collector.runner", "message": "snapshot cycle complete", "context": {"mt5_connected": true, "open_positions": 0, "push_ok": true}}
========================================================================
CONNECTION STATUS: UP | broker link: UP | server: MetaQuotes-Demo
ACCOUNT INFO
  login:    10012425443
  server:   MetaQuotes-Demo
  currency: USD
  balance:  3197.14
  equity:   3197.14
  margin:   0.0  free: 3197.14  level: 0.0
  profit (floating): 0.0
  leverage: 1:100
  trade_allowed: True
OPEN POSITIONS: none
BACKEND PUSH: ok
========================================================================
{"timestamp": "2026-09-09T15:12:38.088110+00:00", "level": "INFO", "logger": "collector.runner", "message": "snapshot cycle complete", "context": {"mt5_connected": true, "open_positions": 0, "push_ok": true}}
========================================================================
CONNECTION STATUS: UP | broker link: UP | server: MetaQuotes-Demo
ACCOUNT INFO
  login:    10012425443
  server:   MetaQuotes-Demo
  currency: USD
  balance:  3197.14
  equity:   3197.14
  margin:   0.0  free: 3197.14  level: 0.0
  profit (floating): 0.0
  leverage: 1:100
  trade_allowed: True
OPEN POSITIONS: none
BACKEND PUSH: ok
========================================================================
{"timestamp": "2026-09-09T15:12:49.646434+00:00", "level": "INFO", "logger": "collector.runner", "message": "snapshot cycle complete", "context": {"mt5_connected": true, "open_positions": 0, "push_ok": true}}
========================================================================
CONNECTION STATUS: UP | broker link: UP | server: MetaQuotes-Demo
ACCOUNT INFO
  login:    10012425443
  server:   MetaQuotes-Demo
  currency: USD
  balance:  3197.14
  equity:   3197.14
  margin:   0.0  free: 3197.14  level: 0.0
  profit (floating): 0.0
  leverage: 1:100
  trade_allowed: True
OPEN POSITIONS: none
BACKEND PUSH: ok
========================================================================
{"timestamp": "2026-09-09T15:13:00.067181+00:00", "level": "INFO", "logger": "collector.runner", "message": "snapshot cycle complete", "context": {"mt5_connected": true, "open_positions": 0, "push_ok": true}}
========================================================================
CONNECTION STATUS: UP | broker link: UP | server: MetaQuotes-Demo
ACCOUNT INFO
  login:    10012425443
  server:   MetaQuotes-Demo
  currency: USD
  balance:  3197.14
  equity:   3197.14
  margin:   0.0  free: 3197.14  level: 0.0
  profit (floating): 0.0
  leverage: 1:100
  trade_allowed: True
OPEN POSITIONS: none
BACKEND PUSH: ok
========================================================================
{"timestamp": "2026-09-09T15:13:10.615233+00:00", "level": "INFO", "logger": "collector.runner", "message": "snapshot cycle complete", "context": {"mt5_connected": true, "open_positions": 0, "push_ok": true}}
{"timestamp": "2026-09-09T15:13:11.253495+00:00", "level": "INFO", "logger": "collector.runner", "message": "trade sync pushed", "context": {"date_from": "2026-09-09T15:07:00.976000+00:00", "deals_sent": 0, "trades_created": 0, "trades_updated": 0}}
RECENT DEALS (last 90d): none
========================================================================
CONNECTION STATUS: UP | broker link: UP | server: MetaQuotes-Demo
ACCOUNT INFO
  login:    10012425443
  server:   MetaQuotes-Demo
  currency: USD
  balance:  3197.14
  equity:   3197.14
  margin:   0.0  free: 3197.14  level: 0.0
  profit (floating): 0.0
  leverage: 1:100
  trade_allowed: True
OPEN POSITIONS: none
BACKEND PUSH: ok
========================================================================
{"timestamp": "2026-09-09T15:13:21.713727+00:00", "level": "INFO", "logger": "collector.runner", "message": "snapshot cycle complete", "context": {"mt5_connected": true, "open_positions": 0, "push_ok": true}}
========================================================================
CONNECTION STATUS: UP | broker link: UP | server: MetaQuotes-Demo
ACCOUNT INFO
  login:    10012425443
  server:   MetaQuotes-Demo
  currency: USD
  balance:  3197.14
  equity:   3197.14
  margin:   0.0  free: 3197.14  level: 0.0
  profit (floating): 0.0
  leverage: 1:100
  trade_allowed: True
OPEN POSITIONS: none
BACKEND PUSH: ok
========================================================================
{"timestamp": "2026-09-09T15:13:32.068060+00:00", "level": "INFO", "logger": "collector.runner", "message": "snapshot cycle complete", "context": {"mt5_connected": true, "open_positions": 0, "push_ok": true}}
========================================================================
CONNECTION STATUS: UP | broker link: UP | server: MetaQuotes-Demo
ACCOUNT INFO
  login:    10012425443
  server:   MetaQuotes-Demo
  currency: USD
  balance:  3197.14
  equity:   3197.14
  margin:   0.0  free: 3197.14  level: 0.0
  profit (floating): 0.0
  leverage: 1:100
  trade_allowed: True
OPEN POSITIONS: none
BACKEND PUSH: ok
========================================================================
{"timestamp": "2026-09-09T15:13:42.579769+00:00", "level": "INFO", "logger": "collector.runner", "message": "snapshot cycle complete", "context": {"mt5_connected": true, "open_positions": 0, "push_ok": true}}
{"timestamp": "2026-09-09T15:13:42.687619+00:00", "level": "INFO", "logger": "collector.runner", "message": "candle sync (incremental)", "context": {"symbol": "EURUSD", "timeframe": "M5", "date_from": "2026-09-09T12:25:00+00:00"}}
{"timestamp": "2026-09-09T15:13:42.819039+00:00", "level": "INFO", "logger": "collector.runner", "message": "candle batch pushed", "context": {"symbol": "EURUSD", "timeframe": "M5", "batch_size": 33, "upserted": 33}}
{"timestamp": "2026-09-09T15:13:42.917136+00:00", "level": "INFO", "logger": "collector.runner", "message": "candle sync (incremental)", "context": {"symbol": "EURUSD", "timeframe": "M15", "date_from": "2026-09-09T11:45:00+00:00"}}
{"timestamp": "2026-09-09T15:13:43.042359+00:00", "level": "INFO", "logger": "collector.runner", "message": "candle batch pushed", "context": {"symbol": "EURUSD", "timeframe": "M15", "batch_size": 13, "upserted": 13}}
{"timestamp": "2026-09-09T15:13:43.149074+00:00", "level": "INFO", "logger": "collector.runner", "message": "candle sync (incremental)", "context": {"symbol": "EURUSD", "timeframe": "H1", "date_from": "2026-09-09T08:00:00+00:00"}}
{"timestamp": "2026-09-09T15:13:43.261218+00:00", "level": "INFO", "logger": "collector.runner", "message": "candle batch pushed", "context": {"symbol": "EURUSD", "timeframe": "H1", "batch_size": 7, "upserted": 7}}
{"timestamp": "2026-09-09T15:13:43.364738+00:00", "level": "INFO", "logger": "collector.runner", "message": "candle sync (incremental)", "context": {"symbol": "EURUSD", "timeframe": "M30", "date_from": "2026-09-09T13:00:00+00:00"}}
{"timestamp": "2026-09-09T15:13:43.481201+00:00", "level": "INFO", "logger": "collector.runner", "message": "candle batch pushed", "context": {"symbol": "EURUSD", "timeframe": "M30", "batch_size": 4, "upserted": 4}}
{"timestamp": "2026-09-09T15:13:43.584040+00:00", "level": "INFO", "logger": "collector.runner", "message": "candle sync (incremental)", "context": {"symbol": "EURUSD", "timeframe": "H4", "date_from": "2026-09-08T20:00:00+00:00"}}
{"timestamp": "2026-09-09T15:13:43.688248+00:00", "level": "INFO", "logger": "collector.runner", "message": "candle batch pushed", "context": {"symbol": "EURUSD", "timeframe": "H4", "batch_size": 4, "upserted": 4}}
{"timestamp": "2026-09-09T15:13:43.784923+00:00", "level": "INFO", "logger": "collector.runner", "message": "candle sync (incremental)", "context": {"symbol": "EURUSD", "timeframe": "D1", "date_from": "2026-09-05T00:00:00+00:00"}}
{"timestamp": "2026-09-09T15:13:43.890545+00:00", "level": "INFO", "logger": "collector.runner", "message": "candle batch pushed", "context": {"symbol": "EURUSD", "timeframe": "D1", "batch_size": 2, "upserted": 2}}
{"timestamp": "2026-09-09T15:13:43.980732+00:00", "level": "INFO", "logger": "collector.runner", "message": "candle sync (incremental)", "context": {"symbol": "EURUSD", "timeframe": "W1", "date_from": "2026-08-09T00:00:00+00:00"}}
{"timestamp": "2026-09-09T15:13:44.099827+00:00", "level": "INFO", "logger": "collector.runner", "message": "candle batch pushed", "context": {"symbol": "EURUSD", "timeframe": "W1", "batch_size": 4, "upserted": 4}}
{"timestamp": "2026-09-09T15:13:44.194689+00:00", "level": "INFO", "logger": "collector.runner", "message": "candle sync (incremental)", "context": {"symbol": "EURUSD", "timeframe": "MN1", "date_from": "2026-04-30T00:00:00+00:00"}}
{"timestamp": "2026-09-09T15:13:44.304130+00:00", "level": "INFO", "logger": "collector.runner", "message": "candle batch pushed", "context": {"symbol": "EURUSD", "timeframe": "MN1", "batch_size": 4, "upserted": 4}}
========================================================================
CONNECTION STATUS: UP | broker link: UP | server: MetaQuotes-Demo
ACCOUNT INFO
  login:    10012425443
  server:   MetaQuotes-Demo
  currency: USD
  balance:  3197.14
  equity:   3197.14
  margin:   0.0  free: 3197.14  level: 0.0
  profit (floating): 0.0
  leverage: 1:100
  trade_allowed: True
OPEN POSITIONS: none
BACKEND PUSH: ok
========================================================================
{"timestamp": "2026-09-09T15:13:54.802589+00:00", "level": "INFO", "logger": "collector.runner", "message": "snapshot cycle complete", "context": {"mt5_connected": true, "open_positions": 0, "push_ok": true}}
========================================================================
CONNECTION STATUS: UP | broker link: UP | server: MetaQuotes-Demo
ACCOUNT INFO
  login:    10012425443
  server:   MetaQuotes-Demo
  currency: USD
  balance:  3197.14
  equity:   3197.14
  margin:   0.0  free: 3197.14  level: 0.0
  profit (floating): 0.0
  leverage: 1:100
  trade_allowed: True
OPEN POSITIONS: none
BACKEND PUSH: ok
========================================================================
{"timestamp": "2026-09-09T15:14:05.401264+00:00", "level": "INFO", "logger": "collector.runner", "message": "snapshot cycle complete", "context": {"mt5_connected": true, "open_positions": 0, "push_ok": true}}
========================================================================
CONNECTION STATUS: UP | broker link: UP | server: MetaQuotes-Demo
ACCOUNT INFO
  login:    10012425443
  server:   MetaQuotes-Demo
  currency: USD
  balance:  3197.14
  equity:   3197.14
  margin:   0.0  free: 3197.14  level: 0.0
  profit (floating): 0.0
  leverage: 1:100
  trade_allowed: True
OPEN POSITIONS: none
BACKEND PUSH: ok
========================================================================
{"timestamp": "2026-09-09T15:14:15.827078+00:00", "level": "INFO", "logger": "collector.runner", "message": "snapshot cycle complete", "context": {"mt5_connected": true, "open_positions": 0, "push_ok": true}}
{"timestamp": "2026-09-09T15:14:16.301874+00:00", "level": "INFO", "logger": "collector.runner", "message": "trade sync pushed", "context": {"date_from": "2026-09-09T15:08:10.918000+00:00", "deals_sent": 0, "trades_created": 0, "trades_updated": 0}}
RECENT DEALS (last 90d): none
========================================================================
CONNECTION STATUS: UP | broker link: UP | server: MetaQuotes-Demo
ACCOUNT INFO
  login:    10012425443
  server:   MetaQuotes-Demo
  currency: USD
  balance:  3197.14
  equity:   3197.14
  margin:   0.0  free: 3197.14  level: 0.0
  profit (floating): 0.0
  leverage: 1:100
  trade_allowed: True
OPEN POSITIONS: none
BACKEND PUSH: ok
========================================================================
{"timestamp": "2026-09-09T15:14:27.470419+00:00", "level": "INFO", "logger": "collector.runner", "message": "snapshot cycle complete", "context": {"mt5_connected": true, "open_positions": 0, "push_ok": true}}
========================================================================
CONNECTION STATUS: UP | broker link: UP | server: MetaQuotes-Demo
ACCOUNT INFO
  login:    10012425443
  server:   MetaQuotes-Demo
  currency: USD
  balance:  3197.14
  equity:   3197.14
  margin:   0.0  free: 3197.14  level: 0.0
  profit (floating): 0.0
  leverage: 1:100
  trade_allowed: True
OPEN POSITIONS: none
BACKEND PUSH: ok
========================================================================
{"timestamp": "2026-09-09T15:14:37.959155+00:00", "level": "INFO", "logger": "collector.runner", "message": "snapshot cycle complete", "context": {"mt5_connected": true, "open_positions": 0, "push_ok": true}}
========================================================================
CONNECTION STATUS: UP | broker link: UP | server: MetaQuotes-Demo
ACCOUNT INFO
  login:    10012425443
  server:   MetaQuotes-Demo
  currency: USD
  balance:  3197.14
  equity:   3197.14
  margin:   0.0  free: 3197.14  level: 0.0
  profit (floating): 0.0
  leverage: 1:100
  trade_allowed: True
OPEN POSITIONS: none
BACKEND PUSH: ok
========================================================================
{"timestamp": "2026-09-09T15:14:48.541455+00:00", "level": "INFO", "logger": "collector.runner", "message": "snapshot cycle complete", "context": {"mt5_connected": true, "open_positions": 0, "push_ok": true}}
========================================================================
CONNECTION STATUS: UP | broker link: UP | server: MetaQuotes-Demo
ACCOUNT INFO
  login:    10012425443
  server:   MetaQuotes-Demo
  currency: USD
  balance:  3197.14
  equity:   3197.14
  margin:   0.0  free: 3197.14  level: 0.0
  profit (floating): 0.0
  leverage: 1:100
  trade_allowed: True
OPEN POSITIONS: none
BACKEND PUSH: ok
========================================================================
{"timestamp": "2026-09-09T15:14:59.339848+00:00", "level": "INFO", "logger": "collector.runner", "message": "snapshot cycle complete", "context": {"mt5_connected": true, "open_positions": 0, "push_ok": true}}
========================================================================
CONNECTION STATUS: UP | broker link: UP | server: MetaQuotes-Demo
ACCOUNT INFO
  login:    10012425443
  server:   MetaQuotes-Demo
  currency: USD
  balance:  3197.14
  equity:   3197.14
  margin:   0.0  free: 3197.14  level: 0.0
  profit (floating): 0.0
  leverage: 1:100
  trade_allowed: True
OPEN POSITIONS: none
BACKEND PUSH: ok
========================================================================
{"timestamp": "2026-09-09T15:15:09.785353+00:00", "level": "INFO", "logger": "collector.runner", "message": "snapshot cycle complete", "context": {"mt5_connected": true, "open_positions": 0, "push_ok": true}}
========================================================================
CONNECTION STATUS: UP | broker link: UP | server: MetaQuotes-Demo
ACCOUNT INFO
  login:    10012425443
  server:   MetaQuotes-Demo
  currency: USD
  balance:  3197.14
  equity:   3197.14
  margin:   0.0  free: 3197.14  level: 0.0
  profit (floating): 0.0
  leverage: 1:100
  trade_allowed: True
OPEN POSITIONS: none
BACKEND PUSH: ok
========================================================================
{"timestamp": "2026-09-09T15:15:20.218485+00:00", "level": "INFO", "logger": "collector.runner", "message": "snapshot cycle complete", "context": {"mt5_connected": true, "open_positions": 0, "push_ok": true}}
{"timestamp": "2026-09-09T15:15:20.715565+00:00", "level": "INFO", "logger": "collector.runner", "message": "trade sync pushed", "context": {"date_from": "2026-09-09T15:09:16.040000+00:00", "deals_sent": 0, "trades_created": 0, "trades_updated": 0}}
RECENT DEALS (last 90d): none
========================================================================
CONNECTION STATUS: UP | broker link: UP | server: MetaQuotes-Demo
ACCOUNT INFO
  login:    10012425443
  server:   MetaQuotes-Demo
  currency: USD
  balance:  3197.14
  equity:   3197.14
  margin:   0.0  free: 3197.14  level: 0.0
  profit (floating): 0.0
  leverage: 1:100
  trade_allowed: True
OPEN POSITIONS: none
BACKEND PUSH: ok
========================================================================
{"timestamp": "2026-09-09T15:15:31.178650+00:00", "level": "INFO", "logger": "collector.runner", "message": "snapshot cycle complete", "context": {"mt5_connected": true, "open_positions": 0, "push_ok": true}}
========================================================================
CONNECTION STATUS: UP | broker link: UP | server: MetaQuotes-Demo
ACCOUNT INFO
  login:    10012425443
  server:   MetaQuotes-Demo
  currency: USD
  balance:  3197.14
  equity:   3197.14
  margin:   0.0  free: 3197.14  level: 0.0
  profit (floating): 0.0
  leverage: 1:100
  trade_allowed: True
OPEN POSITIONS: none
BACKEND PUSH: ok
========================================================================
{"timestamp": "2026-09-09T15:15:42.172412+00:00", "level": "INFO", "logger": "collector.runner", "message": "snapshot cycle complete", "context": {"mt5_connected": true, "open_positions": 0, "push_ok": true}}
========================================================================
CONNECTION STATUS: UP | broker link: UP | server: MetaQuotes-Demo
ACCOUNT INFO
  login:    10012425443
  server:   MetaQuotes-Demo
  currency: USD
  balance:  3197.14
  equity:   3197.14
  margin:   0.0  free: 3197.14  level: 0.0
  profit (floating): 0.0
  leverage: 1:100
  trade_allowed: True
OPEN POSITIONS: none
BACKEND PUSH: ok
========================================================================
{"timestamp": "2026-09-09T15:15:52.569953+00:00", "level": "INFO", "logger": "collector.runner", "message": "snapshot cycle complete", "context": {"mt5_connected": true, "open_positions": 0, "push_ok": true}}
========================================================================
CONNECTION STATUS: UP | broker link: UP | server: MetaQuotes-Demo
ACCOUNT INFO
  login:    10012425443
  server:   MetaQuotes-Demo
  currency: USD
  balance:  3197.14
  equity:   3197.14
  margin:   0.0  free: 3197.14  level: 0.0
  profit (floating): 0.0
  leverage: 1:100
  trade_allowed: True
OPEN POSITIONS: none
BACKEND PUSH: ok
========================================================================
{"timestamp": "2026-09-09T15:16:03.044875+00:00", "level": "INFO", "logger": "collector.runner", "message": "snapshot cycle complete", "context": {"mt5_connected": true, "open_positions": 0, "push_ok": true}}
========================================================================
CONNECTION STATUS: UP | broker link: UP | server: MetaQuotes-Demo
ACCOUNT INFO
  login:    10012425443
  server:   MetaQuotes-Demo
  currency: USD
  balance:  3197.14
  equity:   3197.14
  margin:   0.0  free: 3197.14  level: 0.0
  profit (floating): 0.0
  leverage: 1:100
  trade_allowed: True
OPEN POSITIONS: none
BACKEND PUSH: ok
========================================================================
{"timestamp": "2026-09-09T15:16:13.453276+00:00", "level": "INFO", "logger": "collector.runner", "message": "snapshot cycle complete", "context": {"mt5_connected": true, "open_positions": 0, "push_ok": true}}
========================================================================
CONNECTION STATUS: UP | broker link: UP | server: MetaQuotes-Demo
ACCOUNT INFO
  login:    10012425443
  server:   MetaQuotes-Demo
  currency: USD
  balance:  3197.14
  equity:   3197.14
  margin:   0.0  free: 3197.14  level: 0.0
  profit (floating): 0.0
  leverage: 1:100
  trade_allowed: True
OPEN POSITIONS: none
BACKEND PUSH: ok
========================================================================
{"timestamp": "2026-09-09T15:16:23.891750+00:00", "level": "INFO", "logger": "collector.runner", "message": "snapshot cycle complete", "context": {"mt5_connected": true, "open_positions": 0, "push_ok": true}}
{"timestamp": "2026-09-09T15:16:24.425779+00:00", "level": "INFO", "logger": "collector.runner", "message": "trade sync pushed", "context": {"date_from": "2026-09-09T15:10:20.423000+00:00", "deals_sent": 0, "trades_created": 0, "trades_updated": 0}}
RECENT DEALS (last 90d): none
========================================================================
CONNECTION STATUS: UP | broker link: UP | server: MetaQuotes-Demo
ACCOUNT INFO
  login:    10012425443
  server:   MetaQuotes-Demo
  currency: USD
  balance:  3197.14
  equity:   3197.14
  margin:   0.0  free: 3197.14  level: 0.0
  profit (floating): 0.0
  leverage: 1:100
  trade_allowed: True
OPEN POSITIONS: none
BACKEND PUSH: ok
========================================================================
{"timestamp": "2026-09-09T15:16:34.851407+00:00", "level": "INFO", "logger": "collector.runner", "message": "snapshot cycle complete", "context": {"mt5_connected": true, "open_positions": 0, "push_ok": true}}
========================================================================
CONNECTION STATUS: UP | broker link: UP | server: MetaQuotes-Demo
ACCOUNT INFO
  login:    10012425443
  server:   MetaQuotes-Demo
  currency: USD
  balance:  3197.14
  equity:   3197.14
  margin:   0.0  free: 3197.14  level: 0.0
  profit (floating): 0.0
  leverage: 1:100
  trade_allowed: True
OPEN POSITIONS: none
BACKEND PUSH: ok
========================================================================
{"timestamp": "2026-09-09T15:16:45.275074+00:00", "level": "INFO", "logger": "collector.runner", "message": "snapshot cycle complete", "context": {"mt5_connected": true, "open_positions": 0, "push_ok": true}}
========================================================================
CONNECTION STATUS: UP | broker link: UP | server: MetaQuotes-Demo
ACCOUNT INFO
  login:    10012425443
  server:   MetaQuotes-Demo
  currency: USD
  balance:  3197.14
  equity:   3197.14
  margin:   0.0  free: 3197.14  level: 0.0
  profit (floating): 0.0
  leverage: 1:100
  trade_allowed: True
OPEN POSITIONS: none
BACKEND PUSH: ok
========================================================================
{"timestamp": "2026-09-09T15:16:55.749364+00:00", "level": "INFO", "logger": "collector.runner", "message": "snapshot cycle complete", "context": {"mt5_connected": true, "open_positions": 0, "push_ok": true}}
========================================================================
CONNECTION STATUS: UP | broker link: UP | server: MetaQuotes-Demo
ACCOUNT INFO
  login:    10012425443
  server:   MetaQuotes-Demo
  currency: USD
  balance:  3197.14
  equity:   3197.14
  margin:   0.0  free: 3197.14  level: 0.0
  profit (floating): 0.0
  leverage: 1:100
  trade_allowed: True
OPEN POSITIONS: none
BACKEND PUSH: ok
========================================================================
{"timestamp": "2026-09-09T15:17:06.283205+00:00", "level": "INFO", "logger": "collector.runner", "message": "snapshot cycle complete", "context": {"mt5_connected": true, "open_positions": 0, "push_ok": true}}
========================================================================
CONNECTION STATUS: UP | broker link: UP | server: MetaQuotes-Demo
ACCOUNT INFO
  login:    10012425443
  server:   MetaQuotes-Demo
  currency: USD
  balance:  3197.14
  equity:   3197.14
  margin:   0.0  free: 3197.14  level: 0.0
  profit (floating): 0.0
  leverage: 1:100
  trade_allowed: True
OPEN POSITIONS: none
BACKEND PUSH: ok
========================================================================
{"timestamp": "2026-09-09T15:17:16.730352+00:00", "level": "INFO", "logger": "collector.runner", "message": "snapshot cycle complete", "context": {"mt5_connected": true, "open_positions": 0, "push_ok": true}}
========================================================================
CONNECTION STATUS: UP | broker link: UP | server: MetaQuotes-Demo
ACCOUNT INFO
  login:    10012425443
  server:   MetaQuotes-Demo
  currency: USD
  balance:  3197.14
  equity:   3197.14
  margin:   0.0  free: 3197.14  level: 0.0
  profit (floating): 0.0
  leverage: 1:100
  trade_allowed: True
OPEN POSITIONS: none
BACKEND PUSH: ok
========================================================================
{"timestamp": "2026-09-09T15:17:27.236669+00:00", "level": "INFO", "logger": "collector.runner", "message": "snapshot cycle complete", "context": {"mt5_connected": true, "open_positions": 0, "push_ok": true}}
{"timestamp": "2026-09-09T15:17:27.797134+00:00", "level": "INFO", "logger": "collector.runner", "message": "trade sync pushed", "context": {"date_from": "2026-09-09T15:11:24.116000+00:00", "deals_sent": 0, "trades_created": 0, "trades_updated": 0}}
RECENT DEALS (last 90d): none
========================================================================
CONNECTION STATUS: UP | broker link: UP | server: MetaQuotes-Demo
ACCOUNT INFO
  login:    10012425443
  server:   MetaQuotes-Demo
  currency: USD
  balance:  3197.14
  equity:   3197.14
  margin:   0.0  free: 3197.14  level: 0.0
  profit (floating): 0.0
  leverage: 1:100
  trade_allowed: True
OPEN POSITIONS: none
BACKEND PUSH: ok
========================================================================
{"timestamp": "2026-09-09T15:17:38.204790+00:00", "level": "INFO", "logger": "collector.runner", "message": "snapshot cycle complete", "context": {"mt5_connected": true, "open_positions": 0, "push_ok": true}}
========================================================================
CONNECTION STATUS: UP | broker link: UP | server: MetaQuotes-Demo
ACCOUNT INFO
  login:    10012425443
  server:   MetaQuotes-Demo
  currency: USD
  balance:  3197.14
  equity:   3197.14
  margin:   0.0  free: 3197.14  level: 0.0
  profit (floating): 0.0
  leverage: 1:100
  trade_allowed: True
OPEN POSITIONS: none
BACKEND PUSH: ok
========================================================================
{"timestamp": "2026-09-09T15:17:48.641564+00:00", "level": "INFO", "logger": "collector.runner", "message": "snapshot cycle complete", "context": {"mt5_connected": true, "open_positions": 0, "push_ok": true}}
========================================================================
CONNECTION STATUS: UP | broker link: UP | server: MetaQuotes-Demo
ACCOUNT INFO
  login:    10012425443
  server:   MetaQuotes-Demo
  currency: USD
  balance:  3197.14
  equity:   3197.14
  margin:   0.0  free: 3197.14  level: 0.0
  profit (floating): 0.0
  leverage: 1:100
  trade_allowed: True
OPEN POSITIONS: none
BACKEND PUSH: ok
========================================================================
{"timestamp": "2026-09-09T15:17:59.380365+00:00", "level": "INFO", "logger": "collector.runner", "message": "snapshot cycle complete", "context": {"mt5_connected": true, "open_positions": 0, "push_ok": true}}
========================================================================
CONNECTION STATUS: UP | broker link: UP | server: MetaQuotes-Demo
ACCOUNT INFO
  login:    10012425443
  server:   MetaQuotes-Demo
  currency: USD
  balance:  3197.14
  equity:   3197.14
  margin:   0.0  free: 3197.14  level: 0.0
  profit (floating): 0.0
  leverage: 1:100
  trade_allowed: True
OPEN POSITIONS: none
BACKEND PUSH: ok
========================================================================
{"timestamp": "2026-09-09T15:18:09.852177+00:00", "level": "INFO", "logger": "collector.runner", "message": "snapshot cycle complete", "context": {"mt5_connected": true, "open_positions": 0, "push_ok": true}}
========================================================================
CONNECTION STATUS: UP | broker link: UP | server: MetaQuotes-Demo
ACCOUNT INFO
  login:    10012425443
  server:   MetaQuotes-Demo
  currency: USD
  balance:  3197.14
  equity:   3197.14
  margin:   0.0  free: 3197.14  level: 0.0
  profit (floating): 0.0
  leverage: 1:100
  trade_allowed: True
OPEN POSITIONS: none
BACKEND PUSH: ok
========================================================================
{"timestamp": "2026-09-09T15:18:20.357425+00:00", "level": "INFO", "logger": "collector.runner", "message": "snapshot cycle complete", "context": {"mt5_connected": true, "open_positions": 0, "push_ok": true}}
========================================================================
CONNECTION STATUS: UP | broker link: UP | server: MetaQuotes-Demo
ACCOUNT INFO
  login:    10012425443
  server:   MetaQuotes-Demo
  currency: USD
  balance:  3197.14
  equity:   3197.14
  margin:   0.0  free: 3197.14  level: 0.0
  profit (floating): 0.0
  leverage: 1:100
  trade_allowed: True
OPEN POSITIONS: none
BACKEND PUSH: ok
========================================================================
{"timestamp": "2026-09-09T15:18:30.913313+00:00", "level": "INFO", "logger": "collector.runner", "message": "snapshot cycle complete", "context": {"mt5_connected": true, "open_positions": 0, "push_ok": true}}
{"timestamp": "2026-09-09T15:18:31.556552+00:00", "level": "INFO", "logger": "collector.runner", "message": "trade sync pushed", "context": {"date_from": "2026-09-09T15:12:27.484000+00:00", "deals_sent": 0, "trades_created": 0, "trades_updated": 0}}
RECENT DEALS (last 90d): none
========================================================================
CONNECTION STATUS: UP | broker link: UP | server: MetaQuotes-Demo
ACCOUNT INFO
  login:    10012425443
  server:   MetaQuotes-Demo
  currency: USD
  balance:  3197.14
  equity:   3197.14
  margin:   0.0  free: 3197.14  level: 0.0
  profit (floating): 0.0
  leverage: 1:100
  trade_allowed: True
OPEN POSITIONS: none
BACKEND PUSH: ok
========================================================================
{"timestamp": "2026-09-09T15:18:42.029314+00:00", "level": "INFO", "logger": "collector.runner", "message": "snapshot cycle complete", "context": {"mt5_connected": true, "open_positions": 0, "push_ok": true}}
========================================================================
CONNECTION STATUS: UP | broker link: UP | server: MetaQuotes-Demo
ACCOUNT INFO
  login:    10012425443
  server:   MetaQuotes-Demo
  currency: USD
  balance:  3197.14
  equity:   3197.14
  margin:   0.0  free: 3197.14  level: 0.0
  profit (floating): 0.0
  leverage: 1:100
  trade_allowed: True
OPEN POSITIONS: none
BACKEND PUSH: ok
========================================================================
{"timestamp": "2026-09-09T15:18:52.508527+00:00", "level": "INFO", "logger": "collector.runner", "message": "snapshot cycle complete", "context": {"mt5_connected": true, "open_positions": 0, "push_ok": true}}
{"timestamp": "2026-09-09T15:18:52.623247+00:00", "level": "INFO", "logger": "collector.runner", "message": "candle sync (incremental)", "context": {"symbol": "EURUSD", "timeframe": "M5", "date_from": "2026-09-09T14:50:00+00:00"}}
{"timestamp": "2026-09-09T15:18:52.746034+00:00", "level": "INFO", "logger": "collector.runner", "message": "candle batch pushed", "context": {"symbol": "EURUSD", "timeframe": "M5", "batch_size": 5, "upserted": 5}}
{"timestamp": "2026-09-09T15:18:52.855756+00:00", "level": "INFO", "logger": "collector.runner", "message": "candle sync (incremental)", "context": {"symbol": "EURUSD", "timeframe": "M15", "date_from": "2026-09-09T14:00:00+00:00"}}
{"timestamp": "2026-09-09T15:18:52.978710+00:00", "level": "INFO", "logger": "collector.runner", "message": "candle batch pushed", "context": {"symbol": "EURUSD", "timeframe": "M15", "batch_size": 5, "upserted": 5}}
{"timestamp": "2026-09-09T15:18:53.080258+00:00", "level": "INFO", "logger": "collector.runner", "message": "candle sync (incremental)", "context": {"symbol": "EURUSD", "timeframe": "H1", "date_from": "2026-09-09T11:00:00+00:00"}}
{"timestamp": "2026-09-09T15:18:53.201243+00:00", "level": "INFO", "logger": "collector.runner", "message": "candle batch pushed", "context": {"symbol": "EURUSD", "timeframe": "H1", "batch_size": 4, "upserted": 4}}
{"timestamp": "2026-09-09T15:18:53.296453+00:00", "level": "INFO", "logger": "collector.runner", "message": "candle sync (incremental)", "context": {"symbol": "EURUSD", "timeframe": "M30", "date_from": "2026-09-09T13:00:00+00:00"}}
{"timestamp": "2026-09-09T15:18:53.409322+00:00", "level": "INFO", "logger": "collector.runner", "message": "candle batch pushed", "context": {"symbol": "EURUSD", "timeframe": "M30", "batch_size": 4, "upserted": 4}}
{"timestamp": "2026-09-09T15:18:53.507173+00:00", "level": "INFO", "logger": "collector.runner", "message": "candle sync (incremental)", "context": {"symbol": "EURUSD", "timeframe": "H4", "date_from": "2026-09-08T20:00:00+00:00"}}
{"timestamp": "2026-09-09T15:18:53.602943+00:00", "level": "INFO", "logger": "collector.runner", "message": "candle batch pushed", "context": {"symbol": "EURUSD", "timeframe": "H4", "batch_size": 4, "upserted": 4}}
{"timestamp": "2026-09-09T15:18:53.706141+00:00", "level": "INFO", "logger": "collector.runner", "message": "candle sync (incremental)", "context": {"symbol": "EURUSD", "timeframe": "D1", "date_from": "2026-09-05T00:00:00+00:00"}}
{"timestamp": "2026-09-09T15:18:53.821889+00:00", "level": "INFO", "logger": "collector.runner", "message": "candle batch pushed", "context": {"symbol": "EURUSD", "timeframe": "D1", "batch_size": 2, "upserted": 2}}
{"timestamp": "2026-09-09T15:18:53.926448+00:00", "level": "INFO", "logger": "collector.runner", "message": "candle sync (incremental)", "context": {"symbol": "EURUSD", "timeframe": "W1", "date_from": "2026-08-09T00:00:00+00:00"}}
{"timestamp": "2026-09-09T15:18:54.041544+00:00", "level": "INFO", "logger": "collector.runner", "message": "candle batch pushed", "context": {"symbol": "EURUSD", "timeframe": "W1", "batch_size": 4, "upserted": 4}}
{"timestamp": "2026-09-09T15:18:54.150986+00:00", "level": "INFO", "logger": "collector.runner", "message": "candle sync (incremental)", "context": {"symbol": "EURUSD", "timeframe": "MN1", "date_from": "2026-04-30T00:00:00+00:00"}}
{"timestamp": "2026-09-09T15:18:54.268675+00:00", "level": "INFO", "logger": "collector.runner", "message": "candle batch pushed", "context": {"symbol": "EURUSD", "timeframe": "MN1", "batch_size": 4, "upserted": 4}}
========================================================================
CONNECTION STATUS: UP | broker link: UP | server: MetaQuotes-Demo
ACCOUNT INFO
  login:    10012425443
  server:   MetaQuotes-Demo
  currency: USD
  balance:  3197.14
  equity:   3197.14
  margin:   0.0  free: 3197.14  level: 0.0
  profit (floating): 0.0
  leverage: 1:100
  trade_allowed: True
OPEN POSITIONS: none
BACKEND PUSH: ok
========================================================================
{"timestamp": "2026-09-09T15:19:04.695856+00:00", "level": "INFO", "logger": "collector.runner", "message": "snapshot cycle complete", "context": {"mt5_connected": true, "open_positions": 0, "push_ok": true}}
========================================================================
CONNECTION STATUS: UP | broker link: UP | server: MetaQuotes-Demo
ACCOUNT INFO
  login:    10012425443
  server:   MetaQuotes-Demo
  currency: USD
  balance:  3197.14
  equity:   3197.14
  margin:   0.0  free: 3197.14  level: 0.0
  profit (floating): 0.0
  leverage: 1:100
  trade_allowed: True
OPEN POSITIONS: none
BACKEND PUSH: ok
========================================================================
{"timestamp": "2026-09-09T15:19:15.098058+00:00", "level": "INFO", "logger": "collector.runner", "message": "snapshot cycle complete", "context": {"mt5_connected": true, "open_positions": 0, "push_ok": true}}
========================================================================
CONNECTION STATUS: UP | broker link: UP | server: MetaQuotes-Demo
ACCOUNT INFO
  login:    10012425443
  server:   MetaQuotes-Demo
  currency: USD
  balance:  3197.14
  equity:   3197.14
  margin:   0.0  free: 3197.14  level: 0.0
  profit (floating): 0.0
  leverage: 1:100
  trade_allowed: True
OPEN POSITIONS: none
BACKEND PUSH: ok
========================================================================
{"timestamp": "2026-09-09T15:19:25.493910+00:00", "level": "INFO", "logger": "collector.runner", "message": "snapshot cycle complete", "context": {"mt5_connected": true, "open_positions": 0, "push_ok": true}}
========================================================================
CONNECTION STATUS: UP | broker link: UP | server: MetaQuotes-Demo
ACCOUNT INFO
  login:    10012425443
  server:   MetaQuotes-Demo
  currency: USD
  balance:  3197.14
  equity:   3197.14
  margin:   0.0  free: 3197.14  level: 0.0
  profit (floating): 0.0
  leverage: 1:100
  trade_allowed: True
OPEN POSITIONS: none
BACKEND PUSH: ok
========================================================================
{"timestamp": "2026-09-09T15:19:35.924090+00:00", "level": "INFO", "logger": "collector.runner", "message": "snapshot cycle complete", "context": {"mt5_connected": true, "open_positions": 0, "push_ok": true}}
{"timestamp": "2026-09-09T15:19:36.390742+00:00", "level": "INFO", "logger": "collector.runner", "message": "trade sync pushed", "context": {"date_from": "2026-09-09T15:13:31.228000+00:00", "deals_sent": 0, "trades_created": 0, "trades_updated": 0}}
RECENT DEALS (last 90d): none
========================================================================
CONNECTION STATUS: UP | broker link: UP | server: MetaQuotes-Demo
ACCOUNT INFO
  login:    10012425443
  server:   MetaQuotes-Demo
  currency: USD
  balance:  3197.14
  equity:   3197.14
  margin:   0.0  free: 3197.14  level: 0.0
  profit (floating): 0.0
  leverage: 1:100
  trade_allowed: True
OPEN POSITIONS: none
BACKEND PUSH: ok
========================================================================
{"timestamp": "2026-09-09T15:19:46.886796+00:00", "level": "INFO", "logger": "collector.runner", "message": "snapshot cycle complete", "context": {"mt5_connected": true, "open_positions": 0, "push_ok": true}}
========================================================================
CONNECTION STATUS: UP | broker link: UP | server: MetaQuotes-Demo
ACCOUNT INFO
  login:    10012425443
  server:   MetaQuotes-Demo
  currency: USD
  balance:  3197.14
  equity:   3197.14
  margin:   0.0  free: 3197.14  level: 0.0
  profit (floating): 0.0
  leverage: 1:100
  trade_allowed: True
OPEN POSITIONS: none
BACKEND PUSH: ok
========================================================================
{"timestamp": "2026-09-09T15:19:57.274703+00:00", "level": "INFO", "logger": "collector.runner", "message": "snapshot cycle complete", "context": {"mt5_connected": true, "open_positions": 0, "push_ok": true}}
========================================================================
CONNECTION STATUS: UP | broker link: UP | server: MetaQuotes-Demo
ACCOUNT INFO
  login:    10012425443
  server:   MetaQuotes-Demo
  currency: USD
  balance:  3197.14
  equity:   3197.14
  margin:   0.0  free: 3197.14  level: 0.0
  profit (floating): 0.0
  leverage: 1:100
  trade_allowed: True
OPEN POSITIONS: none
BACKEND PUSH: ok
========================================================================
{"timestamp": "2026-09-09T15:20:07.711473+00:00", "level": "INFO", "logger": "collector.runner", "message": "snapshot cycle complete", "context": {"mt5_connected": true, "open_positions": 0, "push_ok": true}}
========================================================================
CONNECTION STATUS: UP | broker link: UP | server: MetaQuotes-Demo
ACCOUNT INFO
  login:    10012425443
  server:   MetaQuotes-Demo
  currency: USD
  balance:  3197.14
  equity:   3197.14
  margin:   0.0  free: 3197.14  level: 0.0
  profit (floating): 0.0
  leverage: 1:100
  trade_allowed: True
OPEN POSITIONS: none
BACKEND PUSH: ok
========================================================================
{"timestamp": "2026-09-09T15:20:18.165376+00:00", "level": "INFO", "logger": "collector.runner", "message": "snapshot cycle complete", "context": {"mt5_connected": true, "open_positions": 0, "push_ok": true}}
========================================================================
CONNECTION STATUS: UP | broker link: UP | server: MetaQuotes-Demo
ACCOUNT INFO
  login:    10012425443
  server:   MetaQuotes-Demo
  currency: USD
  balance:  3197.14
  equity:   3197.14
  margin:   0.0  free: 3197.14  level: 0.0
  profit (floating): 0.0
  leverage: 1:100
  trade_allowed: True
OPEN POSITIONS: none
BACKEND PUSH: ok
========================================================================
{"timestamp": "2026-09-09T15:20:28.578806+00:00", "level": "INFO", "logger": "collector.runner", "message": "snapshot cycle complete", "context": {"mt5_connected": true, "open_positions": 0, "push_ok": true}}
========================================================================
CONNECTION STATUS: UP | broker link: UP | server: MetaQuotes-Demo
ACCOUNT INFO
  login:    10012425443
  server:   MetaQuotes-Demo
  currency: USD
  balance:  3197.14
  equity:   3197.14
  margin:   0.0  free: 3197.14  level: 0.0
  profit (floating): 0.0
  leverage: 1:100
  trade_allowed: True
OPEN POSITIONS: none
BACKEND PUSH: ok
========================================================================
{"timestamp": "2026-09-09T15:20:39.025565+00:00", "level": "INFO", "logger": "collector.runner", "message": "snapshot cycle complete", "context": {"mt5_connected": true, "open_positions": 0, "push_ok": true}}
{"timestamp": "2026-09-09T15:20:39.586533+00:00", "level": "INFO", "logger": "collector.runner", "message": "trade sync pushed", "context": {"date_from": "2026-09-09T15:14:36.118000+00:00", "deals_sent": 0, "trades_created": 0, "trades_updated": 0}}
RECENT DEALS (last 90d): none
========================================================================
CONNECTION STATUS: UP | broker link: UP | server: MetaQuotes-Demo
ACCOUNT INFO
  login:    10012425443
  server:   MetaQuotes-Demo
  currency: USD
  balance:  3197.14
  equity:   3197.14
  margin:   0.0  free: 3197.14  level: 0.0
  profit (floating): 0.0
  leverage: 1:100
  trade_allowed: True
OPEN POSITIONS: none
BACKEND PUSH: ok
========================================================================
{"timestamp": "2026-09-09T15:20:49.972125+00:00", "level": "INFO", "logger": "collector.runner", "message": "snapshot cycle complete", "context": {"mt5_connected": true, "open_positions": 0, "push_ok": true}}
========================================================================
CONNECTION STATUS: UP | broker link: UP | server: MetaQuotes-Demo
ACCOUNT INFO
  login:    10012425443
  server:   MetaQuotes-Demo
  currency: USD
  balance:  3197.14
  equity:   3197.14
  margin:   0.0  free: 3197.14  level: 0.0
  profit (floating): 0.0
  leverage: 1:100
  trade_allowed: True
OPEN POSITIONS: none
BACKEND PUSH: ok
========================================================================
{"timestamp": "2026-09-09T15:21:00.399796+00:00", "level": "INFO", "logger": "collector.runner", "message": "snapshot cycle complete", "context": {"mt5_connected": true, "open_positions": 0, "push_ok": true}}
========================================================================
CONNECTION STATUS: UP | broker link: UP | server: MetaQuotes-Demo
ACCOUNT INFO
  login:    10012425443
  server:   MetaQuotes-Demo
  currency: USD
  balance:  3197.14
  equity:   3197.14
  margin:   0.0  free: 3197.14  level: 0.0
  profit (floating): 0.0
  leverage: 1:100
  trade_allowed: True
OPEN POSITIONS: none
BACKEND PUSH: ok
========================================================================
{"timestamp": "2026-09-09T15:21:10.804588+00:00", "level": "INFO", "logger": "collector.runner", "message": "snapshot cycle complete", "context": {"mt5_connected": true, "open_positions": 0, "push_ok": true}}
========================================================================
CONNECTION STATUS: UP | broker link: UP | server: MetaQuotes-Demo
ACCOUNT INFO
  login:    10012425443
  server:   MetaQuotes-Demo
  currency: USD
  balance:  3197.14
  equity:   3197.14
  margin:   0.0  free: 3197.14  level: 0.0
  profit (floating): 0.0
  leverage: 1:100
  trade_allowed: True
OPEN POSITIONS: none
BACKEND PUSH: ok
========================================================================
{"timestamp": "2026-09-09T15:21:21.215668+00:00", "level": "INFO", "logger": "collector.runner", "message": "snapshot cycle complete", "context": {"mt5_connected": true, "open_positions": 0, "push_ok": true}}
========================================================================
CONNECTION STATUS: UP | broker link: UP | server: MetaQuotes-Demo
ACCOUNT INFO
  login:    10012425443
  server:   MetaQuotes-Demo
  currency: USD
  balance:  3197.14
  equity:   3197.14
  margin:   0.0  free: 3197.14  level: 0.0
  profit (floating): 0.0
  leverage: 1:100
  trade_allowed: True
OPEN POSITIONS: none
BACKEND PUSH: ok
========================================================================
{"timestamp": "2026-09-09T15:21:31.611521+00:00", "level": "INFO", "logger": "collector.runner", "message": "snapshot cycle complete", "context": {"mt5_connected": true, "open_positions": 0, "push_ok": true}}
========================================================================
CONNECTION STATUS: UP | broker link: UP | server: MetaQuotes-Demo
ACCOUNT INFO
  login:    10012425443
  server:   MetaQuotes-Demo
  currency: USD
  balance:  3197.14
  equity:   3197.14
  margin:   0.0  free: 3197.14  level: 0.0
  profit (floating): 0.0
  leverage: 1:100
  trade_allowed: True
OPEN POSITIONS: none
BACKEND PUSH: ok
========================================================================
{"timestamp": "2026-09-09T15:21:42.480556+00:00", "level": "INFO", "logger": "collector.runner", "message": "snapshot cycle complete", "context": {"mt5_connected": true, "open_positions": 0, "push_ok": true}}
{"timestamp": "2026-09-09T15:21:43.313802+00:00", "level": "INFO", "logger": "collector.runner", "message": "trade sync pushed", "context": {"date_from": "2026-09-09T15:15:39.282000+00:00", "deals_sent": 0, "trades_created": 0, "trades_updated": 0}}
RECENT DEALS (last 90d): none
========================================================================
CONNECTION STATUS: UP | broker link: UP | server: MetaQuotes-Demo
ACCOUNT INFO
  login:    10012425443
  server:   MetaQuotes-Demo
  currency: USD
  balance:  3197.14
  equity:   3197.14
  margin:   0.0  free: 3197.14  level: 0.0
  profit (floating): 0.0
  leverage: 1:100
  trade_allowed: True
OPEN POSITIONS: none
BACKEND PUSH: ok
========================================================================
{"timestamp": "2026-09-09T15:21:53.751082+00:00", "level": "INFO", "logger": "collector.runner", "message": "snapshot cycle complete", "context": {"mt5_connected": true, "open_positions": 0, "push_ok": true}}
========================================================================
CONNECTION STATUS: UP | broker link: UP | server: MetaQuotes-Demo
ACCOUNT INFO
  login:    10012425443
  server:   MetaQuotes-Demo
  currency: USD
  balance:  3197.14
  equity:   3197.14
  margin:   0.0  free: 3197.14  level: 0.0
  profit (floating): 0.0
  leverage: 1:100
  trade_allowed: True
OPEN POSITIONS: none
BACKEND PUSH: ok
========================================================================
{"timestamp": "2026-09-09T15:22:04.201476+00:00", "level": "INFO", "logger": "collector.runner", "message": "snapshot cycle complete", "context": {"mt5_connected": true, "open_positions": 0, "push_ok": true}}
========================================================================
CONNECTION STATUS: UP | broker link: UP | server: MetaQuotes-Demo
ACCOUNT INFO
  login:    10012425443
  server:   MetaQuotes-Demo
  currency: USD
  balance:  3197.14
  equity:   3197.14
  margin:   0.0  free: 3197.14  level: 0.0
  profit (floating): 0.0
  leverage: 1:100
  trade_allowed: True
OPEN POSITIONS: none
BACKEND PUSH: ok
========================================================================
{"timestamp": "2026-09-09T15:22:15.398534+00:00", "level": "INFO", "logger": "collector.runner", "message": "snapshot cycle complete", "context": {"mt5_connected": true, "open_positions": 0, "push_ok": true}}
{"timestamp": "2026-09-09T15:22:29.345293+00:00", "level": "INFO", "logger": "collector.runner", "message": "connected to MT5 terminal"}
========================================================================
CONNECTION STATUS: UP | broker link: UP | server: MetaQuotes-Demo
ACCOUNT INFO
  login:    10012425443
  server:   MetaQuotes-Demo
  currency: USD
  balance:  3197.14
  equity:   3197.14
  margin:   0.0  free: 3197.14  level: 0.0
  profit (floating): 0.0
  leverage: 1:100
  trade_allowed: True
OPEN POSITIONS: none
BACKEND PUSH: ok
========================================================================
{"timestamp": "2026-09-09T15:22:30.568055+00:00", "level": "INFO", "logger": "collector.runner", "message": "snapshot cycle complete", "context": {"mt5_connected": true, "open_positions": 0, "push_ok": true}}
========================================================================
CONNECTION STATUS: UP | broker link: UP | server: MetaQuotes-Demo
ACCOUNT INFO
  login:    10012425443
  server:   MetaQuotes-Demo
  currency: USD
  balance:  3197.14
  equity:   3197.14
  margin:   0.0  free: 3197.14  level: 0.0
  profit (floating): 0.0
  leverage: 1:100
  trade_allowed: True
OPEN POSITIONS: none
BACKEND PUSH: ok
========================================================================
{"timestamp": "2026-09-09T15:22:41.004528+00:00", "level": "INFO", "logger": "collector.runner", "message": "snapshot cycle complete", "context": {"mt5_connected": true, "open_positions": 0, "push_ok": true}}
========================================================================
CONNECTION STATUS: UP | broker link: UP | server: MetaQuotes-Demo
ACCOUNT INFO
  login:    10012425443
  server:   MetaQuotes-Demo
  currency: USD
  balance:  3197.14
  equity:   3197.14
  margin:   0.0  free: 3197.14  level: 0.0
  profit (floating): 0.0
  leverage: 1:100
  trade_allowed: True
OPEN POSITIONS: none
BACKEND PUSH: ok
========================================================================
{"timestamp": "2026-09-09T15:22:51.456110+00:00", "level": "INFO", "logger": "collector.runner", "message": "snapshot cycle complete", "context": {"mt5_connected": true, "open_positions": 0, "push_ok": true}}
{"timestamp": "2026-09-09T15:22:51.961231+00:00", "level": "INFO", "logger": "collector.runner", "message": "trade sync pushed", "context": {"date_from": "2026-09-09T15:16:42.826000+00:00", "deals_sent": 0, "trades_created": 0, "trades_updated": 0}}
